7656,,,,
city,latitude,longitude,address,services
Aberdeen Maryland 21001,39.5105,-76.163044,Maryland House Travel Plaza,breakfast
Aberdeen Washington 98520,46.9742,-123.835649,Safeway - Aberdeen #1546,drive thru;breakfast;cold brew
Aberdeen Washington 98520,46.975875,-123.815964,1202 Wishkah St- Aberdeen,cold brew;24/7;drive thru;breakfast
Aberdeen Washington 98520,46.975875,-123.815964,Grays Harbor Haggens,24/7;cold brew;breakfast;drive thru
Abilene Texas 79605,32.43412,-99.771529,Albertsons-Abilene #4237,cold brew;breakfast
Abilene Texas 79606,32.427571,-99.786302,Buffalo Gap - Hwy. 83,breakfast
Abingdon Maryland 21009,39.471783,-76.301785,Target Abingdon T-1871,drive thru;24/7;cold brew
Absecon New Jersey 08205,39.474419,-74.473297,Galloway,breakfast;cold brew;drive thru
Accokeek Maryland 20607,38.660021,-77.021138,Manokeek,cold brew;drive thru
Ada Michigan 49301,42.966823,-85.490355,D - W-Woody's Market-Ada,24/7
Addison Texas 75001,32.953051,-96.850468,Beltline - Marsh,breakfast;drive thru;cold brew
Addison Texas 75001,32.95732,-96.838469,Tom Thumb-Addison #2643,24/7;cold brew;breakfast
Addison Texas 75240,32.93321,-96.789519,Quorum One,cold brew;breakfast;drive thru
Agoura Hills California 91301,34.14351,-118.760189,Vons-Agoura Hills #2001,24/7
Aiken South Carolina 29803,33.48782,-81.717549,Kroger-Aiken #675,cold brew
Airmont New York 10901,41.110934,-74.098598,Suffern Airmont,24/7;breakfast;cold brew
Ajax Ontario L1Z 1G1,43.860323,-79.008279,Durham   Chapters   Ajax,24/7;cold brew
Akron Ohio 443101806,32.696117,-88.519501,Chapel Hill Mall Kiosk,drive thru;breakfast
Akron Ohio 44312,41.03182,-81.436558,Coventry Township  Arlington Rd,drive thru;cold brew
Akron Ohio 44313,41.12265,-81.56988,Akron - West Market - Sand rd,cold brew;24/7;breakfast
Akron Ohio 44313,41.16204,-81.575625,Summit Mall,cold brew;drive thru;24/7;breakfast
Akron Ohio 44325,41.084192,-81.514052,U of Akron - Student Union,breakfast;cold brew
Akron Ohio 44333,41.187355,-81.636389,Fairlawn,drive thru;24/7;breakfast;cold brew
Alameda California 94501,37.756586,-122.252322,South Shore Shopping Center,breakfast;24/7;drive thru;cold brew
Alameda California 94501,37.770605,-122.260079,Safeway - Alameda #2708,cold brew;breakfast;24/7;drive thru
Alameda California 94501,37.77105,-122.262819,Albertsons-Alameda #7031,cold brew;24/7
Alameda California 94501,37.77105,-122.262819,Park Street - Central - Alameda,24/7;drive thru;cold brew;breakfast
Alameda California 94501,37.77105,-122.262819,Webster - Atlantic - Alameda,cold brew;drive thru;24/7
Alamo California 94507,37.855535,-122.015918,Las Trampas - Danville- Alamo,cold brew;breakfast;24/7;drive thru
Alamo California 94507,37.855535,-122.015918,Safeway-Alamo #962,breakfast;24/7;cold brew;drive thru
Alamosa Colorado 81101,37.47201,-105.872909,Safeway-Alamosa #1681,24/7;cold brew;breakfast;drive thru
Albany California 94706,37.890545,-122.294019,Target Albany T-1926,breakfast;24/7;cold brew
Albany Georgia 31702,31.58076,-84.155989,Phoebe Putney Memorial Hospital,breakfast;cold brew
Albany Georgia 31707,31.58992,-84.197488,Phoebe Putney Medical Building,cold brew;breakfast;24/7
Albany New York 12203,42.682465,-73.838559,Stuyvesant Plaza,24/7;breakfast;drive thru;cold brew
Albany New York 12205,42.720765,-73.836524,Wolfe Road,24/7
Albany New York 12207,42.65727,-73.749474,North Pearl Street  COB,drive thru
Albany Oregon 97321,44.639301,-123.114428,Fred Meyer Santiam - Albany,cold brew;24/7;drive thru
Albany Oregon 97321,44.639301,-123.114428,Safeway-Albany #1659,24/7;breakfast
Albert Lea Minnesota 56007,43.64733,-93.368709,Albert Lea-E M Frontage Rd-Prospect,breakfast
Albuquerque New Mexico 87102,35.084155,-106.648629,Hyatt Regency Alburquerque,drive thru;24/7;breakfast;cold brew
Albuquerque New Mexico 87104,35.105616,-106.684154,Rio Grande Blvd. - I-40,cold brew;drive thru;breakfast
Albuquerque New Mexico 87106,35.079913,-106.606912,3400 Central Avenue,24/7;drive thru;cold brew
Albuquerque New Mexico 87107,35.130235,-106.613664,I-25 - Montano,drive thru
Albuquerque New Mexico 871084726,35.084129,-106.648628,Gibson - Palomas  Albuquerque,breakfast;cold brew;drive thru;24/7
Albuquerque New Mexico 87109,35.084155,-106.648629,San Pedro - Montgomery,drive thru;breakfast
Albuquerque New Mexico 87109,35.104046,-106.727058,Market Place at Journal Center,breakfast;24/7;drive thru
Albuquerque New Mexico 87109,35.15458,-106.568719,Target Albuquerque T-2031,24/7;breakfast
Albuquerque New Mexico 87109,35.174138,-106.561069,Paseo Del Norte - San Pedro  Albuqu,breakfast;24/7;cold brew;drive thru
Albuquerque New Mexico 871093562,35.08366,-106.636543,San Mateo - I-25  Albuquerque,cold brew
Albuquerque New Mexico 87110,35.101622,-106.57946,I-40 - San Mateo,cold brew;24/7;drive thru
Albuquerque New Mexico 87111,35.130827,-106.531589,9821 Montgomery Blvd.,cold brew
Albuquerque New Mexico 87112,35.10375,-106.515539,Juan Tabo,cold brew;24/7;breakfast
Albuquerque New Mexico 87112,35.11538,-106.533314,Eubank - Candelaria  Albuquerque,cold brew;drive thru;breakfast;24/7
Albuquerque New Mexico 871144088,35.198086,-106.651299,Coors Blvd. - Seven Bar Loop,drive thru;cold brew
Albuquerque New Mexico 87120,35.13686,-106.709299,Coors Road - Montano,cold brew;24/7
Albuquerque New Mexico 87120,35.13686,-106.709299,Quail - Coors,drive thru
Albuquerque New Mexico 87120,35.159103,-106.692413,Paseo - Golf Course Rd.,breakfast;24/7
Albuquerque New Mexico 87122,35.176305,-106.559789,Wyoming - Paseo del Norte,24/7
Albuquerque New Mexico 87123,35.069415,-106.509028,Four Hills - Albuquerque,breakfast
Albuquerque New Mexico 87123,35.084155,-106.648629,Wyoming - Academy - New Mexico,breakfast;cold brew
Albuquerque New Mexico 87131,35.084154,-106.648624,U of NM - Zimmerman Library,drive thru;breakfast;cold brew;24/7
Albuquerque New Mexico 87131,35.084155,-106.648629,U of NM - Bookstore,24/7
Aldie Virginia 20105,38.933731,-77.567866,Harris Teeter-Chantilly Dulles S #2,24/7;breakfast
Alexandria Louisiana 71301,31.291182,-92.461183,Albertsons-Alexandria #2715,breakfast;drive thru
Alexandria Virginia 22301,38.82126,-77.063159,Potomac Yards,24/7;breakfast
Alexandria Virginia 22302,38.820255,-77.050559,DCA - Wash Nat'l-Reagan-Level 1,cold brew;drive thru
Alexandria Virginia 22302,38.82821,-77.084959,Bradlee Center,breakfast
Alexandria Virginia 22302,38.82821,-77.084959,Target Skyline T-1893,cold brew;24/7
Alexandria Virginia 22306,38.764479,-77.077426,Mt. Vernon Plaza,drive thru;24/7;breakfast;cold brew
Alexandria Virginia 22306,38.77162,-77.069934,Beacon Mall,cold brew;breakfast;drive thru
Alexandria Virginia 22309,38.725854,-77.107278,Safeway-Alexandria #1283,24/7;cold brew
Alexandria Virginia 223115800,38.804581,-77.043083,Mark Shops,breakfast;drive thru
Alexandria Virginia 22312,38.826967,-77.167407,Pinecrest,drive thru
Alexandria Virginia 22314,38.805605,-77.051089,King - Union,breakfast
Alexandria Virginia 22314,38.81577,-77.044609,North Washington Center,drive thru
Alexandria Virginia 22315,38.759539,-77.148551,Safeway-Alexandria #1847,cold brew
Alexandria Virginia 22331,38.804565,-77.043079,Hoffman,drive thru
Algonquin Illinois 60102,42.162871,-88.309761,Super Target Algonquin ST-1801,breakfast;drive thru
Alhambra California 91801,34.078545,-118.122464,Valley - Almansor  Alhambra,drive thru;24/7;breakfast
Alhambra California 91801,34.099355,-118.131184,Main - 1st - Alhambra,24/7
Alhambra California 918015115,34.093689,-118.127289,Garfield - Valley  Alhambra,drive thru;breakfast;cold brew;24/7
Alhambra California 91803,34.07293,-118.145444,Fremont Ave - Mission Rd,breakfast
Aliso Viejo California 92653,33.601723,-117.690361,Aliso Viejo,cold brew;24/7;drive thru
Allen Park Michigan 48101,42.228335,-83.229864,Allen Park,24/7;breakfast
Allen Park Michigan 48101,42.256859,-83.213079,Target Allen Park T-2033,cold brew
Allen Texas 75002,33.09701,-96.631044,Kroger-Allen #544,drive thru;cold brew;breakfast
Allen Texas 75013,33.101735,-96.672599,McDermott - Central Exprwy,cold brew;breakfast;drive thru
Allen Texas 75013,33.113085,-96.672339,Hwy 75 - Bethany,drive thru;24/7
Aloha Oregon 97006,45.494012,-122.868626,Tanasbourne,breakfast;cold brew;drive thru
Alpharetta Georgia 30004,34.06619,-84.309407,Kroger-Alpharetta #415,24/7;drive thru;cold brew
Alpharetta Georgia 30004,34.06619,-84.309407,Kroger-Alpharetta #444,drive thru;24/7;breakfast
Alpharetta Georgia 30004,34.06619,-84.309407,Kroger-Alpharetta #495,cold brew;drive thru;24/7;breakfast
Alpharetta Georgia 30004,34.11526,-84.288929,Bethany - Hwy 9,24/7;breakfast
Alpharetta Georgia 30004,34.156372,-84.223822,Windward Pkwy  Hwy 9,24/7;cold brew
Alpharetta Georgia 30005,34.063602,-84.219095,Old Milton Pkwy  State Bridge,breakfast;cold brew;24/7;drive thru
Alpharetta Georgia 300057449,34.075371,-84.294533,The Terraces  Winward,24/7;breakfast;drive thru
Alpharetta Georgia 30022,34.021318,-84.268527,Alpharetta Crossing,breakfast;drive thru
Alpharetta Georgia 30022,34.021318,-84.268527,Haynes Bridge Village,drive thru;breakfast
Alpharetta Georgia 30022,34.021318,-84.268527,Holcomb Br.  Barnwell,drive thru;breakfast
Alpharetta Georgia 30022,34.021318,-84.268527,Northpoint Mall,breakfast;24/7;cold brew;drive thru
Alpharetta Georgia 30022,34.031041,-84.251146,Alpharetta Barnes - Noble,24/7;breakfast;drive thru;cold brew
Alpharetta Georgia 300223006,34.036324,-84.343643,Target Alpharetta T-970,cold brew;24/7;drive thru;breakfast
Alpharetta Georgia 30201,34.040285,-84.331259,Mansell Point,cold brew;drive thru;breakfast
Altamonte Springs Florida 32714,28.673515,-81.396828,434 - Orange,24/7;drive thru;breakfast
Altoona Iowa 50317,41.60989,-93.553642,Target-Altoona T-1939,drive thru;breakfast
Amarillo Texas 791064602,35.259117,-101.81086,Albertsons-Amarillo #4203,breakfast;drive thru;cold brew;24/7
Amarillo Texas 79109,35.207255,-101.833894,Georgia St. - Austin,cold brew;24/7;breakfast;drive thru
Amarillo Texas 79124,35.191425,-101.939469,Soncy Rd - I-40,cold brew
American Canyon California 94503,38.171385,-122.25249,Safeway-American Canyon #1883,drive thru;breakfast
American Canyon California 94503,38.201414,-122.25606,American Canyon - Highway 29,drive thru;cold brew
American Fork Utah 84003,40.37782,-111.797479,American Fork-Salt Lake,drive thru
Ames Iowa 50010,42.035695,-93.614739,Hy Vee Foods-Ames #2,24/7
Ames Iowa 50014,42.02567,-93.664849,Hy Vee Foods-Ames #1,cold brew;drive thru;breakfast
Amherst Massachusetts 01002,42.391071,-72.411889,Amherst,24/7;drive thru
Amherst New York 14221,42.96513,-78.675329,Williamsville Place,breakfast;cold brew
Amherst New York 14226,42.97839,-78.799989,University Plaza,drive thru;cold brew;breakfast;24/7
Amherst New York 14228,43.022327,-78.796889,The Commons  Buffalo Univ.,cold brew;breakfast
Amherst New York 14228,43.029705,-78.799314,Niagara Blvd,cold brew;breakfast
Amherst Ohio 44001,41.40929,-82.238999,Middle Ridge Travel Plaza,drive thru;24/7;breakfast
Amherst Ohio 44001,41.40929,-82.238999,Vermillion Valley,drive thru
Anacortes Washington 98221,48.49381,-122.632879,Food Pavilion - Anacortes,breakfast;24/7;drive thru;cold brew
Anacortes Washington 98221,48.49381,-122.632879,Safeway-Anacortes #593,drive thru;24/7;cold brew
Anacortes Washington 98221,48.508615,-122.622809,Commercial - 17th Anacortes,cold brew
Anaheim California 92801,33.851225,-117.941779,Euclid - Crescent  Anaheim,24/7;breakfast
Anaheim California 92802,33.80794,-117.924889,Hilton - Anaheim Hotel Lobby,breakfast;drive thru;cold brew;24/7
Anaheim California 92802,33.83157,-117.941494,Anaheim Marriott Hotel,cold brew;drive thru;breakfast;24/7
Anaheim California 928045314,33.838299,-117.940102,Brookhurst - Ball  Anaheim,drive thru;24/7;breakfast
Anaheim California 92805,33.83276,-117.915719,Stadium Crossings - Anaheim,24/7;cold brew;drive thru;breakfast
Anaheim California 92807,33.850585,-117.836517,Tustin - 91 Fwy  Anaheim,cold brew;breakfast;24/7
Anaheim California 928081102,33.840321,-117.779022,Vons-Anaheim Hills #2216,cold brew;24/7;drive thru
Anaheim Hills California 92807,33.849531,-117.790234,Vons-Anaheim #2103,drive thru;cold brew
Anaheim Hills California 92807,33.850619,-117.778751,Anaheim Hills,cold brew;drive thru;breakfast;24/7
Anaheim Hills California 928073229,33.86869,-117.749062,Santa Ana Canyon - Imperial Hwy  An,24/7
Anaheim Hills California 92808,33.858189,-117.742738,Sycamore Canyon Plaza - Anaheim Hil,24/7;drive thru;breakfast
Anaheim Hills California 928081249,33.864227,-117.745041,Weir Canyon - Monte Vista,cold brew
Ancaster Ontario L9K 1L5,43.224699,-79.947892,Meadowlands   Chapters,cold brew;drive thru;breakfast
Anchorage Alaska 995084283,42.834995,-85.475739,Fred Meyer - Anchorage #11,drive thru
Anchorage Alaska 995151400,42.834995,-85.475739,Fred Meyer - Anchorage (Dimond) #71,24/7;breakfast;drive thru
Anderson Indiana 46013,40.071582,-85.655996,43rd - Scatterfield,24/7;breakfast;cold brew;drive thru
Andover Massachusetts 01810,42.667855,-71.168871,Andover,drive thru
Andover Minnesota 55304,45.250532,-93.287409,Target Andover T-2025,drive thru;cold brew;breakfast;24/7
Angels Camp California 95221,38.080485,-120.556119,Hwy 4 - Hwy 49 - Angels Camp,24/7;cold brew;drive thru
Ankeny Iowa 50021,41.731855,-93.585489,Ankeny-Delaware - Shurfine,cold brew;breakfast;24/7;drive thru
Ankeny Iowa 50021,41.731855,-93.585489,Super Target Ankeny ST-1767,breakfast;cold brew;24/7
Ankeny Iowa 500211761,41.697807,-93.612259,Hy Vee Foods-Ankeny #1022,breakfast
Ann Arbor Michigan 48103,42.213355,-83.797384,S. University,cold brew;drive thru
Ann Arbor Michigan 48103,42.296105,-83.820709,Kroger-Ann Arbor #688,drive thru;breakfast;cold brew
Ann Arbor Michigan 48103,42.296105,-83.820709,Meijer-Ann Arbor #64,breakfast
Ann Arbor Michigan 48104,42.254355,-83.739659,State - Liberty,drive thru;breakfast;24/7;cold brew
Ann Arbor Michigan 48104,42.281875,-83.748479,Ann Arbor  Main - Liberty,drive thru
Ann Arbor Michigan 48104,42.281875,-83.748479,Arborland Relocation,cold brew;24/7;breakfast
Ann Arbor Michigan 48104,42.281875,-83.748479,Marshall Fields-Briarwood Mall,drive thru;cold brew;breakfast;24/7
Ann Arbor Michigan 481052469,42.281872,-83.748459,Kroger-Ann Arbor #605,breakfast;cold brew;24/7;drive thru
Ann Arbor Michigan 48108,42.22964,-83.727699,Briarwood Mall Kiosk,drive thru;breakfast
Annandale Virginia 22003,38.81228,-77.184184,Bradlick Shopping Center,24/7;drive thru;breakfast;cold brew
Annandale Virginia 22003,38.84258,-77.199484,Safeway - Annandale #1588,cold brew
Annapolis Maryland 21041,39.26873,-76.799439,Safeway-Annapolis #2629,drive thru;breakfast
Annapolis Maryland 21401,38.9767,-76.489934,Annapolis Harbour,cold brew;24/7;drive thru;breakfast
Annapolis Maryland 21401,38.9767,-76.489934,Annapolis Mall Kiosk,24/7;drive thru;cold brew
Annapolis Maryland 21401,38.97724,-76.485244,Dock Street (Annapolis),drive thru
Annapolis Maryland 21401,38.98836,-76.547994,Safeway-Annapolis #1460,cold brew;24/7
Anthem Arizona 85086,33.84123,-112.113133,Safeway-Anthem #1726,breakfast;24/7;cold brew;drive thru
Anthem Arizona 850860416,33.856014,-112.144234,Anthem - I-17  Anthem,24/7;cold brew
Antioch California 94509,38.012495,-121.842364,Antioch,24/7
Antioch California 94509,38.018135,-121.751509,Safeway-Antioch #1259,breakfast;drive thru
Antioch California 94531,37.969629,-121.775885,Lone Tree - Slatten Ranch - Antioch,breakfast;cold brew;24/7
Antioch Tennessee 37013,36.047906,-86.653049,Bell Rd - Hickory Hollow,24/7;cold brew
Antioch Tennessee 37013,36.05365,-86.641359,Target Antioch T-145,breakfast
Apex North Carolina 275028061,35.732601,-78.853203,Super Target Apex ST-1932,breakfast;cold brew
Apex North Carolina 27539,35.67713,-78.780557,Harris Teeter-Apex #58,drive thru
Apopka Florida 32703,28.673105,-81.499989,US 441 - Hiawassee Rd,cold brew;24/7;breakfast
Apple Valley California 923072938,34.539932,-117.272346,Rancheras - Hwy 18  Apple Valley,breakfast;24/7;cold brew;drive thru
Apple Valley California 92308,34.448681,-117.183579,Target Apple Valley T-939,breakfast
Apple Valley Minnesota 55124,44.731821,-93.225264,Apple Valley - Cedar - CR 42,cold brew;24/7
Apple Valley Minnesota 55124,44.74409,-93.20305,Super Target Apple Valley ST-643,24/7;drive thru;breakfast;cold brew
Appleton Wisconsin 54911,44.280845,-88.415794,Appleton-College Avenue,breakfast;cold brew;24/7
Appleton Wisconsin 54913,44.368615,-88.415249,Appleton West-Wisconsin Ave.,drive thru;24/7;cold brew
Appleton Wisconsin 54915,44.232959,-88.380454,Appleton-Hwy 441 - Calumet,drive thru;breakfast;cold brew;24/7
Aptos California 95003,36.978077,-121.892341,Safeway-Aptos #640,drive thru;cold brew;breakfast;24/7
Aptos California 95033,36.975547,-121.892184,Soquel - Trout Gulch - Aptos,24/7;drive thru;breakfast
Arcadia California 91006,34.105089,-118.017219,Arcadia,breakfast
Arcadia California 91006,34.13402,-118.028229,Albertsons-Arcadia #6561,drive thru
Arcadia California 91006,34.140015,-118.02352,300 E. Huntington Dr. - Arcadia,24/7;cold brew;breakfast
Arcadia California 91007,34.127102,-118.057613,Vons - Arcadia #3208,breakfast;24/7;drive thru
Arden North Carolina 28704,35.459452,-82.55078,Ingles-Arden #130,breakfast;24/7;drive thru
Ardmore Pennsylvania 19003,40.006895,-75.285266,Suburban Square,cold brew;drive thru;breakfast;24/7
Ardsley New York 105020625,41.00367,-73.833755,Ardsley,drive thru
Arlington Heights Illinois 60005,42.07155,-87.990324,Downtown Arlington Heights,breakfast
Arlington Heights Illinois 60006,42.13801,-87.995949,Arlington Heights,breakfast
Arlington Massachusetts 02174,42.416295,-71.156764,Mass. Ave.  Arlington,cold brew;24/7;drive thru;breakfast
Arlington Massachusetts 02474,42.40398,-71.147259,Arlington,24/7;drive thru;cold brew
Arlington Ohio 43221,40.024735,-83.082489,Kroger - Upper Arlington #328,24/7
Arlington Texas 76011,32.763059,-97.097009,Collins - Green Oaks (Arlington),breakfast;drive thru;24/7
Arlington Texas 76012,32.753273,-97.13914,Randol Mill - Fielder,cold brew;drive thru;24/7;breakfast
Arlington Texas 76013,32.724277,-97.202724,Tom Thumb-Arlington #3617,drive thru;cold brew
Arlington Texas 76015,32.686479,-97.131347,Super Target Arlington ST-1339,24/7;breakfast
Arlington Texas 76015,32.69173,-97.128948,Parks Mall at Arlington,breakfast
Arlington Texas 76015,32.69173,-97.128948,South Arlington,drive thru
Arlington Texas 76016,32.677442,-97.199998,Little Rd - Office Park,drive thru
Arlington Texas 76016,32.688111,-97.190089,Albertsons-Arlington #4142,drive thru;cold brew
Arlington Texas 76017,32.66278,-97.134299,Cooper - Green Oaks,cold brew;breakfast;drive thru;24/7
Arlington Texas 76017,32.66278,-97.134299,S Cooper - Bardin,drive thru;breakfast
Arlington Texas 76017,32.7356,-97.107719,Matlock - Bardin,24/7;cold brew;breakfast
Arlington Virginia 22201,38.88619,-77.094319,The Market Common,drive thru;breakfast
Arlington Virginia 22201,38.896785,-77.095229,Spout Run,drive thru;24/7;breakfast
Arlington Virginia 22202,38.85525,-77.057604,Crowne Plaza Reagan National Airpor,breakfast;cold brew
Arlington Virginia 22202,38.855595,-77.060449,Crystal City,drive thru;24/7;breakfast;cold brew
Arlington Virginia 22202,38.855595,-77.060449,Crystal Park III,cold brew;24/7
Arlington Virginia 22202,38.855595,-77.060449,Marriott Crystal Gateway,breakfast;cold brew;drive thru
Arlington Virginia 22202,38.855595,-77.060449,Pentagon Centre,24/7;drive thru;breakfast;cold brew
Arlington Virginia 22202,38.855595,-77.060449,Pentagon Row,cold brew;drive thru;24/7;breakfast
Arlington Virginia 22202,38.862049,-77.061768,The Fashion Centre at Pentagon City,breakfast;24/7;cold brew
Arlington Virginia 22203,38.868455,-77.113139,Ballston Commons,cold brew;drive thru;24/7;breakfast
Arlington Virginia 22203,38.868455,-77.113139,Ballston Metro Center,24/7;cold brew;drive thru;breakfast
Arlington Virginia 22203,38.868455,-77.113139,Virginia Square Metro,24/7
Arlington Virginia 22203,38.868455,-77.113139,Westin Arlington Lobby,breakfast;cold brew;drive thru
Arlington Virginia 22205,38.87514,-77.133144,Lee Harrison S C,cold brew;drive thru
Arlington Virginia 22207,38.904431,-77.126062,Safeway-Arlington #4007,breakfast
Arlington Virginia 22207,38.904431,-77.126062,Safeway-Arlington #764,drive thru;24/7;cold brew;breakfast
Arlington Virginia 22209,38.889022,-77.078845,Safeway-Arlington #1048,drive thru;cold brew;24/7
Arlington Virginia 22209,38.89183,-77.079689,International Place,cold brew;breakfast
Arlington Washington 98223,48.17889,-122.193669,Smokey Point,drive thru;cold brew;24/7
Arlington Washington 98223,48.187179,-122.10183,Safeway - Arlington #534,drive thru
Arlington Washington 98223,48.187179,-122.10183,Safeway-Arlington #1522,cold brew;breakfast
Arroyo Grande California 93420,35.120945,-120.608779,Grand - Courtland  Arroyo Grande,24/7;drive thru
Arroyo Grande California 93420,35.134604,-120.53269,West Branch - Rancho Parkway,drive thru;cold brew;24/7;breakfast
Artesia California 907014002,33.86042,-118.079712,Pioneer - Artesia  Artesia,breakfast;24/7
Arvada Colorado 80002,39.795781,-105.101633,Super Target Arvada ST-2021,drive thru
Arvada Colorado 80003,39.816456,-105.057968,66th - Wadsworth-Arvada,24/7;cold brew
Arvada Colorado 80003,39.82616,-105.064909,Safeway-Arvada #1998,cold brew;drive thru
Arvada Colorado 80004,39.812545,-105.158544,64th - Ward,24/7;cold brew;breakfast
Arvada Colorado 80004,39.81485,-105.123704,Albertsons-Arvada #893,cold brew;breakfast;drive thru
Arvada Colorado 80004,39.81485,-105.123704,Safeway-Arvada #1107,drive thru;breakfast
Arvada Colorado 80005,39.84201,-105.120114,80th - Wadsworth,drive thru;breakfast;cold brew;24/7
Arvada Colorado 80007,39.794125,-105.144669,55th - Wadsworth,cold brew;24/7;breakfast
Ashburn Virginia 20147,39.036214,-77.511577,Ashburn Farm S C,24/7;breakfast;cold brew
Ashburn Virginia 20147,39.041592,-77.485162,Harris Teeter-Ashburn #242,breakfast;24/7;drive thru
Ashburn Virginia 20147,39.050419,-77.474548,Ashburn Village,drive thru
Ashburn Virginia 20147,39.05475,-77.481514,Safeway-Ashburn #2650,breakfast;drive thru;24/7;cold brew
Ashburn Virginia 20147,39.060345,-77.471029,Ashbrook Commons,drive thru;cold brew
Ashburn Virginia 20148,39.024619,-77.507983,Broadlands,drive thru
Asheville North Carolina 28801,35.596361,-82.555167,Target Asheville T-2011,24/7;breakfast
Asheville North Carolina 28801,35.610875,-82.545814,Charlotte St.,drive thru;24/7
Asheville North Carolina 28803,35.517415,-82.524814,Parkway Centre,drive thru;breakfast
Asheville North Carolina 28803,35.532827,-82.528025,Biltmore Village,drive thru;24/7;cold brew;breakfast
Asheville North Carolina 28804,35.6396,-82.564203,Ingles-Asheville#3,breakfast;drive thru
Ashland Ohio 44805,40.870085,-82.298625,TA - Ashland,drive thru
Ashland Oregon 97520,42.0717,-122.615019,Ashland,cold brew;drive thru;breakfast;24/7
Ashland Oregon 97520,42.17422,-122.669339,Siskiyou - Madrona,breakfast;cold brew;drive thru;24/7
Ashland Oregon 97520,42.210868,-122.57036,Albertsons-Ashland #573,drive thru;cold brew
Aspen Colorado 81611,39.19944,-106.835721,Intrawest - Aspen,breakfast;cold brew;drive thru;24/7
Astoria New York 111033911,40.768391,-73.911301,Steinway Street,cold brew;breakfast;drive thru
Astoria New York 11105,40.77449,-73.904069,Astoria Ditmars,24/7;cold brew;breakfast
Astoria New York 11106,40.762112,-73.932408,Kaufman Studios,cold brew;24/7;breakfast
Astoria Oregon 97103,46.187016,-123.853824,Safeway-Astoria #2627,cold brew;24/7;breakfast;drive thru
Atascadero California 93422,35.459315,-120.642984,El Camino Real - Morro  Atascadero,breakfast
Atascadero California 93422,35.47839,-120.66876,Albertsons-Atascadero #1690 6390,drive thru;breakfast;24/7
Athens Georgia 30601,33.973985,-83.324379,Athens,drive thru
Athens Ohio 45701,39.317364,-82.101517,Kroger-Athens #901,24/7
Atlanta Georgia 30303,33.748315,-84.391109,Atlanta Merchandise Mart,cold brew
Atlanta Georgia 30303,33.748315,-84.391109,Equitable,breakfast
Atlanta Georgia 30303,33.754397,-84.389912,Westin Peachtree Plaza - Lobby,24/7
Atlanta Georgia 30303,33.758674,-84.394737,CNN Center,drive thru;breakfast
Atlanta Georgia 30305,33.837963,-84.374963,Buckhead (B-N),24/7;drive thru;cold brew
Atlanta Georgia 30305,33.839255,-84.380029,Disco Kroger,24/7
Atlanta Georgia 30305,33.839255,-84.380029,Peachtree Battle,cold brew
Atlanta Georgia 30306,33.779605,-84.335351,Virginia Highlands,drive thru;breakfast;24/7;cold brew
Atlanta Georgia 30307,33.755545,-84.359979,Emory Village,24/7;cold brew;breakfast;drive thru
Atlanta Georgia 30307,33.755545,-84.359979,Little Five Points,breakfast
Atlanta Georgia 30307,33.76723,-84.339369,Kroger - Atlanta #461,breakfast;cold brew;drive thru
Atlanta Georgia 30307,33.76723,-84.339369,Target Edgewood T-1964,cold brew;drive thru;breakfast
Atlanta Georgia 30308,33.771275,-84.380929,Georgia Tech - Student Union (B-N),cold brew;drive thru
Atlanta Georgia 30308,33.778138,-84.384153,867 Peachtree,drive thru;cold brew
Atlanta Georgia 30309,33.786522,-84.386711,21 14th Street,cold brew;drive thru;breakfast
Atlanta Georgia 30318,33.79101,-84.405032,Peachtree  17th,breakfast;24/7;drive thru
Atlanta Georgia 30319,33.872075,-84.326904,Brookhaven,cold brew;drive thru
Atlanta Georgia 30319,33.872075,-84.326904,Cambridge Square,breakfast;drive thru;24/7;cold brew
Atlanta Georgia 30320,33.63962,-84.442609,ATL - Atlanta BF-1  Gate B28,drive thru;24/7
Atlanta Georgia 30320,33.63962,-84.442609,ATL - Atlanta Conc E,drive thru;breakfast;cold brew
Atlanta Georgia 30320,33.63962,-84.442609,ATL - Atlanta DF-2  Gate D30,drive thru
Atlanta Georgia 30320,33.63962,-84.442609,ATL - Atlanta TF-3  Gate T12,cold brew
Atlanta Georgia 30320,33.63962,-84.442609,ATL - Atlanta Term 3 Simply Books,breakfast
Atlanta Georgia 30320,33.63962,-84.442609,ATL - Concourse A  Gate 2,24/7
Atlanta Georgia 30320,33.767229,-84.316173,ATL - Atlanta TF-10 at Gate T3,cold brew;breakfast;24/7
Atlanta Georgia 30320,33.774898,-84.343282,ATL - Concourse D  Gate 8,24/7;drive thru
Atlanta Georgia 30324,33.79683,-84.368759,Ansley Mall,cold brew;drive thru;breakfast
Atlanta Georgia 30324,33.82091,-84.356729,Kroger - Atlanta #298,24/7
Atlanta Georgia 30326,33.849698,-84.362756,Lenox Kiosk,drive thru;cold brew;24/7;breakfast
Atlanta Georgia 30326,33.852236,-84.364013,Lenox Rd.  Peachtree Rd. (Fed),cold brew;drive thru;breakfast;24/7
Atlanta Georgia 30326,33.852325,-84.365529,Atlanta Financial Center,24/7;drive thru;cold brew
Atlanta Georgia 30327,33.849541,-84.424299,West Paces Ferry,drive thru;24/7;cold brew
Atlanta Georgia 30328,33.92463,-84.379089,Roswell Road,24/7;breakfast;drive thru
Atlanta Georgia 30328,33.932389,-84.376371,Kroger-Atlanta #467,cold brew
Atlanta Georgia 30329,33.748315,-84.391109,Briarcliff - LaVista,24/7;drive thru
Atlanta Georgia 30329,33.825809,-84.32334,North Druid - LaVista,drive thru;breakfast
Atlanta Georgia 30331,33.756069,-84.515691,Cascade Road (UCO),24/7;breakfast;drive thru;cold brew
Atlanta Georgia 30338,33.944094,-84.333974,Dunwoody,drive thru;cold brew;breakfast;24/7
Atlanta Georgia 30339,33.841004,-84.470632,Vinings,cold brew
Atlanta Georgia 30339,33.86635,-84.466164,Cumberland Mall,breakfast;drive thru;cold brew;24/7
Atlanta Georgia 30342,33.852028,-84.363397,Phipps Plaza,drive thru;24/7;breakfast;cold brew
Atlanta Georgia 30342,33.857237,-84.381922,Roswell Rd.  Chastain,drive thru;breakfast;cold brew;24/7
Atlanta Georgia 30342,33.88482,-84.371249,Kroger-Atlanta #350,24/7
Atlanta Georgia 30342,33.912512,-84.385971,Roswell Rd  I-285,24/7;cold brew
Atlanta Georgia 30346,33.925679,-84.339605,Super Target Atlanta ST-2036,breakfast;cold brew
Atlanta Georgia 30350,33.97703,-84.338119,Perimeter Point Shopping Center,drive thru;breakfast
Atlanta Georgia 30350,33.990543,-84.343641,Dunwoody Place,drive thru;breakfast;24/7
Atlantic Beach Florida 32233,30.33163,-81.402733,Shoppes of North Shore,cold brew
Atlantic City New Jersey 08401,39.362705,-74.426454,Atlantic City  The Walk,24/7;cold brew
Atlantic City New Jersey 08401,39.362705,-74.426454,Trump Plaza - Boardwalk,breakfast
Atlantic City New Jersey 08401,39.37843,-74.433125,The Borgata,24/7;cold brew;breakfast
Atlantic City New Jersey 18401,39.362705,-74.426454,Tropicana Food Court,24/7
Atlantic City New Jersey 184017599,39.36272,-74.42646,Showboat Casino Elevator Lobby,drive thru;24/7;breakfast;cold brew
Auburn California 95603,38.896205,-121.078869,Auburn Town Center,cold brew
Auburn California 95603,38.902842,-121.055639,Bell - Highway 49 - Auburn,drive thru
Auburn California 95603,38.92724,-121.010222,Lincoln - Foresthill - Auburn,drive thru;24/7;breakfast;cold brew
Auburn Hills Michigan 48326,42.640259,-83.221012,Meijer-Auburn Hills #185,24/7;drive thru;cold brew;breakfast
Auburn Hills Michigan 48326,42.650261,-83.238515,Baldwin - I-75,drive thru;breakfast
Auburn Hills Michigan 48326,42.678235,-83.251364,Walton - Squirrel,breakfast;cold brew;24/7
Auburn Maine 04210,44.122933,-70.244147,Auburn,cold brew
Auburn Massachusetts 01501,42.196208,-71.833923,Auburn Centre,cold brew
Auburn Washington 98001,47.296293,-122.245654,1102 Supermall Way,cold brew;24/7
Auburn Washington 98002,47.28189,-122.224041,Auburn Fred Meyer,24/7;cold brew;breakfast
Auburn Washington 98002,47.30421,-122.216164,Albertsons-Auburn #483,cold brew;drive thru;24/7
Auburn Washington 98002,47.30421,-122.216164,Albertsons-Auburn #491,24/7;breakfast;cold brew
Auburn Washington 98002,47.30421,-122.216164,Safeway-Auburn #531,24/7
Auburn Washington 98092,47.291696,-122.095078,Lakeland Town Center,breakfast;24/7;drive thru
Augusta Georgia 30907,33.482398,-82.131386,I-20 - Washington,cold brew;breakfast;drive thru;24/7
Aurora Colorado 80010,39.73919,-104.859974,Safeway-Aurora #139,24/7;breakfast
Aurora Colorado 80011,39.740275,-104.737114,Colfax - Chambers-Aurora (UCO),drive thru
Aurora Colorado 80011,39.74278,-104.804279,Albertsons-Aurora #841,24/7;breakfast;drive thru;cold brew
Aurora Colorado 80012,39.6981,-104.837839,Safeway-Aurora #2612,breakfast;24/7;drive thru
Aurora Colorado 80012,39.6981,-104.837839,Super Target Aurora ST-1471,drive thru;breakfast
Aurora Colorado 80012,39.702943,-104.828721,I-225 - Alameda-Aurora,breakfast;cold brew
Aurora Colorado 80012,39.708709,-104.812649,Hampden Ave - Tower- Aurora,24/7;breakfast
Aurora Colorado 80012,39.710345,-104.865989,Havana - Mississipi,cold brew;drive thru;24/7
Aurora Colorado 80013,39.65883,-104.778074,King Soopers-Aurora #128,24/7;drive thru
Aurora Colorado 80013,39.65883,-104.778074,Safeway-Aurora #1928,drive thru;24/7
Aurora Colorado 80013,39.679681,-104.767787,Iliff - Buckley,cold brew;breakfast;drive thru;24/7
Aurora Colorado 80014,39.664007,-104.858495,Parker - Peoria-Aurora,drive thru;cold brew;24/7
Aurora Colorado 80014,39.666695,-104.836099,King Soopers-Aurora #39,24/7;breakfast;drive thru
Aurora Colorado 80015,39.60509,-104.728919,Smoky - Himalaya,24/7
Aurora Colorado 80015,39.63373,-104.810404,Chambers - Smoky Hill-Aurora,drive thru
Aurora Colorado 800152470,39.691071,-104.865898,Albertsons-Aurora #888,breakfast;24/7;cold brew;drive thru
Aurora Colorado 80016,39.59441,-104.731473,Albertsons-Aurora #899,drive thru;cold brew
Aurora Colorado 80016,39.59441,-104.731473,Parker Rd. - Arapahoe,breakfast;drive thru;24/7;cold brew
Aurora Colorado 80016,39.59441,-104.731473,Safeway-Centennial #1974,breakfast
Aurora Colorado 80237,39.63872,-104.899979,Super Target Aurora ST-1976,24/7;breakfast;drive thru
Aurora Illinois 60504,41.74515,-88.231754,Aurora-Fox Valley Mall,24/7;breakfast;cold brew;drive thru
Aurora Illinois 60504,41.74515,-88.231754,Chicago Premium Outlets,breakfast;cold brew
Aurora Illinois 60504,41.74515,-88.231754,Rose Plaza   Aurora,cold brew;breakfast
Aurora Illinois 60504,41.747308,-88.243749,Dominick's-Aurora #4161,cold brew
Aurora Illinois 60504,41.781338,-88.238892,Jewell Osco-Aurora #3201,cold brew;24/7;drive thru;breakfast
Aurora Illinois 60506,41.77008,-88.355779,West Aurora-Orchard - Indian Trail,breakfast;cold brew;drive thru
Aurora Ohio 44202,41.345845,-81.396109,Aurora,drive thru
Aurora Ontario L4G 3W3,44.00914,-79.475289,St. Andrews,breakfast
Austell Georgia 30106,33.835059,-84.624273,E-W Connector - Floyd Rd,breakfast;drive thru;cold brew
Austin Texas 78701,30.26716,-97.742561,10th - Congress,drive thru;cold brew;breakfast
Austin Texas 78701,30.26716,-97.742561,15th - San Antonio,breakfast
Austin Texas 78701,30.267605,-97.742984,One American Center,drive thru
Austin Texas 78701,30.27195,-97.742089,Radisson Hotel - Suites- Austin,cold brew;breakfast;24/7;drive thru
Austin Texas 78701,30.27857,-97.750739,5th - Lamar,breakfast;drive thru;cold brew
Austin Texas 78703,30.267605,-97.742984,45th - N. Lamar,cold brew;drive thru
Austin Texas 78703,30.2909,-97.764269,Casis Village,breakfast
Austin Texas 78704,30.224273,-97.746998,Oltorf - I-35,24/7;breakfast
Austin Texas 78704,30.237995,-97.754234,S. Congress - Academy,cold brew;drive thru
Austin Texas 78704,30.239485,-97.788109,S. Lamar - Ben White Blvd.,breakfast
Austin Texas 78705,30.28172,-97.741929,38th - Guadalupe,24/7;drive thru;cold brew;breakfast
Austin Texas 78705,30.288595,-97.744194,W.24th - Nueces (White House),breakfast
Austin Texas 78717,30.49895,-97.760359,Super Target Austin NW ST-1797,drive thru;breakfast
Austin Texas 78727,30.416024,-97.686321,Parmer - Metric,breakfast;drive thru
Austin Texas 78729,30.440375,-97.751449,Parmer - McNeil,breakfast;drive thru
Austin Texas 78731,30.337108,-97.756719,Northland - Balcones,cold brew
Austin Texas 78731,30.34438,-97.764879,Randalls-Austin #2482,24/7
Austin Texas 78731,30.358895,-97.764859,Far West Blvd. - Hart Ln.,24/7;cold brew;breakfast
Austin Texas 78732,30.372189,-97.897096,Target Four Points T-1953,cold brew;drive thru
Austin Texas 78734,30.35672,-97.95909,Lakeway Blvd. - Ranch Rd. 620,breakfast;drive thru;cold brew
Austin Texas 78735,30.252236,-97.866334,William Cannon - Mopac,cold brew
Austin Texas 78738,30.300408,-97.929597,Bee Cave - 71,drive thru;24/7;cold brew
Austin Texas 78745,30.192798,-97.778227,William Cannon - Westgate,breakfast;24/7
Austin Texas 78745,30.207242,-97.798688,Albertsons-Austin #4093,breakfast;drive thru
Austin Texas 78745,30.224595,-97.811844,Sunset Valley Marketfair,drive thru;24/7;breakfast;cold brew
Austin Texas 78746,30.276188,-97.787939,Bee Caves Village at Westlake (B-N),24/7
Austin Texas 78746,30.276188,-97.787939,Westbank Market,breakfast;24/7;cold brew;drive thru
Austin Texas 78746,30.291453,-97.805888,S. Lamar - Collier,drive thru;cold brew
Austin Texas 787466600,30.26758,-97.742973,Randalls-Austin #2477,breakfast
Austin Texas 78749,30.215777,-97.858864,Target Austin T-1061,cold brew;24/7;drive thru;breakfast
Austin Texas 78750,30.442463,-97.784645,Hwy 183 - Lake Creek,breakfast;drive thru;24/7;cold brew
Austin Texas 78750,30.448795,-97.790527,Hwy 183 - Anderson Mill Rd.,breakfast;cold brew;24/7
Austin Texas 78753,30.377043,-97.676048,Super Target Austin ST-1817,24/7
Austin Texas 78757,30.368675,-97.728811,Rockwood - Anderson,24/7
Austin Texas 78759,30.391316,-97.752227,Arboretum  Market,24/7;drive thru;breakfast;cold brew
Austin Texas 78759,30.397539,-97.746574,Hwy 183 - Braker Ln (Randalls),cold brew;breakfast;24/7
Austintown Ohio 44515,41.130284,-80.743424,Austintown I-80,breakfast
Aventura Florida 33180,25.945129,-80.147417,18299 Biscayne Blvd,cold brew;24/7
Aventura Florida 33180,25.95691,-80.146379,Aventura Mall,drive thru;cold brew;24/7
Aventura Florida 33242,25.728981,-80.237419,Aventura Mall Phase II,breakfast;drive thru
Avon Colorado 81620,39.603561,-106.517811,Beaver Creek 1,24/7;cold brew
Avon Colorado 81620,39.631124,-106.523491,25 Hurd Lane - Avon,24/7;drive thru;cold brew;breakfast
Avon Colorado 81620,39.631252,-106.523438,City Market-Avon CO #426,breakfast
Avon Connecticut 06001,41.810717,-72.836038,Avon Marketplace,cold brew;24/7
Avon Indiana 46123,39.762875,-86.393299,Super Target Avon ST-1788,drive thru;24/7;breakfast
Avon Indiana 46123,39.762875,-86.393299,Tremont - Raceway,drive thru;cold brew
Avondale Arizona 85323,33.459859,-112.289967,Indian School - 107 Ave  Avondale,breakfast;drive thru;cold brew;24/7
Avondale Arizona 853234858,33.440498,-112.34964,Mc Dowell - 99th  Avondale,drive thru;cold brew;24/7;breakfast
Avondale Arizona 853236812,33.435528,-112.306419,115th Ave. - Buckeye  Avondale,drive thru;cold brew
Azusa California 917022740,34.133621,-117.905586,Alosta - Barranca  Azusa,24/7;drive thru;breakfast;cold brew
Bainbridge Island Washington 98110,47.643131,-122.531899,Safeway-Bainbridge Island #1252,breakfast;cold brew;drive thru
Baker California 92309,35.269729,-116.068068,Baker - Mojave Pointe  Baker,24/7;drive thru
Baker City Oregon 97814,44.788739,-117.7828,Safeway-Baker City #4381,24/7;cold brew;drive thru;breakfast
Bakersfield California 93301,35.38814,-119.011774,Panama - Colony  Bakersfield,drive thru;breakfast;cold brew;24/7
Bakersfield California 93301,35.391454,-119.018649,Chester - California  Bakersfield,drive thru;24/7;cold brew;breakfast
Bakersfield California 933012310,35.354256,-119.01635,24th - L Street  Bakersfield,cold brew;drive thru;24/7
Bakersfield California 93304,35.352725,-119.003069,Ming - Hwy 99  Bakersfield,cold brew;drive thru
Bakersfield California 933062701,35.36697,-119.01886,Oswell - Auburn  Bakersfield,cold brew;24/7;breakfast
Bakersfield California 933062900,35.355843,-118.967751,Mt Vernon - Hwy 178  Bakersfield,breakfast
Bakersfield California 93308,35.412338,-119.073669,Olive - Knudsen  Bakersfield,breakfast
Bakersfield California 93308,35.457164,-119.01884,Coffee - Hageman - Bakersfield,breakfast;cold brew;drive thru
Bakersfield California 93309,35.366975,-119.018844,Stockdale Village - Bakersfield,24/7;drive thru;cold brew;breakfast
Bakersfield California 93311,35.267114,-119.096639,Bakersfield Marketplace,24/7;breakfast
Bakersfield California 93311,35.30526,-119.122889,Albertsons-Bakersfield #6325,drive thru;24/7
Bakersfield California 93311,35.30526,-119.122889,Vons - Bakersfield #2420,drive thru
Bakersfield California 93311,35.366975,-119.018844,Coffee - Stockdale Hwy  Bakersfield,breakfast
Bakersfield California 93312,35.38347,-119.144409,Rosedale - Calloway  Bakersfield,drive thru;cold brew;breakfast
Bakersfield California 93312,35.39588,-119.120209,Albertsons-Bakersfield #6377,drive thru;cold brew
Bakersfield California 933134993,35.36697,-119.01886,Gosford - Pacheco  Bakersfield,cold brew
Bala Cydwyd Pennsylvania 19004,40.012241,-75.231033,ACME - Philadelphia #7711,drive thru
Bala Cynwyd Pennsylvania 19004,39.999695,-75.234494,Bala Cynwyd,cold brew;drive thru
Balcones Heights Texas 78201,29.46752,-98.526039,Super Target Balcones Hts ST-1523,drive thru
Baldwin Park California 917065500,34.10363,-117.958351,Puente - The 10 Fwy  Baldwin Park,breakfast;24/7
Baldwin Park California 917065952,34.10363,-117.958351,Puente - Francisquito  Baldwin Park,cold brew
Ballwin Missouri 63011,38.59283,-90.559399,Manchester - Ries,24/7;cold brew
Baltimore Maryland 21201,39.290555,-76.609604,Baltimore Convention Center-Lobby,breakfast
Baltimore Maryland 21201,39.29533,-76.621979,Centerpointe,breakfast;cold brew;drive thru;24/7
Baltimore Maryland 21201,39.29533,-76.621979,Radisson Plaza Hotel Baltimore,drive thru;cold brew;breakfast
Baltimore Maryland 21202,39.290555,-76.609604,Gallery at Harborplace,breakfast;cold brew;drive thru
Baltimore Maryland 21202,39.290555,-76.609604,Harborplace,cold brew;24/7;breakfast
Baltimore Maryland 21208,39.37572,-76.724004,Woodholme,drive thru;cold brew;breakfast
Baltimore Maryland 21209,39.38106,-76.653624,Mount Washington Mill,cold brew;breakfast
Baltimore Maryland 21212,39.37571,-76.604564,Belvedere Square,drive thru;cold brew
Baltimore Maryland 21212,39.377235,-76.608849,York Road,breakfast;24/7;drive thru;cold brew
Baltimore Maryland 21212,39.378279,-76.643029,Woodbrook,drive thru
Baltimore Maryland 21224,39.298165,-76.517349,Safeway-Baltimore #1481,cold brew;breakfast;drive thru
Baltimore Maryland 21224,39.299455,-76.517343,Canton,cold brew;24/7;drive thru;breakfast
Baltimore Maryland 21236,39.37262,-76.473824,White Marsh Mall,drive thru;cold brew
Baltimore Maryland 21236,39.37964,-76.457254,Avenue at White Marsh,24/7;cold brew;breakfast
Bangor Maine 04401,44.80172,-68.770775,Target Bangor T-1855,24/7;drive thru;breakfast;cold brew
Bangor Maine 04401,44.835551,-68.743445,Bangor  Mall Blvd.,24/7;breakfast
Banning California 92220,33.92232,-116.899379,Albertsons-Banning #6512,drive thru;cold brew;breakfast
Banning California 922203708,33.925461,-116.875648,Ramsey - 22nd Street  Banning,cold brew;breakfast;24/7;drive thru
Bannockburn Illinois 60015,42.19396,-87.867039,Dominick's-Bannockburn #3109,breakfast;24/7
Barboursville West Virginia 25504,38.40711,-82.299359,Huntington Mall,cold brew
Barboursville West Virginia 25504,38.422364,-82.288528,Merritt Creek,cold brew;breakfast;drive thru
Barrie Ontario L4M 6E7,44.3893,-79.686324,Barrie   Chapters,cold brew
Barrie Ontario L4N 9J7,44.375039,-79.690477,Essa - Veterans - Barrie,drive thru
Barrington Illinois 60010,42.152855,-88.136044,Barrington II,drive thru;24/7;cold brew
Barrington Rhode Island 02806,41.740155,-71.308284,The Barrington Shopping Center,breakfast;drive thru
Barstow California 923113232,34.886189,-117.024757,Main - I-15  Barstow,24/7;cold brew;breakfast;drive thru
Barstow California 923119587,34.892921,-117.022888,2843 Lenwood Blvd. - Barstow,breakfast
Bartlett Illinois 60103,41.979628,-88.195719,Albertsons-Bartlett #3348,cold brew;breakfast
Bartlett Illinois 60103,41.988315,-88.181274,Bartlett,24/7;breakfast
Bartlett Tennessee 38134,35.204735,-89.849409,Stage  Kirby,24/7
Basking  Ridge New Jersey 07920,40.706148,-74.548119,Bernards-Riverwalk,cold brew
Batavia Illinois 605109209,41.840168,-88.313835,Target Batavia T-839,breakfast;drive thru;cold brew;24/7
Baton Rouge Louisiana 70808,30.408524,-91.144847,Corporate Blvd. - Energy Blvd.,24/7
Baton Rouge Louisiana 70808,30.416644,-91.130254,College - Bennington,drive thru
Baton Rouge Louisiana 70808,30.44342,-91.186874,Albertsons-Baton Rouge #2711,breakfast;24/7;drive thru;cold brew
Baton Rouge Louisiana 70809,30.399901,-91.07902,Super Target Baton Rouge ST-1369,24/7;breakfast
Baton Rouge Louisiana 70809,30.43066,-91.110739,Corporate - Jefferson,cold brew
Baton Rouge Louisiana 70810,30.380164,-91.099418,Siegen - Perkins,cold brew;drive thru
Baton Rouge Louisiana 70816,30.399225,-91.054149,Sherwood Forest - Lake Sherwood,cold brew;24/7;drive thru
Baton Rouge Louisiana 70816,30.42537,-91.036959,Super Target Baton Rouge ST-2089,breakfast;24/7;drive thru;cold brew
Baton Rouge Louisiana 70817,30.359984,-91.007157,Airline - Highland,drive thru;24/7;cold brew;breakfast
Baton Rouge Louisiana 70826,30.44342,-91.186874,Albertsons-Baton Rouge #2792,breakfast;cold brew
Baton Rouge Louisiana 70826,30.44342,-91.186868,Albertsons - Baton Rouge #2792,cold brew;24/7;drive thru
Battle Ground Washington 98604,45.78091,-122.533674,Battleground,breakfast;24/7;cold brew;drive thru
Battle Ground Washington 98604,45.78091,-122.533674,Fred Meyer-Battleground,cold brew;breakfast;drive thru;24/7
Battle Ground Washington 98604,45.79133,-122.526749,Albertsons-Battle Ground #592,cold brew;24/7;drive thru
Bayside New York 11361,40.75857,-73.766015,215th St. - Northern Blvd.  Bayside,drive thru;cold brew;24/7
Baytown Texas 77521,29.728405,-94.996952,Garth Rd - West Baker,drive thru;24/7;breakfast
Baytown Texas 77521,29.78533,-94.971819,Target Baytown T-887,drive thru
Beachgrove Indiana 46107,39.715145,-86.101624,Sherman - Albany,24/7;breakfast;cold brew
Beachwood Ohio 44122,41.46455,-81.531469,Chagrin - Green,drive thru;cold brew;24/7;breakfast
Beachwood Ohio 441221184,41.492828,-81.512199,Beachwood Place,cold brew;drive thru
Beaumont California 922234704,33.930161,-116.97715,14th St. - Beaumont Ave  Beaumont,drive thru;24/7;cold brew
Beaumont Texas 77706,30.094653,-94.170073,Dowlen - Folsom,cold brew;24/7;breakfast
Beaumont Texas 77708,30.141669,-94.164279,Target Beaumont T-158,24/7;drive thru;breakfast;cold brew
Beavercreek Ohio 45431,39.781105,-84.121049,Mall at Fairfield Commons,drive thru;breakfast
Beavercreek Ohio 45434,39.718769,-84.035966,Kroger-Beavercreek #745,24/7
Beaverton Oregon 97005,45.484895,-122.796153,Beaverton Mall-Relocation,cold brew;drive thru;24/7;breakfast
Beaverton Oregon 97005,45.49092,-122.805683,Target Beaverton T-344,cold brew
Beaverton Oregon 97005,45.491041,-122.797733,117th - Canyon - Beaverton,24/7;breakfast
Beaverton Oregon 97006,45.494012,-122.868626,Tanasbourne Haggens,drive thru
Beaverton Oregon 970064944,45.485321,-122.796509,Walker Rd  Fred Meyer,24/7;breakfast
Beaverton Oregon 970079712,45.485321,-122.796509,Murray - Scholls,drive thru;cold brew
Beaverton Oregon 97077,45.484895,-122.796153,Tektronix,24/7;drive thru;breakfast
Beaverton Oregon 97224,45.408121,-122.7932,Safeway-Beaverton #2631,cold brew;drive thru;24/7;breakfast
Beckley West Virginia 25801,37.777592,-81.187647,Beckley Travel Plaza,breakfast;24/7;drive thru;cold brew
Bedford New Hampshire 03110,42.946,-71.528364,Target Bedford T-2009,24/7;drive thru
Bedford Pennsylvania 15522,39.99593,-78.521029,North Midway Travel Plaza,cold brew;drive thru;breakfast
Bedford Pennsylvania 15522,40.02403,-78.502314,PA Tpk South Midway TP,cold brew;24/7;breakfast;drive thru
Bedford Texas 76021,32.85346,-97.131964,Tom Thumb-Bedford #3555,drive thru;breakfast
Bedford Texas 76022,32.837135,-97.126929,Hwy 183 - Central Dr,24/7;cold brew
Bel Air Maryland 21014,39.527835,-76.353009,Bel Air,24/7;drive thru;cold brew
Bel Air Maryland 21014,39.547437,-76.317025,Amyclae,cold brew;24/7;breakfast
Bel Air Maryland 210144310,39.533699,-76.34729,Target BWI Bel Air T-1002,drive thru;cold brew
Bel Air Maryland 21015,39.529391,-76.308443,Safeway - Bel Air #1652,24/7
Bell California 90201,33.97039,-118.171824,Altantic - Florence  Bell (UCO),drive thru;cold brew;24/7;breakfast
Bell Gardens California 90201,33.99171,-118.161204,Eastern - Florence (UCO),drive thru;breakfast
Belle Isle Florida 32812,28.495105,-81.327789,Conway Rd - Hoffner,24/7;drive thru
Belle Vernon Pennsylvania 15012,40.165227,-79.772328,Belle Vernon,cold brew
Belleair Bluffs Florida 33770,27.91584,-82.800806,Albertsons-Belleair Bluffs #4308,24/7;cold brew
Belleville Ontario K8P 3E1,44.161045,-77.381899,Quinte Mall   Chapters,breakfast
Bellevue Nebraska 68123,41.119427,-95.934859,Bellevue-Hwy 75 - Cornhusker Rd,24/7;breakfast
Bellevue Nebraska 68123,41.120493,-95.952127,Dillon-Bellevue #300,24/7;breakfast;cold brew;drive thru
Bellevue Tennessee 37221,36.014965,-87.038373,Bellevue - Hwy 100,24/7;breakfast;drive thru;cold brew
Bellevue Washington 98004,47.586385,-122.200352,Bellevue,24/7
Bellevue Washington 98004,47.610258,-122.201668,3 Bellevue Cntr,24/7
Bellevue Washington 98004,47.616195,-122.201699,Bellevue Square,breakfast;drive thru;24/7
Bellevue Washington 98004,47.616195,-122.201699,Downtown - Bellevue,24/7
Bellevue Washington 98004,47.616195,-122.201699,QFC Bellevue #808,cold brew;24/7;drive thru
Bellevue Washington 98004,47.61928,-122.203759,City Center - Bellevue,breakfast;24/7
Bellevue Washington 98004,47.61928,-122.203759,Main St.-Bellevue Way,cold brew;drive thru
Bellevue Washington 98005,47.615507,-122.181169,Civica Office Building,drive thru;breakfast;24/7;cold brew
Bellevue Washington 98005,47.615507,-122.181169,Evergreen Village,24/7;drive thru;cold brew
Bellevue Washington 98005,47.618877,-122.182209,Larrys - Bellevue,cold brew;breakfast
Bellevue Washington 98005,47.618877,-122.182209,Safeway-Bellevue #490,24/7;cold brew;drive thru
Bellevue Washington 98006,47.568154,-122.156282,Lakemont   Bellevue,24/7;breakfast;cold brew;drive thru
Bellevue Washington 98006,47.568154,-122.156282,Loehmanns Plaza,24/7;breakfast
Bellevue Washington 98006,47.568154,-122.156282,Loehmanns Plaza II,drive thru;breakfast;cold brew;24/7
Bellevue Washington 98007,47.621785,-122.148364,Eastgate-Bellevue,cold brew;24/7
Bellevue Washington 98007,47.621785,-122.148364,Kelsey Creek,cold brew
Bellevue Washington 980073788,47.609451,-122.207314,Fred Meyer - Bellevue #23,cold brew
Bellevue Washington 98008,47.613355,-122.120599,Crossroads Drive-Thru,cold brew
Bellevue Washington 98008,47.618981,-122.129529,Crossroads,cold brew
Bellflower California 907066222,33.88274,-118.122261,Lakewood - Artesia  Bellflower,cold brew;breakfast
Bellingham Washington 98225,48.75235,-122.471219,Haggens Sehome,24/7;breakfast;cold brew
Bellingham Washington 98225,48.75235,-122.471219,Sehome Vlg II,drive thru
Bellingham Washington 98225,48.75617,-122.502049,Haggens - Bellingham,cold brew;24/7;breakfast
Bellingham Washington 98226,48.771095,-122.455424,Barkley Village,breakfast;24/7;cold brew;drive thru
Bellingham Washington 98226,48.80369,-122.352202,Bakerview-Bellingham,drive thru;breakfast;cold brew;24/7
Bellingham Washington 98226,48.80369,-122.352202,Barkley VillageII,drive thru
Bellingham Washington 98226,48.80369,-122.352202,Sunset Square,cold brew;breakfast
Bellingham Washington 98226,48.807133,-122.497821,Cordata Village,24/7;cold brew;drive thru
Bellingham Washington 982266295,39.62125,-84.154861,Fred Meyer - Bellingham #25,drive thru;cold brew
Belmont California 94002,37.51834,-122.276209,Belmont  N. California,drive thru;breakfast;24/7
Belmont California 94002,37.51834,-122.276209,Ralston - ElCamino - Belmont,24/7;cold brew;drive thru
Belmont California 94002,37.52734,-122.285802,Safeway-Belmont #1138,breakfast
Belmont Massachusetts 02178,42.396261,-71.177012,Belmont Cushing Sq,24/7
Belmont Massachusetts 02478,42.38446,-71.192409,Belmont,drive thru
Belvidere Illinois 61008,42.2641,-88.855209,Belvidere Travel Oasis Space K2,cold brew
Benbrook Texas 76126,32.68386,-97.449444,I-20 - Hwy. 377,24/7;drive thru;breakfast;cold brew
Bend Oregon 97701,44.05766,-121.315584,Downtown Bend,drive thru;breakfast;cold brew;24/7
Bend Oregon 97701,44.102935,-121.306289,Highway 20th E - 27th,cold brew;24/7;drive thru
Bend Oregon 97701,44.113798,-121.2873,Cascade Village - Bend,cold brew;drive thru;24/7
Bend Oregon 97702,44.013802,-121.293373,Century Dr - Simpson,cold brew
Bend Oregon 97702,44.013802,-121.293373,Safeway - Bend #1504,drive thru
Bend Oregon 97702,44.013802,-121.293373,Safeway-Bend #1888,24/7;cold brew;drive thru
Bend Oregon 97702,44.034515,-121.306664,Hwy 97-Reed Bend-FrdM,breakfast;24/7
Benicia California 94510,38.046261,-122.159413,Benicia,cold brew
Bensenville Illinois 60106,41.954135,-87.949079,Dominick's - Bensenville #1995,cold brew;24/7;breakfast
Bentonville Arkansas 72712,36.39205,-94.220971,Hwy 71B - 14th St,cold brew;24/7;breakfast;drive thru
Berkeley California 94704,37.868927,-122.268084,2224 Shattuck - Berkeley,24/7;drive thru;cold brew;breakfast
Berkeley California 94704,37.870353,-122.266086,2128 Oxford St.,breakfast;24/7;cold brew
Berkeley California 94707,37.89105,-122.285089,Solano Avenue,drive thru
Berkeley California 94709,37.87878,-122.266299,Shattuck - Cedar - Berkeley,24/7;drive thru
Berlin Berlin 10718,39.799831,-74.961807,Hackesche Hofe,24/7;drive thru
Berlin New Jersey 08009,39.795923,-74.932334,ShopRite-West Berlin #531,cold brew;breakfast;drive thru
Bernalillo New Mexico 870045967,35.304485,-106.549179,Hwy 550 - NM 313  Bernalillo,24/7;cold brew;drive thru;breakfast
Bethel Park Pennsylvania 151022714,40.328384,-80.029755,South Park Shops,breakfast;cold brew;drive thru;24/7
Bethesda Maryland 20814,38.980694,-77.092695,7140 Wisconsin,drive thru
Bethesda Maryland 20814,38.98578,-77.087409,East-West Hwy.,24/7
Bethesda Maryland 20814,38.98818,-77.096151,7700 Norfolk Ave,24/7;drive thru;cold brew
Bethesda Maryland 20816,38.941795,-77.120764,Sumner Place,cold brew;drive thru;24/7;breakfast
Bethesda Maryland 20816,38.95903,-77.115267,Bethesda,breakfast;24/7
Bethesda Maryland 20816,38.95903,-77.115267,Safeway-Bethesda #1716,breakfast;cold brew;24/7;drive thru
Bethesda Maryland 20817,39.005309,-77.119577,Wildwood Center,24/7;drive thru
Bethpage New York 11714,40.742985,-73.477964,Bethpage  Stewart Avenue,drive thru;cold brew;breakfast
Bettendorf Iowa 52722,41.552961,-90.452401,Bettendorf-Middle - Kimberly,cold brew;drive thru
Beverly Hills California 90210,34.07292,-118.399809,Beverly Hills Triangle,breakfast;24/7;drive thru
Beverly Hills California 90210,34.093188,-118.41288,Beverly Drive,24/7;breakfast;drive thru
Beverly Hills California 90211,34.05936,-118.384159,Olympic Doheny,24/7;drive thru;cold brew;breakfast
Beverly Hills California 90211,34.06577,-118.381544,La Cienega - Gregory Way  Beverly H,breakfast;24/7
Beverly Hills California 90212,34.063615,-118.399119,South Beverly Drive,drive thru;24/7
Beverly Hills Michigan 48025,42.517385,-83.208784,Southfield - 13 Mile Rd,cold brew;drive thru
Beverly Massachusetts 01915,42.576815,-70.886134,Beverly,24/7;drive thru;breakfast
Bexley Ohio 43209,39.960265,-82.934614,Bexley,drive thru;24/7;breakfast;cold brew
Big Bear Lake California 92315,34.23978,-116.926219,Big Bear - Christmas Tree Lane  Big,cold brew;breakfast;drive thru
Big Bear Lake California 92315,34.24,-116.910294,Village - Paine  Big Bear Lake,drive thru;breakfast
Big Bear Lake California 92532,33.68535,-117.29258,Vons-Big Bear Lake #2374,drive thru
Billerica Massachusetts 01862,42.59612,-71.280979,Billerica,breakfast;cold brew
Billings Montana 59102,45.764622,-108.576332,Billings-Rimrock Mall,breakfast;24/7;cold brew
Billings Montana 59102,45.780615,-108.574349,Albertsons-Billings #2041,drive thru
Billings Montana 59102,45.780615,-108.574349,Target Billings T-171,breakfast
Billings Montana 59102,45.800352,-108.580777,Billings-Rimrock Kiosk,cold brew;breakfast
Birch Run Michigan 48415,43.25003,-83.861109,Birch Run,breakfast;24/7;cold brew;drive thru
Birmingham Alabama 35202,33.520289,-86.8115,Saint Vincents Hospital,drive thru;24/7;breakfast
Birmingham Alabama 35205,33.520295,-86.811504,Munger Bldg,drive thru;cold brew
Birmingham Alabama 35213,33.50342,-86.756939,Church at Euclid,24/7;drive thru;cold brew;breakfast
Birmingham Alabama 35242,33.36994,-86.664689,Hwy 280 - Hwy 119,breakfast;cold brew;drive thru;24/7
Birmingham Alabama 35242,33.42064,-86.678684,Super Target Birmingham ST-1772,24/7;breakfast;cold brew;drive thru
Birmingham Alabama 35244,33.349951,-86.872052,Hwy 150 - I-459 FLY,breakfast;24/7;cold brew;drive thru
Birmingham Michigan 48009,42.535245,-83.221664,Kroger-Birmingham #685,breakfast
Bishop California 93514,37.400223,-118.433305,Safeway-Bishop #1753,breakfast;cold brew;24/7
Bishop California 935142405,37.366711,-118.395348,Main - Sierra  Bishop,breakfast;drive thru;cold brew
Blackhawk Colorado 80422,39.800864,-105.491407,Mountain High Casino,24/7
Blacksburg Virginia 24060,37.213875,-80.392411,Blacksburg,cold brew;drive thru;24/7;breakfast
Blacksburg Virginia 24060,37.226295,-80.416269,Kent Square,drive thru;24/7;cold brew
Blaine Minnesota 55434,45.128601,-93.260162,Blaine-Northtown Mall,drive thru
Blaine Minnesota 55434,45.15897,-93.252029,Blaine-125th - Central,24/7;drive thru;breakfast;cold brew
Blaine Minnesota 55449,45.17111,-93.208049,Super Target Blaine ST-1832,cold brew;breakfast
Blasdell New York 14219,42.779135,-78.857889,Hamburg,breakfast;cold brew
Bloomfield Hills Michigan 48301,42.549775,-83.263949,Maple - Lahser,drive thru;24/7;breakfast;cold brew
Bloomfield Hills Michigan 48304,42.55665,-83.221534,Woodward - Square Lake,breakfast;drive thru
Bloomfield Michigan 48303,42.584216,-83.242446,Bloomfield Twsp-LongLake-Telegraph,drive thru;breakfast
Bloomingdale Illinois 60108,41.94346,-88.080509,Bloomingdale,cold brew;breakfast;24/7
Bloomingdale Illinois 60108,41.951448,-88.114503,Stratford Square Mall,cold brew;24/7
Bloomingdale Illinois 60108,41.957735,-88.096829,Meijer-Bloomingdale #198,24/7;cold brew;drive thru;breakfast
Bloomington Illinois 61704,40.466338,-88.954359,Bloomington-Veterans Pkwy - Washin,drive thru;cold brew
Bloomington Indiana 47401,39.12907,-86.499988,3rd St - 46 Bypass,drive thru;breakfast;24/7
Bloomington Indiana 47401,39.12907,-86.499988,Target Bloomington T-1878,24/7;cold brew
Bloomington Indiana 474016177,39.166592,-86.534241,Kroger-Bloomington #928,24/7
Bloomington Indiana 47404,39.16448,-86.571749,SR 48 - SR 37  Bloomington,24/7;drive thru
Bloomington Indiana 47408,39.166489,-86.526932,Indiana University,drive thru;cold brew;24/7
Bloomington Minnesota 55420,44.826351,-93.278069,98th - Lyndale-Bloomington,cold brew;drive thru
Bloomington Minnesota 55425,44.852265,-93.243929,Mall of America,cold brew;drive thru
Bloomington Minnesota 55425,44.852265,-93.243929,Mall of America II,cold brew
Bloomington Minnesota 55431,44.860895,-93.301799,Southtown,drive thru;breakfast;24/7;cold brew
Bloomington Minnesota 55431,44.862035,-93.311172,Target Bloomington T-5,breakfast;24/7;cold brew
Blue Ash Ohio 45242,39.218715,-84.385509,Blue Ash - Kenwood,breakfast;cold brew;drive thru
Blue Jay California 92317,34.246649,-117.209448,Jensen's Finest Foods-Blue Jay,cold brew
Blue Springs Missouri 64014,38.97439,-94.274187,Hwy 7 - I-70,breakfast;24/7;drive thru;cold brew
Bluffton South Carolina 29910,32.259596,-80.868607,Bluffton,breakfast;drive thru
Blythe California 92225,33.602767,-114.615219,Albertsons-Blythe #6587,drive thru;24/7
Blythe California 922251514,33.61039,-114.598839,Hobsonway - Lovekin  Blythe,24/7
Boca Raton Florida 33431,26.371811,-80.101334,Florida Atlantic University,cold brew;24/7;drive thru;breakfast
Boca Raton Florida 33431,26.39407,-80.131334,Glades Plaza,breakfast;cold brew
Boca Raton Florida 33432,26.34847,-80.084399,Mizner Park,drive thru;breakfast
Boca Raton Florida 33432,26.373052,-80.076649,2521 Federal Hwy.,24/7
Boca Raton Florida 33433,26.350565,-80.131469,Palmetto Park - Powerline,breakfast
Boca Raton Florida 33434,26.368665,-80.166525,7777 Glades Road,breakfast;drive thru;24/7
Boca Raton Florida 33434,26.381259,-80.158959,Shadowood Square,cold brew
Boca Raton Florida 33434,26.38155,-80.165118,Yamato Rd - Congress Ave,cold brew;breakfast
Boca Raton Florida 33486,26.3536,-80.103354,Shoppes at Boca Center,cold brew;breakfast;24/7;drive thru
Boise Idaho 83702,43.60698,-116.193409,Capital - Idaho,breakfast
Boise Idaho 83702,43.664471,-116.164627,17th - State Boise,drive thru
Boise Idaho 837024040,43.586048,-116.183182,Albertsons-Boise #101,24/7
Boise Idaho 83703,43.65188,-116.242164,Albertsons-Boise #189,breakfast
Boise Idaho 83704,43.605475,-116.274224,Boise Towne Square,breakfast;drive thru;24/7;cold brew
Boise Idaho 83704,43.605475,-116.274224,Fairview-Milwaukee Boi,drive thru;24/7
Boise Idaho 83704,43.605475,-116.274224,Franklin Towne Plaza Boise,cold brew
Boise Idaho 83705,43.58439,-116.226049,Albertsons-Boise #193,breakfast
Boise Idaho 83705,43.58439,-116.226049,Capital Village,drive thru;cold brew;breakfast;24/7
Boise Idaho 83705,43.58439,-116.226049,Fred Meyer - Boise #613,24/7
Boise Idaho 837052634,43.586544,-116.183281,Albertsons-Boise #162,cold brew;breakfast;24/7;drive thru
Boise Idaho 83706,43.58208,-116.191039,Broadway Ave.-Belmont,cold brew;drive thru;breakfast
Boise Idaho 83706,43.58208,-116.191039,Fred Meyer - Boise #662,24/7;cold brew
Boise Idaho 83706,43.60452,-116.253664,Boise Avenue and Apple-ID,drive thru
Boise Idaho 837091330,43.606979,-116.19339,Five Mile - Overland   Fred Meyer,breakfast;cold brew;24/7
Boise Idaho 83713,43.63948,-116.334339,Albertsons-Boise #177,breakfast;cold brew
Boise Idaho 837135103,43.586365,-116.183548,Albertsons-Boise #161,cold brew;breakfast;drive thru;24/7
Boise Idaho 83716,43.638859,-116.055797,Albertsons-Boise #184,breakfast;24/7;cold brew;drive thru
Bolingbrook Illinois 60440,41.71422,-88.059884,Naper - Boughton,cold brew;24/7
Bolingbrook Illinois 60490,41.68062,-88.142219,Meijer-Bolingbrook #169,breakfast;cold brew;24/7;drive thru
Bonita California 919021701,32.673893,-117.017891,Bonita - Central  Bonita,24/7;cold brew;drive thru
Bonita Springs Florida 34134,26.35649,-81.857504,Promenade at Bonita Bay,breakfast;cold brew;24/7;drive thru
Bonney Lake Washington 98390,47.202205,-122.239999,Market at Lake Tapps Bonney Lake,cold brew;24/7;breakfast
Bonney Lake Washington 98390,47.203105,-122.232479,Albertsons-Bonney Lake #495,drive thru;cold brew;breakfast
Bonney Lake Washington 98390,47.203105,-122.232479,Fred Meyer - Bonney Lake #41,drive thru;24/7
Bonney Lake Washington 98390,47.203105,-122.232479,Safeway-Bonney Lake #544,breakfast;cold brew;24/7
Bonney Lake Washington 98390,47.203105,-122.232479,Target Bonney Lake T-1957,drive thru;breakfast;24/7;cold brew
Bordentown New Jersey 08505,40.14602,-74.711669,ACME-Bordentown #1083 7983,drive thru;cold brew
Bossier City Louisiana 71111,32.553679,-93.703879,Albertsons - Bossier City #4220,cold brew;drive thru
Bossier City Louisiana 71112,32.515205,-93.711044,I-20 - Airline,drive thru;cold brew;breakfast
Boston Massachusetts 02101,42.3601,-71.055819,Fanueil Hall,drive thru;cold brew;24/7;breakfast
Boston Massachusetts 02106,42.355695,-71.06108,12 Winter Street,drive thru;breakfast;24/7
Boston Massachusetts 02106,42.357719,-71.058978,27 School Street,24/7
Boston Massachusetts 02106,42.35846,-71.057539,Devonshire,cold brew;breakfast;24/7;drive thru
Boston Massachusetts 02108,42.35844,-71.068554,One Charles Street,drive thru;breakfast;24/7;cold brew
Boston Massachusetts 02108,42.35844,-71.068554,Steaming Kettle,drive thru;cold brew;breakfast;24/7
Boston Massachusetts 02109,42.358635,-71.056699,Boston Long Wharf Marriott,cold brew
Boston Massachusetts 02109,42.359037,-71.055848,84 State Street,drive thru;cold brew
Boston Massachusetts 02110,42.354695,-71.054845,211 Congress,24/7
Boston Massachusetts 02110,42.354949,-71.056446,Federal Street,cold brew;breakfast;24/7
Boston Massachusetts 02110,42.356665,-71.051369,One International Place,24/7
Boston Massachusetts 02110,42.358635,-71.056699,One Federal Bldg.,24/7;breakfast;drive thru
Boston Massachusetts 02110,42.358924,-71.050883,Two Atlantic Avenue,cold brew;breakfast;24/7
Boston Massachusetts 02111,42.358635,-71.056699,One Financial Center-Dewey Sq.,drive thru;24/7;breakfast
Boston Massachusetts 02114,42.360485,-71.070819,Charles Street,cold brew;drive thru;breakfast;24/7
Boston Massachusetts 02114,42.36115,-71.065314,Cambridge Street,breakfast;cold brew;drive thru
Boston Massachusetts 02115,42.349995,-71.087654,Childrens' Hospital,breakfast
Boston Massachusetts 02115,42.349995,-71.087654,Huntington Plaza,24/7;cold brew;breakfast
Boston Massachusetts 02115,42.349995,-71.087654,Mass Avenue at Havland,drive thru;24/7;breakfast;cold brew
Boston Massachusetts 02116,42.348199,-71.087121,350 Newbury,cold brew
Boston Massachusetts 02116,42.348642,-71.075707,441 Stuart Street,24/7
Boston Massachusetts 02116,42.34922,-71.080974,755 Boylston St,24/7;breakfast;cold brew;drive thru
Boston Massachusetts 02116,42.350782,-71.078568,165 Newbury,cold brew
Boston Massachusetts 02116,42.351563,-71.072842,443 Boylston Street,breakfast;24/7;drive thru
Boston Massachusetts 02116,42.352126,-71.066169,62 Boylston,cold brew;breakfast;24/7;drive thru
Boston Massachusetts 02116,42.3522,-71.066344,Boston TI #820,24/7
Boston Massachusetts 02116,42.358635,-71.056699,City Place - Boston,24/7;breakfast
Boston Massachusetts 02116,42.358635,-71.056699,Marriott Boston Copley-Mall Entrnc,24/7;cold brew;drive thru
Boston Massachusetts 02116,42.358635,-71.056699,Westin Hotel Copley,drive thru;cold brew;24/7
Boston Massachusetts 021181649,42.341808,-71.075684,Tremont-South End,breakfast;24/7;cold brew;drive thru
Boston Massachusetts 02125,42.312491,-71.058164,Target Dorchester T-1898,cold brew;24/7;drive thru;breakfast
Boston Massachusetts 02128,42.365,-71.033116,BOS Boston Logan Airport Term C,breakfast;drive thru;cold brew;24/7
Boston Massachusetts 02199,42.358635,-71.056699,Boston Sheraton - Main Lobby,cold brew;drive thru;24/7;breakfast
Boston Massachusetts 02210,42.35241,-71.054929,Manulife Financial,cold brew
Boston Massachusetts 02215,42.29401,-71.067469,Allston (Star Market),breakfast
Boston Massachusetts 02215,42.345925,-71.101124,George Sherman Union Bldg.,24/7
Boston Massachusetts 02215,42.358635,-71.056699,Beth Israel,drive thru;cold brew
Bothell Washington 98011,47.751258,-122.202209,QFC-Inglemore #838,drive thru;24/7
Bothell Washington 98011,47.752526,-122.219853,QFC - Bothell #819,breakfast
Bothell Washington 98011,47.76137,-122.205624,Bothell QFC,drive thru;cold brew
Bothell Washington 98011,47.771581,-122.186906,North Creek Plaza,breakfast
Bothell Washington 98021,47.795133,-122.190695,Canyon Park,drive thru;cold brew
Bothell Washington 98021,47.795133,-122.190695,Thrashers Crnr,drive thru
Boulder City Nevada 890051825,35.979774,-114.835876,Nevada Hwy - Buchanan,24/7;breakfast
Boulder Colorado 80301,40.04748,-105.220838,Safeway-Boulder #1615,breakfast
Boulder Colorado 80301,40.04748,-105.220838,Target Boulder T-64,drive thru;breakfast;cold brew;24/7
Boulder Colorado 80301,40.066333,-105.282178,28th - Pearl - Boulder,breakfast;drive thru;cold brew;24/7
Boulder Colorado 80302,40.01054,-105.276939,University and Broadway,drive thru;breakfast
Boulder Colorado 80302,40.059975,-105.407646,Safeway-Boulder #2919,drive thru;24/7;cold brew
Boulder Colorado 803026714,39.986912,-105.23188,Safeway-Boulder #2911,drive thru;breakfast;24/7;cold brew
Boulder Colorado 80304,40.018565,-105.276724,Pearl St. Mall,drive thru;breakfast;cold brew
Bourbonnais Illinois 609149303,41.154259,-87.877861,Target Bradley T-895,drive thru
Bowie Maryland 20715,38.981075,-76.756429,Bowie,24/7;drive thru;cold brew
Bowie Maryland 20716,38.93081,-76.729376,Safeway-Bowie #1804,cold brew
Bowie Maryland 20716,38.944616,-76.734137,Bowie Town Center,breakfast;cold brew
Bowling Green Kentucky 42103,36.896721,-86.381668,Hwy 231 - Bowling Green,cold brew
Bowling Green Ohio 434021346,41.375462,-83.650421,Kroger-Bowling Green #878,breakfast
Bowling Green Ohio 43403,41.37771,-83.634619,Bowling Green U - Student Union,cold brew;24/7;drive thru;breakfast
Bowmansville Pennsylvania 17507,40.19814,-76.017314,Bowmansville Travel Plaza,drive thru
Boynton Beach Florida 33426,26.535675,-80.090639,Boynton Beach Blvd - Congress Ave,breakfast;cold brew
Boynton Beach Florida 33437,26.52425,-80.152149,Super Target Boynton Beach ST-2067,breakfast;cold brew;24/7
Bradenton Florida 34207,27.462233,-82.575969,1401 Cortez Rd.,breakfast;cold brew;drive thru
Bradenton Florida 34210,27.45276,-82.628599,75th St - Cortez Rd,cold brew;breakfast;drive thru;24/7
Bradley Illinois 60915,41.16103,-87.851218,Bradley-Route 50,cold brew;24/7;drive thru
Brampton Ontario L6R 2K7,43.757156,-79.753586,Brampton Power Centre,cold brew;drive thru
Brampton Ontario L6V 2K2,43.70431,-79.761079,Brampton   Chapters,drive thru;24/7;cold brew
Brampton Ontario L6Y 4M3,43.684305,-79.758729,Longos Brampton,cold brew
Branchburg New Jersey 08876,40.570705,-74.619389,Branchburg,breakfast
Brandon Florida 33511,27.912934,-82.296769,Target Brandon T-812,24/7
Brandon Florida 33511,27.937667,-82.324889,Brandon Town Center,drive thru
Brandon Florida 33511,27.937667,-82.324889,Brandon Town Center Dr.,cold brew;breakfast;24/7
Branford Connecticut 06405,41.278886,-72.83388,Branford,24/7;cold brew
Branson Missouri 65616,36.64391,-93.206974,Music City Centre - Branson,breakfast
Branson Missouri 65616,36.646662,-93.247245,Target Branson T-2098,cold brew
Brea California 92821,33.917421,-117.888215,Birch Street Promenade,breakfast
Brea California 92821,33.917421,-117.888215,Brea Gateway,breakfast;24/7
Brea California 92821,33.917421,-117.888215,Brea II,24/7
Brea California 92821,33.92495,-117.892709,Albertsons-Brea #6141,24/7;cold brew;breakfast
Brea California 928236347,33.917419,-117.888191,Valencia - Imperial  Brea,24/7;drive thru;cold brew
Breckenridge Colorado 80424,39.475689,-106.04549,Main Street - Breckenridge,drive thru;cold brew;breakfast;24/7
Brecksville Ohio 44141,41.303735,-81.627029,Brecksville,cold brew;drive thru;breakfast;24/7
Breezewood Pennsylvania 15533,39.996055,-78.242663,Breezewood,breakfast;24/7;drive thru;cold brew
Bremerton Washington 98310,47.62645,-122.627648,1616 Bentley Dr,drive thru;cold brew
Bremerton Washington 98311,47.62962,-122.635699,Safeway-Bremerton #1524,breakfast
Bremerton Washington 98337,47.565003,-122.625695,Bremerton Conference Center,drive thru;cold brew;breakfast
Brenham Texas 77833,30.09253,-96.363889,Hwy 36 - Hwy 290,24/7
Brentwood California 90049,34.042025,-118.484499,San Vicente - 26th,breakfast
Brentwood California 94513,37.934055,-121.692719,Balfour - Fairview - Brentwood,breakfast;drive thru;24/7
Brentwood California 94513,37.94065,-121.740004,Highway 4 - Balfour - Brentwood,breakfast
Brentwood California 94513,37.94065,-121.740004,Hwy 4 - Sand Creek - Brentwood,24/7;cold brew
Brentwood California 94513,37.959315,-121.696114,Safeway-Brentwood #2621,24/7;drive thru
Brentwood California 94543,37.671198,-122.086132,Albertsons-Brentwood #7066,24/7
Brentwood Tennessee 37027,35.97366,-86.832749,Franklin Road,drive thru;24/7;cold brew
Brentwood Tennessee 37027,36.00371,-86.7755,Target Brentwood T-1983,drive thru;breakfast;cold brew
Brevard North Carolina 28712,35.196411,-82.747554,Ingles-Brevard #67,breakfast;cold brew;drive thru
Briarcliff Manor New York 10510,41.14513,-73.860954,Briarcliff Manor - Rte 9,breakfast
Bridgehampton New York 11932,40.937024,-72.30222,Bridgehampton Village,24/7
Bridgeton Missouri 63044,38.755296,-90.406752,DePaul HC - Lobby Cart,drive thru;24/7;cold brew
Bridgeville Pennsylvania 15017,40.3832,-80.095039,Collier Town Square,24/7
Bridgewater New Jersey 08807,40.592881,-74.625104,Bridgewater Commons,drive thru;24/7;cold brew;breakfast
Brighton Colorado 80601,39.970363,-104.835877,Bromley - Sable,drive thru;breakfast;cold brew
Brighton Massachusetts 02135,42.349647,-71.153276,Brighton Soldiers Field,cold brew;breakfast;drive thru;24/7
Brighton Massachusetts 02135,42.349647,-71.153276,Brighton Village,cold brew;drive thru;breakfast;24/7
Brighton Michigan 48116,42.534235,-83.807909,Meijer-Brighton #46,cold brew;drive thru;24/7
Brighton Michigan 481167480,42.530739,-83.785088,Target Brighton T-922,drive thru
Brighton New York 14618,43.1159,-77.573109,Twelve Corners,cold brew
Bristol Connecticut 06010,41.674498,-72.94619,Bristol Plaza,24/7;cold brew
Bristol Connecticut 06010,41.674498,-72.94619,Price Chopper-Bristol #204,cold brew;24/7;drive thru;breakfast
Bristow Virginia 20136,38.702797,-77.51313,Safeway-Bristow #2635,breakfast
Broadview Illinois 60155,41.85943,-87.855304,Super Target Broadview T-2081,breakfast;cold brew;24/7
Brockton Massachusetts 02301,42.08317,-71.017244,Brockton  Belmont Street,cold brew;24/7;drive thru
Broken Arrow Oklahoma 74012,36.052338,-95.807285,Bass Pro Shops - Broken Arrow,24/7;drive thru;cold brew;breakfast
Bronx New York 10462,40.835273,-73.861313,1385 Metropolitan Ave (UCO),drive thru
Bronx New York 10463,40.87345,-73.907034,225th Street - Kingsbridge Plaza UC,drive thru;24/7;cold brew
Bronx New York 10463,40.881765,-73.906874,Target Riverdale T-1798,breakfast;cold brew;drive thru;24/7
Bronxville New York 10708,40.948155,-73.840949,Bronxville,cold brew;drive thru;24/7;breakfast
Brookfield Wisconsin 53005,43.05564,-88.126359,Brookfield Fashion Center,drive thru;24/7;breakfast
Brookfield Wisconsin 53005,43.060463,-88.096679,Brookfield-Bluemound - Moorland,cold brew;drive thru;breakfast;24/7
Brookfield Wisconsin 53186,43.034009,-88.172919,Waukesha Hwy 18,drive thru
Brookings Oregon 97415,42.110553,-124.255637,Fred Meyer-Brookings #30,drive thru;24/7;cold brew;breakfast
Brookings South Dakota 57006,44.310955,-96.798549,Hy Vee Foods-Brookings,cold brew;breakfast;24/7
Brookline Massachusetts 02146,42.333473,-71.120476,Brookline-Washington Sq.,cold brew;drive thru;breakfast;24/7
Brookline Massachusetts 02146,42.346451,-71.127085,Coolidge Corner,breakfast;drive thru;cold brew
Brookline Massachusetts 02146,42.374191,-71.116928,Harvard Street,drive thru
Brookline Massachusetts 02215,42.350777,-71.114814,874 Commonwealth Avenue,breakfast
Brookline Massachusetts 02445,42.333473,-71.120476,Brookline Village,breakfast;drive thru;cold brew;24/7
Brooklyn Center Minnesota 55429,45.06571,-93.337559,Brooklyn Ctr-Brooklyn Blvd. - 55th,cold brew
Brooklyn New York 10021,40.771482,-73.969965,Court Street-Brooklyn,24/7
Brooklyn New York 11201,40.692385,-73.989872,Main Street  DUMBO,cold brew;breakfast;drive thru;24/7
Brooklyn New York 11201,40.694035,-73.991419,Montague Street,breakfast
Brooklyn New York 112016444,40.68829,-73.996071,Cobble Hill,drive thru;24/7;breakfast;cold brew
Brooklyn New York 11204,40.61171,-73.977879,65th - 18th Avenue  Benxonhurst,24/7;drive thru;breakfast
Brooklyn New York 11209,40.673897,-73.861089,75th - 3rd  Bay Ridge,breakfast;drive thru;cold brew;24/7
Brooklyn New York 112096812,40.632671,-74.02491,Bay Ridge,cold brew;24/7;breakfast
Brooklyn New York 11210,40.63215,-73.948584,Hillel Place  Brooklyn College,breakfast;drive thru
Brooklyn New York 11215,40.66814,-73.993779,Park Slope%3b164 7th Avenue  Brooklyn,drive thru;cold brew;24/7
Brooklyn New York 11217,40.682771,-73.979322,Target Atlantic Terminal T-1849,breakfast
Brooklyn New York 11217,40.68419,-73.977854,Atlantic Terminal (UCO),cold brew
Brooklyn New York 11235,40.57789,-73.960099,Brighton Beach,breakfast;cold brew;drive thru
Brooklyn Ohio 44144,41.437385,-81.736349,Brooklyn,drive thru
Brooklyn Park Minnesota 55443,45.117582,-93.340369,Target Brooklyn Park T-693,cold brew
Broomall Pennsylvania 19008,39.98062,-75.359539,Lawrence Park,drive thru;breakfast;cold brew
Broomfield Colorado 80020,39.92666,-105.057829,Safeway-Broomfield #1146,breakfast;drive thru;cold brew
Broomfield Colorado 80020,39.92666,-105.057829,Safeway-Broomfield #2624,24/7;breakfast
Broomfield Colorado 80020,39.949524,-105.090418,Hwy 287 - Miramonte,drive thru;24/7;cold brew
Broomfield Colorado 80021,39.89341,-105.10639,The Great Indoors - Broomfield,cold brew;breakfast;24/7
Broomfield Colorado 80021,39.907692,-105.085742,US 36 - 96th-Interlocken,breakfast;cold brew
Broomfield Colorado 80021,39.928367,-105.130062,Flat Iron Crossings Mall,breakfast;cold brew;24/7;drive thru
Brownsville Texas 78526,25.93883,-97.400419,FM 802 - San Marcelo,drive thru;24/7;cold brew;breakfast
Brownwood Texas 76801,31.676515,-99.000199,US 377 - US 67,cold brew
Brunswick Maine 04011,43.916805,-69.963854,Brunswick  Gurnet Drive,drive thru
Brunswick Ohio 44212,41.238067,-81.862049,Rte 303 - I-71 Brunswick,cold brew;drive thru;breakfast
Bryn Mawr Pennsylvania 19010,40.02659,-75.340014,Bryn Mawr,cold brew;breakfast;24/7
Buena Park California 90620,33.8512,-117.998093,Movieland Wax Museum - Buena Park,breakfast
Buena Park California 906203205,33.846676,-117.997932,La Palma - Dale  Buena Park,breakfast
Buena Park California 90621,33.876087,-117.991951,Target Buena Park T-2082,breakfast;24/7
Buffalo Grove Illinois 60089,42.138475,-87.961009,Dominick's-Buffalo Grove #1136,breakfast;24/7;cold brew;drive thru
Buffalo Grove Illinois 60089,42.15604,-87.964088,Buffalo Grove,cold brew;drive thru;breakfast
Buffalo Grove Illinois 600896888,42.151527,-87.959236,Aptikisic,cold brew;breakfast
Buffalo Grove Illinois 60090,42.132698,-87.931509,Dominick's - Buffalo Grove #1964,cold brew;drive thru;24/7;breakfast
Buffalo Minnesota 55313,45.17602,-93.859349,Target Buffalo T-861,drive thru
Buffalo New York 14202,42.890385,-78.876864,Delaware - Kenmore,drive thru;cold brew
Buffalo New York 14202,42.890908,-78.876503,235 Delaware Ave,breakfast;cold brew;drive thru
Buford Georgia 30519,34.061485,-83.985196,Mall of Georgia,drive thru
Buford Georgia 30519,34.134526,-83.94033,Millcreek Walk,drive thru;cold brew;24/7
Bullhead City Arizona 86442,35.001961,-114.40425,Safeway-Bullhead City #248,cold brew;drive thru
Burbank California 91502,34.171879,-118.302643,Alameda - San Fernando,24/7;cold brew;breakfast
Burbank California 91502,34.176971,-118.309168,The Great Indoors-Burbank,breakfast
Burbank California 91502,34.17768,-118.318519,Victory - Empire  Burbank,drive thru;breakfast;cold brew;24/7
Burbank California 91502,34.18147,-118.308124,Downtown Burbank,cold brew;24/7
Burbank California 915044329,34.207561,-118.351997,San Fernando - Walnut  Burbank,drive thru;breakfast;cold brew;24/7
Burbank California 91505,34.16812,-118.346249,Toluca Lake,cold brew
Burbank California 91505,34.16812,-118.346249,Warner Brothers Studio,cold brew;breakfast;drive thru
Burbank California 91505,34.168706,-118.344487,Albertsons-Burbank #6315,breakfast;drive thru
Burbank California 91505,34.168706,-118.344487,Oak Street - Pass Avenue,cold brew;breakfast;drive thru;24/7
Burbank California 91505,34.18147,-118.308124,Warner Bros Studio Plaza Lobby,24/7;cold brew;breakfast
Burbank California 915053859,37.666473,-122.096207,Vons-Burbank #3083,breakfast
Burbank California 915054340,37.666473,-122.096207,Burbank Center (aka Disney Bldg),drive thru
Burbank California 91506,34.171419,-118.324418,Rancho Market Place,breakfast;cold brew;24/7;drive thru
Burbank California 91506,34.178895,-118.337629,Vons-Burbank #2214,breakfast
Burbank Illinois 60459,41.747982,-87.747693,Burbank-79th - Harlem,drive thru
Burbank Illinois 60459,41.74983,-87.754129,Burbank-78th - Cicero,24/7;drive thru
Burien Washington 98148,47.461427,-122.32651,Burien DT Relocation,cold brew
Burien Washington 98166,47.456025,-122.349219,Safeway - Burien #1664,breakfast
Burien Washington 98166,47.468625,-122.340364,Burien Plaza,24/7;cold brew;drive thru;breakfast
Burke Virginia 22015,38.78934,-77.279609,Safeway - Burke #1606,drive thru
Burke Virginia 22015,38.78934,-77.279609,Safeway-Burke #4002,24/7;drive thru
Burke Virginia 22015,38.79293,-77.299794,Burke Commons,breakfast;cold brew;drive thru;24/7
Burke Virginia 22015,38.798592,-77.321656,Burke Centre,drive thru;cold brew
Burleson Texas 76028,32.518397,-97.35042,Hwy. 174 - FM 731,drive thru;breakfast
Burleson Texas 76028,32.538529,-97.311993,Albertsons-Burleson #4279,breakfast;drive thru;cold brew
Burleson Texas 76028,32.538529,-97.311993,Target-Burleson T-1922,cold brew;breakfast;24/7;drive thru
Burlingame California 94010,37.572407,-122.363004,Broadway - Laguna - Burlingame,24/7;drive thru;breakfast;cold brew
Burlingame California 94010,37.572407,-122.363004,Murchison - El Camino - Burlingame,drive thru;cold brew;24/7
Burlingame California 94010,37.58186,-122.342329,Burlingame Ave,breakfast;cold brew
Burlington Massachusetts 01803,42.505832,-71.19376,Burlington  Middlesex Turnpike,breakfast;drive thru;24/7;cold brew
Burlington Massachusetts 01803,42.505832,-71.19376,Marketplace at Burlington,breakfast
Burlington North Carolina 27215,36.036842,-79.485955,Burlington Mall,cold brew
Burlington North Carolina 27215,36.068278,-79.474657,Target Burlington T-2037,drive thru;24/7
Burlington Ontario L7N 3N9,43.347929,-79.78069,Chapters Burlington,24/7;breakfast;drive thru
Burlington Ontario L7P 1X8,43.354088,-79.839671,Burlington Indigo,drive thru;breakfast
Burlington Ontario L7S 1Y3,43.329025,-79.821249,Longos Fairview,cold brew
Burlington Ontario L7S 2J8,43.32618,-79.798539,Mapleview Mall - Burlington,24/7;cold brew
Burlington Vermont 05402,44.47592,-73.213234,Burlington Town Ctr,drive thru;cold brew;24/7;breakfast
Burlington Washington 98233,48.48167,-122.335423,Burlington Blvd. - Gilkey,breakfast;drive thru
Burlington Washington 98233,48.48167,-122.335423,Target Burlington T-696,drive thru;24/7
Burnsville Minnesota 55337,44.744166,-93.275899,Burnsville - I-35 W- Hwy 13,24/7;cold brew
Burnsville Minnesota 55337,44.76562,-93.27419,Aurora Center-Burnsville,24/7
Burnsville Minnesota 55337,44.76562,-93.27419,East Burnsville,cold brew;breakfast;24/7;drive thru
Burnwell West Virginia 25034,38.094225,-81.390165,Morton Travel Plaza,cold brew
Burtonsville Maryland 20866,39.107885,-76.937659,Burtonsville DC,breakfast;24/7
Buttonwillow California 93206,35.448707,-119.466023,I-5 - Hwy 58  Buttonwillow,24/7;cold brew;breakfast;drive thru
Byron California 94514,37.84424,-121.623179,Hwy 4 - Bixler - Discovery Bay,24/7;breakfast;cold brew
Cabazon California 92230,33.926973,-116.815296,Hwy 10 - Fields Rd.  Cabazon,cold brew;drive thru;breakfast
Calabasas California 91302,34.138482,-118.663981,Albertsons-Calabasas #6335,cold brew;24/7
Calabasas California 91302,34.157133,-118.639837,Calabasas Rd - Park Granada,24/7;breakfast;drive thru;cold brew
Caledonia Michigan 49316,42.811845,-85.555409,D - W-Caledonia #216,drive thru;cold brew;breakfast
Caledonia Michigan 49316,42.811845,-85.555409,Meijer-Gaines Twp #199,cold brew
Calexico California 922314808,32.679085,-115.521782,Hwy 111 - Hwy 98  Calexico,breakfast;24/7;drive thru
California Maryland 20619,38.30361,-76.519769,Lexington Park,drive thru;breakfast
Calumet City Illinois 60409,41.600995,-87.564829,Calumet City-159th - Torrence,24/7
Camarillo California 93010,34.214285,-119.054694,Camarillo,24/7
Camarillo California 93010,34.230755,-119.051978,Target Camarillo T-1027,breakfast;drive thru;24/7
Camarillo California 93010,34.241485,-119.053309,Vons-Camarillo #1672,cold brew
Camarillo California 93010,34.241485,-119.053309,Vons-Camarillo #2094,breakfast;24/7;drive thru;cold brew
Camarillo California 93011,34.22291,-119.050699,Las Posas - Arneill  Camarillo,drive thru;breakfast;24/7;cold brew
Camas Washington 98607,45.58694,-122.401989,Riverstone Marketplace,drive thru;breakfast;cold brew
Cambridge Massachusetts 02138,42.373605,-71.119159,Harvard Square,24/7;drive thru
Cambridge Massachusetts 02138,42.375081,-71.150016,Broadway Marketplace,drive thru
Cambridge Massachusetts 02138,42.375081,-71.150016,Cambridge  Fresh Pond,24/7;cold brew;breakfast;drive thru
Cambridge Massachusetts 02138,42.375081,-71.150016,Shepard Post,24/7;cold brew;drive thru
Cambridge Massachusetts 02139,42.36544,-71.104159,Central Square,24/7;drive thru;cold brew;breakfast
Cambridge Massachusetts 02141,42.367082,-71.076644,Cambridgeside,24/7
Cambridge Massachusetts 02142,42.364424,-71.088341,Cambridge Center,drive thru;cold brew
Cambridge Massachusetts 02142,42.366235,-71.080849,Marriott Boston Cambridge,24/7
Camby Indiana 46113,39.63184,-86.347284,Hwy 67 - Heartland,breakfast;cold brew;24/7;drive thru
Camden New Jersey 08102,39.945255,-75.119129,Rutgers U Camden-Student Union,24/7;cold brew;drive thru
Cameron Park California 95682,38.653306,-120.989137,Coach - Strolling Hills -Cameron Pk,drive thru;24/7
Camp Hill Pennsylvania 17011,40.23779,-76.929499,Camp Hill Trindle Rd.,drive thru;cold brew
Camp Verde Arizona 863225203,34.557034,-111.855621,I-17 - Hwy 260  Camp Verde,drive thru;breakfast;24/7;cold brew
Campbell California 95008,37.280622,-121.9559,Camden - Curtner - Campbell,24/7;breakfast
Campbell California 95008,37.280622,-121.9559,Campbell - Fulton - Campbell,drive thru;24/7;cold brew;breakfast
Campbell California 95008,37.287075,-121.933794,Safeway - Campbell #1293,24/7;breakfast;drive thru;cold brew
Campbell California 95008,37.287229,-121.945126,267 E. Campbell Ave.,breakfast;24/7;cold brew
Campbell California 95008,37.28848,-121.944864,Hamilton Plaza,drive thru;24/7;cold brew
Canby Oregon 97013,45.248505,-122.678999,Fred Meyer-Canby #651,breakfast;drive thru;cold brew;24/7
Canby Oregon 97013,45.25228,-122.721694,Canby,drive thru;breakfast;cold brew
Canoga Park California 91303,34.201965,-118.601564,Topanga Plaza,24/7
Canonsburg Pennsylvania 15317,40.281379,-80.080751,Canonsburg,drive thru
Canton Georgia 30114,34.194705,-84.503445,I-575  Hwy 5,24/7;drive thru;breakfast
Canton Massachusetts 02021,42.1592,-71.144789,Canton-Cobbs Corner,cold brew
Canton Ohio 44718,40.858294,-81.425168,Belden Village,24/7;drive thru;cold brew
Canyon Country California 91351,34.424526,-118.473789,Albertsons-Canyon Country #6308,cold brew;breakfast;drive thru
Capitola California 95010,36.975601,-121.96479,Capitola Mall,24/7
Capitola California 95010,36.979203,-121.953011,Capitola,drive thru;cold brew;24/7
Carbondale Illinois 62901,37.72991,-89.217275,SIU Carbondale - Student Ctr,breakfast;cold brew;drive thru
Cardiff California 920071741,33.030331,-117.288467,San Elijo - Birmingham-Cardiff,drive thru
Carle Place New York 11514,40.74933,-73.601144,Carle Place,breakfast;cold brew;drive thru;24/7
Carlisle Pennsylvania 17013,40.21247,-77.191879,Target Carlisle T-2099,drive thru
Carlsbad California 92008,33.127412,-117.331889,Vons - Carlsbad #2142,cold brew;drive thru;breakfast;24/7
Carlsbad California 92008,33.162421,-117.343652,Village Faire - Carlsbad,24/7;cold brew;breakfast
Carlsbad California 92008,33.165887,-117.338225,Carlsbad Company Stores,drive thru;breakfast
Carlsbad California 92009,33.09692,-117.245318,Vons-Carlsbad #2065,24/7
Carlsbad California 920097934,33.174366,-117.324883,El Camino Real - La Costa  Carlsbad,24/7;cold brew
Carlsbad California 920114657,33.134754,-117.331711,Avenida Encinas - Poinsettia,drive thru;cold brew
Carmel California 93923,36.530423,-121.884997,Albertsons-Carmel #7105,24/7;breakfast;drive thru;cold brew
Carmel Indiana 46032,39.956575,-86.131684,116th - Keystone,breakfast;cold brew;24/7;drive thru
Carmel Indiana 46032,39.968868,-86.157913,126th - Meridian,cold brew
Carmel Indiana 46032,39.969767,-86.136777,Kroger-Carmel #959,cold brew;breakfast
Carmel Indiana 46032,39.97184,-86.163959,Meijers-Carmel #130,drive thru
Carmel Indiana 46032,39.97184,-86.163959,Michigan Rd - Northwestern,breakfast
Carmel Indiana 46032,39.97184,-86.163959,Super Target Caramel ST-1366,cold brew;breakfast
Carmel Indiana 46032,39.983754,-86.117614,Carmel,cold brew;24/7;breakfast
Carmel Indiana 46032,40.000145,-86.126949,Clay Terrace - 146th St,cold brew;breakfast;24/7;drive thru
Carmel Indiana 46033,39.978445,-86.083389,131st - Hazel Dell Pkwy,24/7;cold brew;breakfast;drive thru
Carmel Indiana 46033,40.000922,-86.112239,Village Park Plaza,breakfast;drive thru;cold brew;24/7
Carmel New York 10512,41.424605,-73.678669,Carmel  NY,drive thru;cold brew
Carmichael California 95608,38.629848,-121.330099,Manzanita - Fair Oaks - Carmichael,24/7;breakfast
Carmichael California 95698,38.808955,-121.903549,Albertsons-Carmichael #7216,drive thru
Carnation Washington 98014,47.675395,-121.951268,Carnation,cold brew;24/7
Carney Maryland 21234,39.394581,-76.523537,Safeway-Carney #1880,24/7;drive thru;breakfast
Carpentersville Illinois 60110,42.130748,-88.320899,Dominick's-Sleepy Hollow #1790,breakfast;drive thru;24/7
Carpinteria California 93013,34.382285,-119.484139,Vons-Carpinteria #2425,24/7;drive thru
Carpinteria California 93013,34.389167,-119.47072,Carpinteria - Casitas Pass Rd.,24/7;drive thru;cold brew
Carrollton Texas 75007,32.99868,-96.878449,Frankford - Old Denton Rd.,drive thru;cold brew;breakfast;24/7
Carrollton Texas 75007,33.005671,-96.893089,Kroger - Carrollton #460,breakfast
Carrollton Texas 75007,33.005671,-96.893089,Tom Thumb - Carrollton #2590,cold brew;breakfast
Carrollton Texas 75007,33.02239,-96.843324,Midway - Park,breakfast
Carrollton Texas 75010,33.02839,-96.917794,Old Denton - Hebron Pkwy,cold brew;drive thru;breakfast;24/7
Carson California 90745,33.82467,-118.267999,Albertsons-Carson #6135,24/7;breakfast;cold brew
Carson California 90745,33.82467,-118.267999,Albertsons-Carson #6159,drive thru;breakfast;24/7
Carson California 90745,33.828115,-118.287249,Torrance - I-110  Carson,24/7;breakfast;drive thru
Carson California 90746,33.85823,-118.258189,Target Carson T-2026,cold brew;drive thru
Carson California 90746,33.86199,-118.266264,Avalon - Dominguez  Carson (UCO),24/7
Carson California 90749,33.831602,-118.262749,Sepulveda - Main  Carson,breakfast;24/7;drive thru
Carson City Nevada 89701,39.171845,-119.766959,Rhodes Road - Hwy 395 - Carson City,drive thru;cold brew
Carson City Nevada 89703,39.176865,-119.766899,North Carson Street,drive thru;cold brew
Carson City Nevada 89705,39.08272,-119.777239,Hwy 395 - Topsy - Carson City,breakfast;cold brew;24/7;drive thru
Carson City Nevada 89706,39.19543,-119.729507,Albertsons-Carson City #194,drive thru;24/7;breakfast;cold brew
Cary North Carolina 27513,35.827435,-78.770159,Weston Parkway,drive thru;cold brew
Cary North Carolina 27519,35.802955,-78.873199,Kroger-Cary #382,breakfast;cold brew
Casa Grande Arizona 85222,32.93947,-111.748119,Safeway-Casa Grande #1706,drive thru
Casselberry Florida 32707,28.66028,-81.315379,Target Casselberry T-898,drive thru;24/7
Castaic California 913843929,34.496014,-118.623543,Castaic - Lake Hughes  Castaic,24/7
Castle Rock Colorado 80104,39.342235,-104.767777,Safeway-Castle Pines #1967,cold brew
Castle Rock Colorado 80104,39.375915,-104.859959,Castle Pines Pkwy - Debbie,drive thru;breakfast;24/7;cold brew
Castle Rock Colorado 80104,39.375915,-104.859959,King Soopers - Castle Rock #132,drive thru;24/7
Castle Rock Colorado 80104,39.375915,-104.859959,Safeway-Castle Rock #1877,cold brew
Castle Rock Colorado 80104,39.377847,-104.850741,Castle Rock,cold brew
Castro Valley California 94546,37.705346,-122.08011,Castro Valley - Lake Chabot - CV,cold brew;drive thru;24/7;breakfast
Castro Valley California 94546,37.705346,-122.08011,Safeway-Castro Valley #768,drive thru;24/7;breakfast
Castro Valley California 945465607,37.695988,-122.078011,Castro Valley - 20663 Rustic Dr.,drive thru;24/7
Castro Valley California 94552,37.69841,-122.027918,Grove - Center - Castro Valley,drive thru
Cathedral City California 92234,33.776422,-116.453128,Hwy 111 - Canyon Plaza  Cathedral C,cold brew;drive thru;24/7
Cathedral City California 922341308,33.781029,-116.464081,E. Palm Canyon - Monty Hall,breakfast
Cathedral City California 922343341,33.781116,-116.457993,Date Palm Centre - Cathedral City,24/7;breakfast
Cathedral City California 922346860,33.801331,-116.464813,Date Palm - Dinah Shore  Cathedral,24/7;breakfast;cold brew;drive thru
Cedar Falls Iowa 50613,42.528145,-92.445554,Cedar Falls-University Ave.,drive thru;24/7;cold brew;breakfast
Cedar Hill Texas 75104,32.588705,-96.949669,Super Target Cedarhill ST-1836,breakfast;drive thru
Cedar Hill Texas 75104,32.593065,-96.943054,US Hwy 67 - FM 1382,cold brew;breakfast
Cedar Park Texas 78613,30.473008,-97.847111,Lakeline - Cypress Creek,cold brew;24/7
Cedar Park Texas 78613,30.49799,-97.829889,Albertsons-Cedar Park #4052,drive thru;cold brew
Cedar Park Texas 78613,30.545335,-97.755809,Hwy 1431 - Parmer,drive thru;cold brew
Cedar Rapids Iowa 52402,42.016472,-91.63475,Cedar Rapids-1st - Collins,drive thru;breakfast
Cedar Rapids Iowa 52402,42.021286,-91.656879,Super Target Cedar Rapids ST-1768,drive thru
Cedar Rapids Iowa 52402,42.02298,-91.627327,Lindale Mall-Cedar Rapids,cold brew;breakfast;24/7;drive thru
Cedar Rapids Iowa 52411,42.04027,-91.721139,Super Target Cedar Rapids S ST-1771,24/7;drive thru;breakfast;cold brew
Cedarhurst New York 11516,40.63097,-73.730339,Cedarhurst,breakfast;drive thru
Centennial Colorado 80015,39.6235,-104.777119,Safeway-Aurora #1933,24/7
Centennial Colorado 80111,39.59515,-104.823851,Arapahoe - Peoria,24/7;drive thru;cold brew
Centereach New York 11720,40.907843,-73.06697,Centereach,drive thru;cold brew
Centerville Ohio 45459,39.644755,-84.157449,SR 48 - Spring Valley Pike,drive thru;24/7;cold brew
Centerville Ohio 45459,39.64635,-84.162688,Kroger-Centerville #815,cold brew
Centerville Virginia 20122,38.83809,-77.443559,Centrewood,cold brew;24/7;drive thru
Centerville Virginia 20171,38.936983,-77.412566,Village Center at Dulles,cold brew;drive thru;breakfast;24/7
Central Valley New York 10917,41.32722,-74.120549,Central Valley Woodbury Commons,breakfast;24/7
Centralia Washington 98531,46.728945,-122.952979,Centralia Mrkt Sq.,cold brew;breakfast;24/7;drive thru
Centreville Virginia 20120,38.865985,-77.459456,Sully Station,breakfast;drive thru
Century City California 90067,34.058687,-118.416312,1999 Ave. of the Stars,24/7
Century City California 90067,34.059325,-118.412914,2049 Century Park E.,24/7;drive thru;cold brew;breakfast
Century City California 90067,34.061827,-118.415063,1875 Century Park E.,breakfast;24/7;drive thru;cold brew
Ceres California 95307,37.58807,-120.951019,Hatch - Mitchell - Ceres,24/7;cold brew;breakfast;drive thru
Ceres California 95351,37.594785,-120.956219,Herndon - Hatch - Modesto,cold brew
Cerritos California 90703,33.858585,-118.092264,Cerritos,drive thru
Cerritos California 90703,33.858585,-118.092264,Los Cerritos Mall,cold brew;drive thru;24/7;breakfast
Cerritos California 907036600,33.87764,-118.090927,Gridley - South  Cerritos,cold brew;breakfast;drive thru;24/7
Cerritos California 907037439,33.868542,-118.063698,Del Amo - Pioneer  Cerritos,breakfast
Chalfont Pennsylvania 18914,40.28107,-75.210079,Genuardis-Chalfont #3022,breakfast;drive thru;cold brew;24/7
Champaign Illinois 61820,40.11967,-88.232114,Champaign - 5th - Green,cold brew;24/7
Champaign Illinois 61820,40.138439,-88.243347,Market Place Mall - Champaign,cold brew;breakfast;24/7
Champlin Minnesota 55316,45.1694,-93.385379,Super Target Champlin ST-1831,breakfast
Chandler Arizona 85224,33.305975,-111.864749,Dobson - Chandler,24/7
Chandler Arizona 852242293,33.302879,-111.84082,Dobson - Warner  Chandler,cold brew
Chandler Arizona 85225,33.30288,-111.840839,San Marcos Resorts and Conference,24/7
Chandler Arizona 85225,33.30619,-111.830069,Safeway-Chandler #1605,cold brew;24/7
Chandler Arizona 852251883,33.302879,-111.84082,Alma School - Elliot Rd  Chandler,breakfast;24/7;drive thru
Chandler Arizona 85226,33.3051,-111.923749,Albertsons-Chandler #997,24/7;drive thru
Chandler Arizona 85226,33.3051,-111.923749,Chandler - Kyrene  Chandler,24/7;breakfast;drive thru;cold brew
Chandler Arizona 85226,33.306965,-111.911089,McClintock - Ray  Chandler,drive thru;breakfast
Chandler Arizona 852261528,33.302879,-111.84082,54th St. - Ray Rd.  Chandler,24/7
Chandler Arizona 852265063,33.302879,-111.84082,Chandler - Price Road  Phoenix,breakfast;24/7;drive thru
Chandler Arizona 85244,33.30288,-111.840839,The Great Indoors-Chandler,cold brew;drive thru;24/7
Chandler Arizona 85248,33.232365,-111.864109,Arizona Ave - Loop 202  Chandler,drive thru;cold brew
Chandler Arizona 85248,33.232365,-111.864109,Safeway-Chandler #1566,cold brew;24/7
Chandler Arizona 85248,33.26151,-111.891629,Queen Creek - Alma School  Chandler,breakfast;24/7;cold brew
Chandler Arizona 85249,33.223452,-111.798919,Albertsons-Chandler #1021,cold brew;breakfast;drive thru;24/7
Chanhassen Minnesota 55317,44.886745,-93.520704,Chanhassen,24/7;drive thru;cold brew;breakfast
Chantilly Virginia 20121,38.837413,-77.44327,Chantilly Crossing,cold brew;drive thru;breakfast
Chapel Hill North Carolina 275147001,35.955666,-82.703804,Harris Teeter-Chapel Hill #117,24/7
Chapel Hill North Carolina 27516,35.991499,-79.072376,Franklin Street,breakfast
Chappaqua New York 10514,41.153974,-73.774255,Chappaqua,cold brew;24/7;drive thru;breakfast
Chargrin Falls Ohio 44022,41.415538,-81.413706,Chagrin Falls,cold brew;breakfast
Charleston South Carolina 29401,32.781236,-79.933496,239 King Street,drive thru;cold brew
Charleston South Carolina 29401,32.785251,-79.938156,168 Calhoun Street,drive thru;cold brew;breakfast
Charleston South Carolina 29401,32.78654,-79.929124,E. Bay Street,drive thru;24/7;breakfast;cold brew
Charleston South Carolina 29407,32.80944,-80.011197,South Windermere,24/7;breakfast
Charleston West Virginia 25389,38.35364,-81.634869,Charleston Town Center,cold brew;drive thru;24/7;breakfast
Charlotte North Carolina 281054660,35.202,-80.845604,Target Charlotte SE T-918,drive thru;breakfast;24/7
Charlotte North Carolina 28202,35.2225,-80.837539,Bank of America Plaza,breakfast;24/7
Charlotte North Carolina 28202,35.2225,-80.837539,Charlotte Convention Center,breakfast;24/7;cold brew
Charlotte North Carolina 28202,35.2225,-80.837539,Gateway Village,24/7;cold brew;drive thru;breakfast
Charlotte North Carolina 28203,35.201232,-80.843469,1401 East Blvd.,cold brew
Charlotte North Carolina 282042417,35.222481,-80.837547,7th Street,cold brew;24/7;breakfast
Charlotte North Carolina 28207,35.18803,-80.822294,Providence Road,cold brew;24/7;drive thru
Charlotte North Carolina 28209,35.17829,-80.854029,Park Towne Village,drive thru;24/7;cold brew;breakfast
Charlotte North Carolina 28211,35.149575,-80.832889,South Park Mall,24/7;breakfast;cold brew
Charlotte North Carolina 28211,35.16789,-80.797717,Morrocroft Village - HT,breakfast;drive thru;24/7
Charlotte North Carolina 28211,35.168106,-80.779223,Cotswold Village Shops,cold brew
Charlotte North Carolina 28219,35.222494,-80.837532,CLT - Charlotte C-13-,drive thru;breakfast;cold brew;24/7
Charlotte North Carolina 28219,35.222494,-80.837532,CLT - Charlotte Main Term Bookstore,24/7;cold brew
Charlotte North Carolina 28219,35.222494,-80.837532,CLT - Main C D Side Bookstore,24/7;drive thru
Charlotte North Carolina 28219,35.222494,-80.837532,CLT - Term B-Gate 12  Gift News,cold brew;breakfast;drive thru;24/7
Charlotte North Carolina 28219,35.222494,-80.837532,CLT- Main Terminal Pre Security,cold brew;breakfast
Charlotte North Carolina 28219,35.2225,-80.837539,CLT - Concourse D E Connector,24/7;breakfast
Charlotte North Carolina 28223,35.304325,-80.732228,Mallard Pointe,breakfast;drive thru
Charlotte North Carolina 28226,35.106093,-80.881037,Pineville,24/7;breakfast;drive thru
Charlotte North Carolina 28226,35.115625,-80.791409,Olde Towne Village,breakfast;24/7;cold brew
Charlotte North Carolina 28244,35.20127,-80.846349,Charlotte Plaza,24/7;cold brew;drive thru;breakfast
Charlotte North Carolina 28246,35.213265,-80.833348,Independence,drive thru
Charlotte North Carolina 28262,35.293877,-80.79723,The Arbors,drive thru;cold brew;24/7;breakfast
Charlotte North Carolina 28262,35.293877,-80.79723,Wachovia Bank,drive thru;breakfast;cold brew;24/7
Charlotte North Carolina 28269,35.34442,-80.824079,Davis Lake Commons,breakfast;drive thru;cold brew;24/7
Charlotte North Carolina 28273,35.155985,-80.928871,Whitehall,breakfast;24/7;drive thru
Charlotte North Carolina 282736901,35.10614,-80.881042,Target Pineville T-762,drive thru;breakfast;cold brew;24/7
Charlotte North Carolina 28277,35.044177,-80.849358,Ballantyne,breakfast;24/7;drive thru;cold brew
Charlotte North Carolina 28277,35.051763,-80.81846,Target Charlotte Far South T-2090,24/7;cold brew
Charlotte North Carolina 28277,35.051763,-80.81846,Target Charlotte T-1087,breakfast;drive thru
Charlotte North Carolina 28277,35.2225,-80.837539,Promenade,cold brew;drive thru;24/7;breakfast
Charlottesville Virginia 22901,38.056495,-78.507084,Route 29,drive thru;24/7;cold brew
Charlottesville Virginia 22901,38.057595,-78.513689,Charlottesville Fashion Square,24/7;drive thru;cold brew;breakfast
Charlottesville Virginia 22901,38.069935,-78.508783,Harris Teeter-Charlottesville #177,breakfast
Charlottesville Virginia 22901,38.069935,-78.508783,Kroger - Charlottesville #334,24/7;breakfast
Charlottesville Virginia 22903,38.031101,-78.538358,Charlottesville,breakfast;drive thru;24/7;cold brew
Charlottesville Virginia 22911,38.070616,-78.412646,Hollymead Town Center,breakfast;24/7;drive thru;cold brew
Charlottesville Virginia 22911,38.089829,-78.401158,Rivanna Ridge,drive thru;breakfast;24/7
Charlottesville Virginia 22911,38.1008,-78.43244,Target Charlottesville T-1858,cold brew;breakfast
Chaska Minnesota 55318,44.812442,-93.606067,Super Target Chaska ST-1352,breakfast;24/7;cold brew
Chatsworth California 91311,34.257245,-118.591844,Chatsworth Plaza,breakfast;24/7
Chatsworth California 913113412,34.264469,-118.603554,Vons-Chatsworth #1671,cold brew;24/7;drive thru;breakfast
Chatsworth California 913113602,34.246166,-118.604897,Topanga Cyn. Lassen,drive thru
Chattanooga Tennessee 37343,35.150225,-85.249094,Hwy 153  Hamill Rd,24/7
Chattanooga Tennessee 37402,35.046432,-85.309421,Sheraton Chattanooga,cold brew
Chattanooga Tennessee 37403,35.047632,-85.297495,Erlanger Hospital,breakfast;cold brew;24/7;drive thru
Chattanooga Tennessee 37421,35.046432,-85.309421,Gunbarrel Rd  Jarnigan Rd,breakfast;24/7
Cheektowaga New York 14225,42.909095,-78.761999,Walden Galleria,drive thru
Chehalis Washington 98532,46.57564,-122.911014,Chehalis,cold brew
Chelmsford Massachusetts 01824,42.61043,-71.337779,Chelmsford,24/7;cold brew;drive thru;breakfast
Cheney Washington 99004,47.482275,-117.581609,Cheney Plaza- Cheney,drive thru;24/7;breakfast
Cherry Hill New Jersey 08002,39.9275,-75.030549,Macy's - Cherry Hill Mall,24/7;drive thru;breakfast
Cherry Hill New Jersey 08002,39.930823,-75.024556,Chapel - Haddonfield,breakfast;24/7;drive thru;cold brew
Cherry Hill New Jersey 08002,39.933667,-75.015824,Cherry Hill Mall Kiosk,drive thru;breakfast;24/7;cold brew
Cherry Hill New Jersey 08003,39.933667,-75.015824,Cherry Hill,breakfast;24/7;cold brew;drive thru
Cherry Hill New Jersey 08034,39.90721,-74.996629,Genuardi-Cherry Hill #49,drive thru
Cherry Hill New Jersey 08034,39.911795,-74.999434,Rt. 70 West  Cherry Hill,drive thru;breakfast
Chesapeake City Virginia 23320,36.75793,-76.24085,Target Chesapeake City T-1021,drive thru;24/7;cold brew;breakfast
Chesapeake Virginia 23320,36.75793,-76.24085,Farm Fresh-Chesapeake #232,cold brew;24/7;breakfast
Chesapeake Virginia 23320,36.75926,-76.263089,Battlefield - Volvo,24/7;drive thru
Chesapeake Virginia 23320,36.775845,-76.232224,Crossways Shopping Center,breakfast;drive thru;24/7
Chesapeake Virginia 23321,36.825408,-76.410691,Chesapeake Square,breakfast;24/7;cold brew;drive thru
Chesapeake Virginia 23322,36.659404,-76.229905,Farm Fresh-Chesapeake #190,breakfast;drive thru;cold brew
Chester Springs Pennsylvania 19425,40.095111,-75.654907,ACME-Eagle #7703,cold brew;breakfast;24/7
Chesterfield Missouri 63017,38.615428,-90.585484,Clarkson - Baxter,breakfast;drive thru;24/7
Chesterfield Missouri 63017,38.623065,-90.518774,Clayton - Baxter,breakfast;cold brew
Chesterfield Missouri 63017,38.651501,-90.567772,Chesterfield Mall,24/7;cold brew
Chesterfield Missouri 63017,38.653663,-90.553177,Chesterfield Commons,24/7;drive thru
Chesterfield Township Michigan 48051,42.673622,-82.82217,Chesterfield  I-94,24/7
Chesterfield Township Michigan 48051,42.677591,-82.824959,Target Chesterfield Township T-945,breakfast
Chesterfield Virginia 23832,37.374458,-77.502951,Iron Bridge - Courthouse,cold brew;breakfast;24/7;drive thru
Chestnut Hill Massachusetts 02167,42.330789,-71.159974,Chestnut Hill,breakfast
Chevy Chase Maryland 20815,38.982257,-77.087679,Friendship Heights,24/7;drive thru;cold brew;breakfast
Chevy Chase Maryland 20815,38.994724,-77.07407,North Chevy Chase,drive thru;cold brew;breakfast
Cheyenne Wyoming 82001,41.142538,-104.798033,Albertsons-Cheyenne #834,24/7
Cheyenne Wyoming 82007,41.10497,-104.795389,Safeway-Cheyenne #2667,breakfast;cold brew;drive thru;24/7
Cheyenne Wyoming 82009,41.20847,-104.828164,Albertsons-Cheyenne #847,cold brew;drive thru;breakfast
Cheyenne Wyoming 820095452,41.134811,-104.821541,Dell Range Marketplace,cold brew;breakfast
Chicago Illinois 60601,41.881674,-87.638874,10 S. Riverside Plaza,drive thru;cold brew
Chicago Illinois 60601,41.884979,-87.623283,Lake - LaSalle,24/7;drive thru;breakfast;cold brew
Chicago Illinois 60601,41.885821,-87.624587,200 N. Michigan,breakfast;cold brew;24/7;drive thru
Chicago Illinois 60601,41.88678,-87.622324,Chicago Amoco Building,cold brew;24/7;drive thru
Chicago Illinois 60601,41.88678,-87.622324,Illinois Center,cold brew;24/7;breakfast
Chicago Illinois 60601,41.88678,-87.622324,Leo Burnett,24/7
Chicago Illinois 60601,41.888185,-87.624884,East Wacker Drive,24/7;breakfast
Chicago Illinois 606013206,41.884151,-87.632393,CT-T Building,breakfast
Chicago Illinois 60602,41.8821,-87.624899,Clark - Madison,24/7;cold brew;drive thru
Chicago Illinois 60602,41.882157,-87.62544,68 E. Madison,cold brew
Chicago Illinois 60602,41.88322,-87.631649,West Washington,breakfast;24/7
Chicago Illinois 60602,41.883419,-87.630211,Daley Center Plaza,cold brew
Chicago Illinois 60602,41.88415,-87.632409,LaSalle TI #814,drive thru;cold brew;24/7;breakfast
Chicago Illinois 60602,41.88415,-87.632409,Marshall Fields-First Floor,24/7
Chicago Illinois 60602,41.88415,-87.632409,Marshall Fields-Lower Level,breakfast;24/7;cold brew
Chicago Illinois 60603,41.87944,-87.630064,West Adams,drive thru
Chicago Illinois 60603,41.881491,-87.621701,State - Adams,24/7
Chicago Illinois 60604,41.876935,-87.627299,Van Buren Relocation,cold brew
Chicago Illinois 60604,41.87806,-87.623889,Bank of America Building,drive thru;breakfast
Chicago Illinois 60604,41.878118,-87.62583,55 E. Jackson,24/7;drive thru;breakfast;cold brew
Chicago Illinois 60605,41.867505,-87.619659,Roosevelt - Wabash,breakfast
Chicago Illinois 60605,41.87015,-87.623129,Target Chicago South Loop T-1889,24/7;drive thru
Chicago Illinois 60605,41.872261,-87.628639,Dearborn Park,drive thru;24/7;cold brew;breakfast
Chicago Illinois 60606,41.877984,-87.634013,209 W. Jackson,drive thru;breakfast;24/7
Chicago Illinois 60606,41.880514,-87.637106,100 S. Wacker,24/7;breakfast
Chicago Illinois 60606,41.88232,-87.636769,AT-T Building,cold brew;drive thru;24/7;breakfast
Chicago Illinois 60606,41.88232,-87.636769,Sears Towers,breakfast;cold brew;24/7
Chicago Illinois 60606,41.88254,-87.638619,Two North Riverside Plaza,24/7
Chicago Illinois 60606,41.883135,-87.626923,25 East Washington,drive thru;cold brew
Chicago Illinois 60606,41.884155,-87.636824,North Wacker,24/7
Chicago Illinois 606065208,41.879532,-87.633881,200 West Adams,drive thru
Chicago Illinois 60607,41.869405,-87.657349,Taylor Street,24/7
Chicago Illinois 60607,41.87657,-87.653189,Dominick's-Canal Street #1147,breakfast;drive thru;24/7;cold brew
Chicago Illinois 60607,41.876857,-87.641191,550 W. Van Buren,breakfast;cold brew;drive thru
Chicago Illinois 60607,41.88162,-87.656124,Madison - Morgan (UCO),cold brew;breakfast
Chicago Illinois 60608,41.850875,-87.669655,Target Chicago McKinley Park T-2078,cold brew;breakfast;24/7;drive thru
Chicago Illinois 60610,41.889532,-87.63714,414 N. Orleans,breakfast;24/7;cold brew;drive thru
Chicago Illinois 60610,41.890151,-87.631205,430 N. Clark,24/7;drive thru
Chicago Illinois 60610,41.894436,-87.624407,670 N. Michigan,24/7;drive thru;cold brew;breakfast
Chicago Illinois 60610,41.896482,-87.642254,Chicago - Franklin,cold brew;24/7;breakfast;drive thru
Chicago Illinois 60610,41.89752,-87.628659,State - Pearson,drive thru;breakfast;cold brew;24/7
Chicago Illinois 60610,41.898213,-87.625696,111 E. Chestnut,drive thru;breakfast;cold brew;24/7
Chicago Illinois 60610,41.90015,-87.634329,Embassy Suites,drive thru;24/7
Chicago Illinois 60610,41.90015,-87.634329,Germania Place,breakfast;drive thru
Chicago Illinois 60610,41.90015,-87.634329,Old Town Square,cold brew
Chicago Illinois 60610,41.90015,-87.634329,Piper's Alley,drive thru;breakfast;cold brew;24/7
Chicago Illinois 60610,41.90681,-87.630069,Dearborn - Division,24/7;drive thru
Chicago Illinois 60611,41.88415,-87.632409,Oak - Rush II,breakfast;drive thru;cold brew;24/7
Chicago Illinois 60611,41.890276,-87.624236,444 North Michigan,drive thru
Chicago Illinois 60611,41.89334,-87.624069,Ontario,drive thru;cold brew;breakfast;24/7
Chicago Illinois 60611,41.893442,-87.618999,Chicago Dwntwn Courtyard - Lobby,breakfast;drive thru;24/7;cold brew
Chicago Illinois 60611,41.893442,-87.618999,Dominicks-Chicago #1703,24/7
Chicago Illinois 60611,41.893442,-87.618999,Levy-Navy Pier,cold brew;breakfast;24/7
Chicago Illinois 60611,41.893442,-87.618999,Northwestern Mem. Hospital,drive thru;cold brew;24/7
Chicago Illinois 60611,41.89612,-87.624269,Michigan Ave TI #809,breakfast
Chicago Illinois 60611,41.896775,-87.622559,Chicago - Wabash,breakfast
Chicago Illinois 60613,41.94771,-87.674254,Lincoln Damen Irving,drive thru
Chicago Illinois 60613,41.949856,-87.640599,West Addison,cold brew
Chicago Illinois 60613,41.950145,-87.648924,Broadway - Clarendon,drive thru
Chicago Illinois 60613,41.954128,-87.658239,Albertsons-Chicago #3455,24/7;cold brew
Chicago Illinois 60613,41.961607,-87.676165,1900 W. Montrose,24/7
Chicago Illinois 60614,41.735401,-87.563176,Dominick's-Chicago #1695,cold brew;drive thru;24/7;breakfast
Chicago Illinois 60614,41.91438,-87.654324,Clybourn - Webster,drive thru
Chicago Illinois 60614,41.91807,-87.656324,West Armitage,drive thru;24/7
Chicago Illinois 60614,41.91994,-87.651574,Dickens,drive thru;cold brew;24/7
Chicago Illinois 60614,41.921751,-87.64518,Dominick's-North Clyborn #2304,cold brew
Chicago Illinois 60614,41.92177,-87.647439,Clark Street,breakfast
Chicago Illinois 60614,41.92177,-87.647439,Diversey,24/7;cold brew;drive thru
Chicago Illinois 60614,41.923765,-87.646404,Altgeld - Lincoln,drive thru;breakfast;24/7;cold brew
Chicago Illinois 60614,41.923765,-87.646404,Lincoln - Belden,drive thru
Chicago Illinois 60614,41.927865,-87.668244,Ashland - Altgeld,drive thru;breakfast;24/7
Chicago Illinois 60614,41.92862,-87.648875,North Halsted,breakfast;cold brew
Chicago Illinois 60614,41.9305,-87.641944,Wrightwood - Racine,cold brew;breakfast
Chicago Illinois 60614,41.932454,-87.67097,1700 W. Diversey,breakfast;24/7;drive thru
Chicago Illinois 60615,41.79506,-87.596304,Hyde Park-55th - Woodlawn (UCO),drive thru
Chicago Illinois 60615,41.80231,-87.602209,Hyde Park,drive thru
Chicago Illinois 60616,41.844285,-87.629799,McCormick Con Ctr - Mezzanine Level,breakfast;cold brew
Chicago Illinois 60616,41.844285,-87.629799,McCormick Con Ctr - North Food Ct,cold brew
Chicago Illinois 60618,41.936775,-87.683119,Belmont - Leavitt,cold brew;24/7;breakfast
Chicago Illinois 60618,41.93839,-87.711234,Roscoe Village,24/7;cold brew;drive thru
Chicago Illinois 60618,41.946665,-87.703519,Albertsons-Chicago #3501,drive thru;breakfast;cold brew;24/7
Chicago Illinois 60618,41.946665,-87.703519,Target Chicago Mid North T-1437,breakfast;drive thru;24/7;cold brew
Chicago Illinois 60622,41.900975,-87.671689,Bucktown,breakfast;drive thru;24/7;cold brew
Chicago Illinois 60622,41.900975,-87.671689,River West-Grand - Ogden,drive thru;breakfast;24/7
Chicago Illinois 60622,41.90338,-87.666059,Division - Paulina,breakfast;cold brew;24/7;drive thru
Chicago Illinois 60625,41.88415,-87.632409,Albany Park-Kedzie - Wilson,drive thru;cold brew;24/7
Chicago Illinois 60625,41.979945,-87.692739,Lincoln - Wilson,cold brew;24/7
Chicago Illinois 60626,42.00965,-87.670089,Dominick's-Clark-Howard #1698,drive thru;cold brew;breakfast;24/7
Chicago Illinois 60626,42.01825,-87.670609,Rogers Park,24/7;drive thru;cold brew
Chicago Illinois 60631,41.99629,-87.811529,Renaissance Suites OHare,cold brew;24/7;breakfast;drive thru
Chicago Illinois 60632,41.80803,-87.711149,Target Chicago T-1879,drive thru;24/7
Chicago Illinois 60632,41.844849,-87.747169,47th - Cicero (UCO),drive thru
Chicago Illinois 60634,41.945415,-87.798999,Target Norridge T-1888,cold brew
Chicago Illinois 60640,41.965185,-87.673284,Wilson - Magnolia (UCO),cold brew;24/7;drive thru
Chicago Illinois 60640,41.966175,-87.666904,Andersonville,drive thru;breakfast;cold brew
Chicago Illinois 60640,41.96903,-87.659629,Broadway and Lawrence,24/7
Chicago Illinois 60641,41.953515,-87.738999,Irving Park - Kostner,drive thru;24/7;breakfast;cold brew
Chicago Illinois 606464106,41.996941,-87.765282,Edgebrook,breakfast
Chicago Illinois 606465809,41.982632,-87.739098,Sauganash,24/7;drive thru
Chicago Illinois 606472019,41.884151,-87.632393,Target Chicago Near North T-942,breakfast;24/7;cold brew
Chicago Illinois 606472636,41.884151,-87.632393,Logan Blvd.,breakfast;24/7
Chicago Illinois 60649,41.76519,-87.581489,71st - Stony Island (UCO),24/7
Chicago Illinois 60654,41.888329,-87.635002,Merchandise Mart,breakfast;drive thru;24/7
Chicago Illinois 60657,41.935195,-87.662399,Lincoln - Paulina,24/7;drive thru;breakfast
Chicago Illinois 60657,41.939825,-87.657064,Clark - Belmont,breakfast
Chicago Illinois 60657,41.942625,-87.654149,Sheffield - Diversey,breakfast
Chicago Illinois 60657,41.94346,-87.644864,North Broadway,24/7;drive thru;cold brew
Chicago Illinois 60657,41.94383,-87.663844,Southport - Roscoe,drive thru;breakfast;24/7
Chicago Illinois 60657,41.948395,-87.674734,Lincoln - Greenview,drive thru
Chicago Illinois 60659,41.99045,-87.701379,Lincoln Village-Lincoln - McCormick,cold brew;breakfast
Chicago Illinois 60660,41.98595,-87.669599,Edgewater - Chicago,breakfast
Chicago Illinois 60660,41.989945,-87.668719,Dominick's-N. Broadway - Thornd #12,24/7;cold brew
Chicago Illinois 60661,41.882485,-87.644599,Dominick's-Chicago #1875,drive thru;breakfast
Chicago Illinois 60661,41.882485,-87.644599,Metropolitan Place,drive thru;24/7;cold brew
Chicago Illinois 60661,41.88314,-87.645164,Washington - Clinton,drive thru;cold brew;breakfast
Chicago Illinois 60662,41.361069,-89.736595,North - Sheffield,cold brew;drive thru
Chicago Illinois 60666,41.88415,-87.632409,ORD OHare Term 3 Cart,cold brew;drive thru
Chicago Illinois 60666,41.979047,-87.892663,ORD OHare Conc B  Gate 5,breakfast;24/7;drive thru;cold brew
Chicago Illinois 60666,41.979047,-87.892663,ORD OHare Conc F  Gate 39,24/7;breakfast;cold brew
Chicago Illinois 60666,41.979047,-87.892663,ORD OHare Concourse B  Escalator,cold brew;24/7;breakfast;drive thru
Chicago Illinois 60666,41.979047,-87.892663,ORD OHare Concourse E,24/7;drive thru;cold brew
Chicago Illinois 60666,41.979047,-87.892663,ORD OHare Concourse G  Gate 29,drive thru;cold brew;24/7
Chicago Illinois 60666,41.979047,-87.892663,ORD OHare Concourse H  Gate 35,cold brew;drive thru;24/7
Chicago Illinois 60666,41.979047,-87.892663,ORD OHare Term 1  Cart,breakfast;24/7;cold brew
Chicago Illinois 60666,41.979047,-87.892663,ORD OHare Term 1  Conc C  Gate 30,cold brew;24/7
Chicago Illinois 60666,41.979047,-87.892663,ORD OHare Term 3  Conc H-9  Gate 9,drive thru;24/7;breakfast
Chicago Illinois 60666,41.979047,-87.892663,ORD OHare Term 3  Conc L  Gate 9,breakfast;cold brew;24/7;drive thru
Chicago Illinois 60666,41.979047,-87.892663,ORD OHare Term 3  H K Apex FCourt,cold brew
Chicago Illinois 60666,41.979047,-87.892663,ORD OHare Terminal 2  Post Security,breakfast;cold brew;24/7;drive thru
Chicago Illinois 60666,41.979047,-87.892663,ORD OHare Terminal 3  Baggage Claim,24/7
Chicago Illinois 60666,41.979047,-87.892663,ORD OHare Terminal 3  Food Court,24/7;drive thru;breakfast
Chicago Illinois 60666,41.98623,-87.664309,ORD OHare Conc K  Gate 14,drive thru;24/7
Chicago Illinois 60666,41.988305,-87.878999,ORD OHare Conc B  Gate 12,breakfast;cold brew;drive thru
Chicago Illinois 60670,41.88415,-87.632409,Bank One Plaza Starbucks,24/7;cold brew
Chicago Illinois 60707,41.92327,-87.804394,Brickyard-Diversey - Narragansett,24/7;breakfast
Chicago Illinois 60707,41.92327,-87.804394,Target Chicago Brickyards T-1924,cold brew
Chico California 95926,39.73201,-121.841985,20th - Forest - Chico,cold brew
Chico California 95926,39.739573,-121.877457,Nord - Hwy 32 - Chico,drive thru;24/7
Chico California 95926,39.745667,-121.845116,Albertsons-Chico #7275,24/7;cold brew
Chico California 95926,39.745667,-121.845116,Safeway - Chico #1125,drive thru;24/7
Chico California 95926,39.745667,-121.845116,Safeway-Chico #1651,breakfast;cold brew;24/7;drive thru
Chico California 95926,39.750675,-121.851975,East - Cohasset - Chico,drive thru
Chico California 95928,39.727118,-121.806868,Chico - 246 Broadway Street,breakfast;cold brew;24/7
Chicopee Massachusetts 01020,42.199725,-72.574223,Chicopee,breakfast;cold brew
Chino California 91710,33.99722,-117.715479,Grand - Pipeline  Chino,breakfast;drive thru;cold brew;24/7
Chino California 91710,34.019945,-117.689399,Central - Philadelphia  Chino,cold brew;breakfast
Chino California 917102603,34.011955,-117.690529,Central - Walnut  Chino,24/7
Chino California 917104556,34.011955,-117.690529,Mountain - Riverside  Chino,drive thru;breakfast;cold brew;24/7
Chino California 917105499,34.011955,-117.690529,Target Chino Hills T-912,24/7;breakfast
Chino Hills California 91709,33.97491,-117.724554,The Great Indoors-Chino Hills,breakfast;24/7;cold brew
Chino Hills California 91709,33.97635,-117.772724,Grand - Peyton - Chino Hills,cold brew;breakfast
Chino Hills California 91709,33.982616,-117.698295,Albertsons-Chino Hills #6515,cold brew;breakfast
Chino Hills California 91709,33.982616,-117.698295,Albertsons-Chino Hills #6592 (692),cold brew;drive thru
Chino Hills California 91709,33.982616,-117.698295,Vons-Chino Hills #2597,drive thru;breakfast;cold brew
Chino Valley Arizona 86323,34.76556,-112.465179,Safeway-Chino Valley #1747,breakfast;drive thru
Chowchilla California 93610,37.11635,-120.238774,Robertson - Hwy 99 - Chowchilla,24/7
Christiansburg Virginia 24073,37.097033,-80.452908,Christiansburg,cold brew;drive thru;24/7;breakfast
Chula Vista California 91910,32.640565,-117.084154,3rd - H  Chula Vista,24/7;cold brew;breakfast;drive thru
Chula Vista California 91910,32.640565,-117.084154,Chula Vista Center  Chula Vista,breakfast
Chula Vista California 91910,32.64551,-117.097384,Albertsons-Chula Vista #6757,breakfast;drive thru;24/7;cold brew
Chula Vista California 919101712,32.650356,-117.080017,4th - C  Chula Vista,cold brew;drive thru
Chula Vista California 919104330,32.650356,-117.080017,Broadway - H St.  Chula Vista,breakfast;24/7
Chula Vista California 919106436,32.650356,-117.080017,Telegraph Cany - I-805  Chula Vista,breakfast;cold brew;drive thru
Chula Vista California 919112623,32.640549,-117.084167,Medical Center - E. Palomar  Chula,drive thru
Chula Vista California 919112911,32.650356,-117.080017,Broadway - Oxford  Chula Vista,24/7;breakfast;cold brew
Chula Vista California 91913,32.644343,-116.983191,Bonita Point Plaza,breakfast;drive thru
Chula Vista California 91915,32.6343,-116.951429,Vons-Chula Vista #2071,breakfast
Chula Vista California 919151001,32.655407,-116.981247,Eastlake Pkwy - Otay Lakes  Chula V,drive thru;breakfast;cold brew;24/7
Cicero Illinois 60804,41.84511,-87.761279,Target Cicero T-732,24/7;drive thru
Cincinnati Ohio 45140,39.268756,-84.261085,Loveland,24/7;drive thru;cold brew;breakfast
Cincinnati Ohio 45202,39.09993,-84.512669,4th and Vine,drive thru;cold brew;24/7
Cincinnati Ohio 45202,39.106444,-84.504732,Atrium One,24/7;cold brew
Cincinnati Ohio 45202,39.107914,-84.50936,Skywalk,cold brew
Cincinnati Ohio 45208,39.132389,-84.437287,Rookwood Pavillion,24/7;breakfast;drive thru
Cincinnati Ohio 45208,39.143385,-84.438344,Hyde Park Plaza,breakfast;drive thru;24/7;cold brew
Cincinnati Ohio 45208,39.14421,-84.437364,East Hyde Park,breakfast
Cincinnati Ohio 45209,39.15223,-84.428119,Kroger-Cincinnati #355,breakfast
Cincinnati Ohio 45209,39.15223,-84.428119,Meijer-Cincinnati #224,cold brew;breakfast;24/7;drive thru
Cincinnati Ohio 45219,39.12641,-84.525104,Marriott Kingsgate Conference Ctr,cold brew;24/7;breakfast;drive thru
Cincinnati Ohio 45219,39.12641,-84.525104,U of Cincinnati Student Life Ctr,cold brew
Cincinnati Ohio 45219,39.127155,-84.508949,McMillan - Clifton,24/7;drive thru
Cincinnati Ohio 45226,39.116485,-84.437594,Columbia Parkway,drive thru;cold brew
Cincinnati Ohio 45227,39.14392,-84.391529,Mariemont The Strand,drive thru;24/7;breakfast
Cincinnati Ohio 45230,39.103268,-84.387223,Skytop Pavilion,drive thru;breakfast;cold brew
Cincinnati Ohio 45231,39.242627,-84.54253,Kroger-Cincinnati #384,24/7
Cincinnati Ohio 45236,39.20434,-84.393774,Kenwood Towne Center,drive thru
Cincinnati Ohio 452364301,39.199291,-84.379288,Kenwood,drive thru;24/7;breakfast
Cincinnati Ohio 45239,39.21788,-84.550419,Kroger-Cincinnati North Bend,24/7;drive thru;cold brew
Cincinnati Ohio 45241,39.270923,-84.374796,Cornell Place,breakfast;drive thru
Cincinnati Ohio 45242,39.257305,-84.342411,Montgomery,24/7
Cincinnati Ohio 45244,39.124635,-84.353669,Cincinnati Mills,24/7
Cincinnati Ohio 45246,39.27201,-84.458119,Tri-County Mall,breakfast;cold brew;drive thru;24/7
Cincinnati Ohio 45247,39.206353,-84.633809,Meijer-Cincinnati #223,drive thru;cold brew
Cincinnati Ohio 45249,39.28836,-84.351069,Kroger-Cincinnati #304,cold brew;drive thru;breakfast;24/7
Cincinnati Ohio 452492312,39.106449,-84.504753,Harper's Station,24/7
Cincinnati Ohio 45255,39.067278,-84.325099,Kroger-Anderson Township #915,24/7;breakfast;drive thru
Cincinnati Ohio 54244,39.10112,-84.272904,Eastgate North,breakfast
Citrus Heights California 95610,38.67827,-121.284229,Greenback - Birdcage Citrus Heights,24/7
Citrus Heights California 95610,38.69383,-121.269108,Birdcage Walk - Citrus Heights,breakfast;drive thru
Citrus Heights California 95621,38.69519,-121.309029,San Juan - Greenback - Sacramento,breakfast
City of Commerce California 90040,34.00116,-118.154959,Citadel Outlets  City of Commerce,breakfast;drive thru
City of Commerce California 900403918,34.001171,-118.154984,Atlantic - Washington  (UCO),cold brew;drive thru;breakfast
City of Industry California 917451104,34.023109,-117.95578,Hacienda - Valley  City of Industry,drive thru
Clackamas Oregon 97015,45.409488,-122.504663,Clackamas (B-N),breakfast
Clackamas Oregon 97015,45.412115,-122.569089,Sunnyside Marketplace,drive thru;breakfast;cold brew;24/7
Clackamas Oregon 97015,45.412115,-122.569089,Sunnyside Town Center,breakfast
Clackamas Oregon 97015,45.41803,-122.539659,Safeway-Clackmas #1231,breakfast;cold brew;drive thru
Claremont California 91711,34.078403,-117.735657,Foothill - Claremont  CLaremont,24/7
Claremont California 91711,34.080824,-117.722402,Claremont - Wells Fargo,24/7;cold brew
Claremont California 917112236,37.864548,-122.232651,Vons-Claremont #2155,drive thru;cold brew
Claremont California 917115454,34.081871,-117.718277,Indian Hill - I-10  Claremont,cold brew;breakfast
Clarendon Hills Illinois 60514,41.78797,-87.955629,Clarendon Hills,breakfast;cold brew
Clarkston Washington 994031931,46.413601,-117.045563,Albertsons-Clarkston #241,breakfast;drive thru;24/7;cold brew
Clarksville Indiana 47129,38.3088,-85.768071,Bass Pro Shops - Clarksville,cold brew;breakfast;24/7
Clarksville Indiana 47129,38.3088,-85.768071,Target Clarksville T-2068,breakfast;24/7
Clarksville Tennessee 37040,36.590817,-87.29447,S Hampton - Wilma Rudolph,24/7
Clayton California 94517,37.937198,-121.92559,Safeway-Clayton #1195,24/7;cold brew;breakfast;drive thru
Clayton California 94517,37.942846,-121.937255,Clayton Station,24/7;breakfast
Clayton Missouri 63105,38.633475,-90.305154,Clayton,cold brew
Clayton Missouri 63105,38.650605,-90.333979,Hanley - Wydown,24/7;cold brew
Clear Lake Shores Texas 775652671,29.543243,-95.03212,Super Target Clear Lake Shores ST-1,breakfast;24/7;cold brew
Clearwater Florida 33755,27.965472,-82.800739,433 Cleveland Street,cold brew
Clearwater Florida 33759,27.959185,-82.711204,Clearwater Mall,24/7
Clearwater Florida 33761,27.940147,-82.760782,Northwood Plaza,24/7;cold brew;drive thru
Clearwater Florida 33761,28.019939,-82.737778,Countryside Mall,breakfast;24/7
Clearwater Florida 33761,28.04102,-82.738169,Countryside Blvd - Hwy 19,24/7;breakfast;drive thru;cold brew
Clearwater Florida 33764,27.87001,-82.705499,1547 US Hwy 19 S,cold brew;drive thru;24/7
Clearwater Florida 33765,27.974159,-82.743872,Super Target Clearwater ST-1820,cold brew
Cleburne Texas 76031,32.36417,-97.360659,Albertsons-Cleburne #4294,breakfast;24/7;drive thru
Clemson South Carolina 29631,34.699153,-82.831829,BI LO - Clemson #39,drive thru;24/7;cold brew;breakfast
Clermont Florida 34711,28.53371,-81.741369,Super Target Clermont ST-1519,breakfast;cold brew
Cleveland Heights Ohio 44118,41.50136,-81.538249,Cedar - Lee,cold brew;24/7
Cleveland Heights Ohio 44118,41.520405,-81.554454,Mayfield - Lee (UCO),24/7;breakfast;drive thru;cold brew
Cleveland Ohio 44102,41.486175,-81.761579,Clifton Blvd.,cold brew;drive thru;24/7
Cleveland Ohio 44106,41.50115,-81.580289,Cedar - Fairmount,breakfast;cold brew
Cleveland Ohio 44106,41.504365,-81.690459,CWRU - Residential Village,drive thru
Cleveland Ohio 44106,41.504365,-81.690459,University Circle  COB RAD,cold brew;drive thru;24/7;breakfast
Cleveland Ohio 44113,41.500085,-81.698934,West Sixth Street,drive thru;24/7
Cleveland Ohio 44114,41.504365,-81.690459,Hanna Building,breakfast;24/7;drive thru;cold brew
Cleveland Ohio 44135,41.43109,-81.807204,CLE - Airport Mall,24/7;drive thru;cold brew;breakfast
Cleveland Ohio 44135,41.43109,-81.807204,CLE - Pre Sec Servisair Ticketing,breakfast;24/7
Cleveland Ohio 44135,41.43934,-81.795949,CLE - Terminal D,drive thru;breakfast
Cleveland Ohio 44135,41.444504,-81.766582,CLE - Pre Sec Continental Ticketing,drive thru
Cleveland Ohio 44144,41.440025,-81.739004,BP Building,24/7
Cleveland Ohio 44194,41.504701,-81.690757,Society Tower,cold brew;24/7;breakfast;drive thru
Cleveland Ohio 441950002,41.547604,-81.595978,Cleveland Clinic,cold brew
Cleveland Tennessee 37311,35.162133,-84.88058,Keith - 1st,cold brew;24/7;breakfast
Clifton New Jersey 07012,40.84251,-74.158869,Albertsons-Clifton #7946,cold brew;drive thru;breakfast;24/7
Clifton Park New York 12065,42.86968,-73.814584,Clifton Park,breakfast
Clifton Virginia 22024,38.832438,-77.407013,Clifton,breakfast
Clinton Maryland 20735,38.767117,-76.896988,Safeway-Clinton #1443,24/7
Clinton Mississippi 39056,32.328955,-90.330039,I-20  Springridge,breakfast;24/7
Closter New Jersey 07624,40.972395,-73.960754,Closter,24/7;drive thru;breakfast
Clovis California 93611,36.79393,-119.674194,Ashlan - Fowler  Clovis,drive thru;breakfast;cold brew;24/7
Clovis California 93611,36.822475,-119.680269,Albertsons-Clovis #7279,drive thru
Clovis California 93611,36.845755,-119.729689,Willow - Nees  Clovis,breakfast
Clovis California 936118952,36.823959,-119.696579,Shaw - Armstrong  Clovis,cold brew
Clovis California 93612,36.81622,-119.711134,Target Clovis T-2018,cold brew;breakfast;24/7
Clovis California 93612,36.823968,-119.696589,Herndon - Fowler - Clovis,cold brew
Clovis California 93612,36.823968,-119.696589,Sierra Vista Mall Pad - Clovis,drive thru;24/7
Clovis California 93612,36.828266,-119.700474,175 West Shaw - Clovis,breakfast;24/7
Clovis California 936120150,36.823959,-119.696579,Herndon - Willow  Clovis,drive thru;cold brew;24/7;breakfast
Clovis California 936120335,36.823959,-119.696579,Herndon - Clovis  Clovis,cold brew;breakfast
Clyde Ohio 43410,41.309355,-82.974824,Commodore Perry Travel Plaza,24/7;breakfast;cold brew
Clyde Ohio 43410,41.309355,-82.974824,Erie Islands Travel Plaza,breakfast;24/7;cold brew
Coachella California 92236,33.679095,-116.175949,Grapefruit Blvd. - Park Ln.,breakfast;24/7
Coalinga California 93210,36.136673,-120.344653,Polk - Elm  Coalinga,cold brew;drive thru;breakfast
Cocoa Beach Florida 32931,28.317505,-80.610069,Cocoa Beach Surf Company,24/7;breakfast;drive thru;cold brew
Coeur d Alene Idaho 83814,47.673305,-116.748684,Ironwood,24/7;breakfast;cold brew;drive thru
Coeur D' Alene Idaho 83814,47.693748,-116.805776,Riverstone Center,cold brew
Coeur d'Alene Idaho 83814,47.67074,-116.752564,Fred Meyer - Coeur d'Alene #49,cold brew;breakfast
Coeur d'Alene Idaho 83814,47.67074,-116.752564,Safeway-Coeur d'Alene #1470,breakfast;24/7
Coeur d'Alene Idaho 89014,36.060295,-115.064598,Target Coeur d'Alene T-679,cold brew;breakfast
Cohasset Massachusetts 02025,42.242495,-70.802539,Cohasset,24/7
Colby Kansas 67701,39.39707,-101.045199,Oasis Travel Center,24/7;cold brew
Colchester Connecticut 06415,41.574438,-72.328573,Colchester,breakfast;drive thru
Colfax California 95713,39.078726,-120.956951,Auburn - Oak - Colfax,breakfast
College Park Maryland 20740,38.99169,-76.917179,College Park,24/7;cold brew;drive thru;breakfast
College Park Maryland 20742,38.988694,-76.944142,U of MD - UMUC Inn - Conference Ctr,cold brew;breakfast;24/7
College Park Maryland 20742,38.992835,-76.951579,University of Maryland,cold brew;drive thru;24/7
College Station Texas 77840,30.61191,-96.318327,Texas - Holleman,breakfast;drive thru;24/7
College Station Texas 77840,30.613768,-96.325529,Albertsons-College Station #2758,24/7;breakfast;drive thru
College Station Texas 77840,30.613768,-96.325529,Target College Station T-800,24/7;cold brew;drive thru
College Station Texas 77840,30.61751,-96.322014,Hwy 6 - University,breakfast;cold brew;24/7
College Station Texas 77845,30.57403,-96.289549,Albertsons-College Station #2702,cold brew;24/7;drive thru;breakfast
Colleyville Texas 76034,32.87441,-97.163359,Albertsons-Colleyville #4270,drive thru
Colleyville Texas 76034,32.88095,-97.160104,Glade - 121,cold brew
Collierville Tennessee 38017,35.04819,-89.620111,Collierville,breakfast;drive thru;cold brew;24/7
Collierville Tennessee 38017,35.055191,-89.732224,Nonconnah Pkwy - Houston Levee Rd,drive thru;24/7
Collierville Tennessee 38017,35.05595,-89.683484,Target Collierville T-1907,24/7
Collingwood Ontario L9Y 1A2,44.49989,-80.216824,First - Pine - Collingwood,drive thru;24/7;breakfast;cold brew
Collingwood Ontario L9Y 3Z2,44.49989,-80.216824,Blue Mountain - Collingwood,24/7;breakfast
Colorado Springs Colorado 80903,38.832356,-104.820849,Colorado Springs,drive thru;24/7;cold brew;breakfast
Colorado Springs Colorado 80903,38.833669,-104.823367,7 S.Tejon  Pikes Peak,24/7;drive thru;breakfast;cold brew
Colorado Springs Colorado 80903,38.83582,-104.817829,Safeway-Colorado Springs #1792,breakfast
Colorado Springs Colorado 80904,38.85494,-104.864579,Safeway-Colorado Springs #1286,cold brew;breakfast;24/7
Colorado Springs Colorado 80906,38.786682,-104.79669,Nevada - Cheyenne Meadows,drive thru;24/7;cold brew;breakfast
Colorado Springs Colorado 80906,38.788531,-104.827464,Centennial - Vindicator-CO Springs,drive thru;breakfast
Colorado Springs Colorado 80906,38.791103,-104.822197,Lake - Nevada (Broadmoar),24/7
Colorado Springs Colorado 80907,38.87476,-104.82137,Safeway-Colorado Springs #812,drive thru;cold brew;breakfast
Colorado Springs Colorado 80907,38.876319,-104.801783,Garden of the Gods  Centennial,drive thru
Colorado Springs Colorado 80909,38.842535,-104.758799,Citadel Mall,breakfast;drive thru;24/7;cold brew
Colorado Springs Colorado 80909,38.85201,-104.775814,Safeway-Colorado Springs #1466,24/7;cold brew
Colorado Springs Colorado 80909,38.85201,-104.775814,The Citadel (B-N),breakfast;cold brew
Colorado Springs Colorado 80918,38.91361,-104.773384,Albertsons-Colorado Springs #803,cold brew
Colorado Springs Colorado 80919,38.925582,-104.855416,King Soopers-Colorado Springs #133,cold brew;24/7
Colorado Springs Colorado 80919,38.925582,-104.855416,Safeway - Colorado Springs #2839,24/7;drive thru;cold brew
Colorado Springs Colorado 80920,38.933062,-104.772804,Woodmen - Rangewood,drive thru
Colorado Springs Colorado 80920,38.95514,-104.764739,Albertsons-Colorado Springs #0840,drive thru;breakfast;24/7
Colorado Springs Colorado 809203208,38.833111,-104.821747,North Academy Chpl Hill,drive thru;breakfast;24/7;cold brew
Colorado Springs Colorado 80922,38.893369,-104.700789,Super Target Colorado SpringsST1501,cold brew;24/7;drive thru;breakfast
Colorado Springs Colorado 80922,38.89673,-104.698509,Safeway-Colorado Springs #1499,24/7;drive thru
Colorado Springs Colorado 80922,38.926145,-104.719509,Powers - Stetson,drive thru;24/7;cold brew;breakfast
Colorado Springs Colorado 809222800,38.833111,-104.821747,Powers - Constitution,cold brew;24/7;drive thru;breakfast
Colton California 923244208,34.071732,-117.323288,Mt. Vernon - Washington  Colton,cold brew
Columbia Maryland 21044,39.208835,-76.855529,Safeway-Columbia #1553,breakfast;cold brew
Columbia Maryland 21044,39.210987,-76.880999,Howard CC - Instrc Lab Bldg Lounge,cold brew;drive thru
Columbia Maryland 210443341,39.218922,-76.858803,Columbia Mall,24/7
Columbia Maryland 21045,39.197381,-76.821049,Dobbin Center Way,cold brew;24/7;drive thru
Columbia Maryland 21045,39.204442,-76.828777,Target Columbia T-1044,cold brew;24/7;breakfast;drive thru
Columbia Missouri 65201,38.948521,-92.326088,9th - Elm,24/7;drive thru;breakfast
Columbia Missouri 65203,38.952174,-92.334157,Hy Vee Foods-Columbia,24/7
Columbia South Carolina 29205,34.002641,-80.980365,Saluda Ave-Harden St-Greene St,cold brew;breakfast
Columbia South Carolina 29206,34.02702,-80.959589,Forest Dr - Trenholm,breakfast
Columbia South Carolina 29209,33.967901,-80.938832,Target Garners Ferry T-1923,24/7;cold brew
Columbia South Carolina 29209,33.985219,-80.969959,Garners Ferry - Old Woodlands Rd,drive thru;breakfast
Columbia South Carolina 29212,34.065274,-81.157385,Columbiana Centre,cold brew;24/7
Columbia South Carolina 29223,34.088322,-80.927152,Bilo-Columbia #638,24/7;cold brew;breakfast;drive thru
Columbus Indiana 47201,39.191689,-86.026901,46 - Johnson,breakfast;24/7;drive thru;cold brew
Columbus Indiana 47201,39.20007,-85.944719,Target-Columbus T-1911,cold brew;24/7;drive thru;breakfast
Columbus Indiana 47201,39.215255,-85.918414,National - 17th,24/7;drive thru;breakfast;cold brew
Columbus Ohio 43068,39.933125,-82.830613,Brice Road,breakfast
Columbus Ohio 432011144,40.004372,-83.017693,Ohio State University,cold brew
Columbus Ohio 43202,40.019695,-83.01193,Giant Eagle-Columbus #6512,drive thru;cold brew;24/7;breakfast
Columbus Ohio 43202,40.029656,-83.032374,Broadway - N. High,24/7;breakfast;drive thru
Columbus Ohio 43206,39.962,-83.003014,3RD St. - German Village,cold brew;breakfast;24/7
Columbus Ohio 43212,39.98511,-83.044749,5th Avenue - Grandview,cold brew
Columbus Ohio 43212,39.987672,-83.042729,Kroger-Columbus #942,breakfast;24/7;drive thru
Columbus Ohio 432122403,39.985348,-82.963989,1505 5th Ave,breakfast
Columbus Ohio 43214,40.05183,-83.020064,Kroger-Columbus #819,breakfast;24/7;cold brew;drive thru
Columbus Ohio 43215,39.962,-83.003014,Arena District,cold brew;24/7
Columbus Ohio 43215,39.962,-83.003014,One Columbus Place,24/7;breakfast;drive thru
Columbus Ohio 43215,39.962638,-82.998518,88 East Broad,24/7;breakfast;cold brew;drive thru
Columbus Ohio 43215,39.965355,-83.003538,Giant Eagle-Columbus #6520,drive thru;breakfast;cold brew
Columbus Ohio 43215,39.965355,-83.003538,Kroger-Columbus #569,cold brew;drive thru;24/7
Columbus Ohio 43219,40.045022,-82.910296,Easton - Macy's,24/7
Columbus Ohio 43219,40.04988,-82.915419,Easton Town Center,breakfast;drive thru;24/7;cold brew
Columbus Ohio 43221,40.024735,-83.082489,Fiesta Lane - Lane Ave.,breakfast;cold brew;drive thru;24/7
Columbus Ohio 43229,40.08342,-82.97221,Giant Eagle Mkt-Columbus #6502,24/7;breakfast;cold brew
Columbus Ohio 43230,40.014805,-82.866854,Limited Brands Headquarters,cold brew;breakfast;24/7;drive thru
Columbus Ohio 43230,40.036385,-82.865094,Morse Rd - Hamilton Rd,cold brew;24/7
Columbus Ohio 43235,40.103196,-83.091215,Sawmill - Granville,24/7;drive thru
Columbus Ohio 43235,40.1038,-83.053489,Giant Eagle Mkt-Columbus #6504,breakfast;drive thru;cold brew
Columbus Ohio 43235,40.120308,-83.009796,Crosswoods,breakfast;cold brew;24/7;drive thru
Columbus Ohio 43240,40.14149,-82.978656,Polaris,drive thru;24/7;breakfast
Columbus Ohio 43240,40.144243,-82.982988,Bank One Cafe,breakfast;cold brew;24/7
Columbus Ohio 43240,40.144243,-82.982988,The Great Indoors - Columbus,breakfast;drive thru
Columbus Ohio 432402042,39.962021,-83.003014,Polaris Fashion Place Inline,24/7
Columbus Ohio 432402042,39.962021,-83.003014,Polaris Fashion Place Kiosk,24/7;drive thru;breakfast;cold brew
Commack New York 11725,40.847146,-73.291461,Commack-Peppertree Commons,24/7;breakfast;drive thru
Compton California 90220,33.895265,-118.262824,Compton - Alameda  Compton (UCO),drive thru;24/7;breakfast
Compton California 902205309,33.894131,-118.224274,Central - The 91 Fwy  Compton (UCO),24/7;cold brew;drive thru;breakfast
Concord California 94518,37.950612,-122.023851,Oak Grove - Treat - Concord,cold brew;24/7;breakfast;drive thru
Concord California 94519,37.981819,-122.01358,Concord - Landana - Concord,24/7;breakfast;drive thru;cold brew
Concord California 94520,37.966122,-122.05603,Sunvalley Mall - Concord,drive thru;cold brew;breakfast
Concord California 94520,37.980892,-122.053214,Safeway-Concord #955,drive thru;breakfast;cold brew;24/7
Concord California 94520,37.98421,-122.041248,Concord - John Glenn - Concord,drive thru
Concord California 94520,37.98421,-122.041248,Monument - Erickson - Concord,breakfast;drive thru
Concord California 94520,37.98421,-122.041248,Port Chicago - Olivera - Concord,cold brew;breakfast;24/7;drive thru
Concord California 94520,38.013629,-121.997509,Willow Pass Road - Concord,cold brew;24/7;drive thru;breakfast
Concord California 94521,37.980816,-122.025196,Clayton - Treat - Concord,cold brew;drive thru
Concord California 95420,39.36375,-123.798512,Willow Pass - Market - Concord,breakfast;24/7
Concord Massachusetts 01742,42.456261,-71.38536,Concord,24/7
Concord North Carolina 28027,35.41795,-80.614469,Concord  Hwy 29,breakfast;cold brew
Concord North Carolina 28027,35.44727,-80.614549,Concord Mill,24/7;cold brew;drive thru;breakfast
Conifer Colorado 80433,39.505173,-105.309853,King Soopers-Aspen Park #87,breakfast
Conifer Colorado 80433,39.543077,-105.292154,Safeway-Conifer #0011,cold brew;24/7
Conroe Texas 77304,30.336771,-95.47953,I-45 - SH 105,cold brew;24/7;breakfast
Conroe Texas 77304,30.385761,-95.539666,Kroger-Conroe #736,drive thru
Conshohocken Pennsylvania 19428,40.07929,-75.300954,Genuardi-Conshohocken,24/7
Conshohocken Pennsylvania 19428,40.10107,-75.304864,Ridge - Butler,breakfast;cold brew;24/7;drive thru
Conway Arkansas 72032,35.081495,-92.393357,Target Conway T-1891,24/7;cold brew
Conway Arkansas 72032,35.090752,-92.390309,Hwy 64 - Museum,drive thru;24/7
Conway Arkansas 72032,35.110722,-92.439671,Hwy 65 - O'Bryant,cold brew;drive thru
Conyers Georgia 30013,33.650514,-84.009332,1515 Hwy 138,cold brew;24/7;drive thru;breakfast
Coon Rapids Minnesota 55433,45.151616,-93.290799,Coon Rapids,cold brew;drive thru;breakfast;24/7
Coon Rapids Minnesota 554336033,45.129955,-93.26416,Target Northtown T-820,drive thru;breakfast;24/7
Coppell Texas 75019,32.97429,-96.960304,MacArthur - Beltline,cold brew
Coppell Texas 75019,32.98832,-96.993224,Denton Tap - Sandy Lake Rd.,24/7
Copper City Florida 33328,26.058815,-80.271864,Stirling Rd - Pine Island Rd,24/7;cold brew;drive thru
Copper Colorado 80443,39.569461,-106.099434,Intrawest-Copper Resort Village #3,breakfast;24/7
Coral Gables Florida 33124,25.728981,-80.237419,U of Miami - Richter Library,24/7;cold brew;drive thru;breakfast
Coral Gables Florida 33134,25.749435,-80.264069,The Miracle Building,breakfast
Coral Gables Florida 33146,25.70922,-80.283299,South Dixie,breakfast;24/7;cold brew;drive thru
Coral Springs Florida 33065,26.272535,-80.256429,Trade Center,cold brew
Coral Springs Florida 33076,26.297986,-80.268475,Holmberg - Coral Springs Dr.,breakfast;drive thru
Coralville Iowa 52241,41.69472,-91.586979,Coral Ridge Mall - Coraville  IA,breakfast;24/7;drive thru;cold brew
Cordova Tennessee 38018,35.11685,-89.801054,Dexter - Germantown,cold brew
Cordova Tennessee 38018,35.122731,-89.798587,Germantown Pkwy. - Trinity Rd.,drive thru;cold brew
Cordova Tennessee 38018,35.14127,-89.783609,Super Target Cordova ST-1844,24/7;breakfast;cold brew;drive thru
Cordova Tennessee 38018,35.151589,-89.79105,Kroger - Cordova TN #410,breakfast;24/7;cold brew;drive thru
Corfu New York 14036,42.964255,-78.405879,Pembroke Travel Plaza,cold brew
Cornelias Oregon 97113,45.523755,-123.048289,19th - E Baseline,cold brew
Cornelius North Carolina 28031,35.48158,-80.859022,Lake Norman Blvd.,breakfast;drive thru;cold brew;24/7
Cornelius North Carolina 280316445,35.481682,-80.85923,Harris Teeter-Cornelius #179,breakfast
Corning California 96021,39.903145,-122.200309,I-5 - Corning - Corning,24/7;drive thru;cold brew;breakfast
Corona California 91719,33.877895,-117.575039,Albertsons-Corona #696   (6796),24/7;breakfast
Corona California 91719,33.877895,-117.575039,Vons-Corona #2381,cold brew;24/7;breakfast
Corona California 928793304,33.877892,-117.57502,Magnolia - Ontario  Corona,24/7;breakfast;cold brew;drive thru
Corona California 928796562,33.877892,-117.57502,McKinley - Magnolia  Corona,24/7;breakfast;drive thru;cold brew
Corona California 928809630,33.877892,-117.57502,Cloverdale - Hamner  Corona,24/7
Corona California 928814628,33.889561,-117.553673,Cajalco - Highway 15  Corona,breakfast;24/7;cold brew
Corona California 92882,33.86306,-117.592925,Albertsons-Corona #6727,drive thru
Corona Del Mar California 92625,33.601391,-117.866981,Corona Del Mar,drive thru;24/7;breakfast;cold brew
Coronado California 92118,32.629753,-117.138629,Coronado,24/7;drive thru
Corpus Christi Texas 78411,27.717703,-97.373502,SPID - Staples,24/7;drive thru;cold brew
Corte Madera California 94925,37.924411,-122.529445,Safeway-Corte Madera #2318,drive thru;24/7
Corte Madera California 94925,37.929136,-122.5185,Corte Madera,cold brew
Corvallis Oregon 97330,44.57827,-123.244089,Safeway-Corvallis #1690,24/7;drive thru;cold brew;breakfast
Corvallis Oregon 97330,44.603061,-123.27487,9th - Garfield - Corvallis,24/7;cold brew;drive thru
Corvallis Oregon 97330,44.67209,-123.219739,Timberhill,cold brew
Corvallis Oregon 973305620,44.565041,-123.263512,Fred Meyer-Corvallis #70,drive thru;breakfast;cold brew
Corvallis Oregon 97333,44.538224,-123.288912,Safeway - Corvallis #1765,cold brew;24/7;drive thru
Corvallis Oregon 97333,44.563945,-123.234509,Corvallis,cold brew;breakfast;drive thru
Cos Cob Connecticut 06807,41.043082,-73.592445,Cos Cob,cold brew;24/7;drive thru;breakfast
Costa Mesa California 92626,33.66388,-117.903424,Harbor - Adams - Costa Mesa,cold brew;breakfast;24/7;drive thru
Costa Mesa California 92626,33.67184,-117.919139,Harbor - Baker  Costa Mesa,cold brew
Costa Mesa California 92626,33.68755,-117.882059,Bristol - I-405  Costa Mesa,breakfast;cold brew
Costa Mesa California 92626,33.689071,-117.897759,Metro Point,drive thru;breakfast;cold brew
Costa Mesa California 92626,33.690085,-117.884464,Anton - Sakioka  Costa Mesa,24/7;cold brew
Costa Mesa California 926266204,33.642265,-117.9133,Harbor - Wilson  Costa Mesa,breakfast;cold brew;drive thru;24/7
Costa Mesa California 92627,33.633165,-117.913924,17th - Newport Blvd. - Costa Mesa,24/7;drive thru
Cottage Grove Minnesota 55016,44.83366,-92.953224,Cottage Grove-E. Point Douglas,drive thru
Cottonwood Arizona 86326,34.726635,-112.025029,Safeway-Cottonwood #2052,breakfast;cold brew;drive thru;24/7
Council Bluffs Iowa 51501,41.25276,-95.875292,Bass Pro Shops - Council Bluffs,cold brew;breakfast
Countryside Illinois 60525,41.79859,-87.873934,Dominick's-Countryside #1056,cold brew;drive thru;breakfast;24/7
Covina California 91722,34.09705,-117.907689,Albertsons-Covina #697 6597,24/7;cold brew;drive thru;breakfast
Covina California 917232002,34.08744,-117.889023,Citrus - College  Covina,cold brew;breakfast;drive thru;24/7
Covina California 917242950,34.087467,-117.872612,N. Grand Ave - Badillo St  Covina,drive thru;cold brew;breakfast
Covington Kentucky 41011,39.0513,-84.537744,N Kentucky Conv Ctr,drive thru;breakfast;24/7
Covington Louisiana 70433,30.476395,-90.085774,Lake Dr - US 190,breakfast
Covington Washington 98042,47.35897,-122.117624,Covington Place,breakfast
Cranberry Township Pennsylvania 16066,40.705518,-80.110804,Giant Eagle Mkt-Cranberry Twp #665,cold brew
Cranberry Township Pennsylvania 160665012,40.684978,-80.105431,Freedom Road,drive thru;24/7
Cranberry Township Pennsylvania 160665311,40.688126,-80.082306,Cranberry Commons,breakfast;24/7
Cranbury New Jersey 08512,40.3282,-74.505034,Molly Pitcher Adj Snackbar,breakfast;cold brew;drive thru
Cranston Rhode Island 02910,41.77884,-71.435219,Garden City-Cranston,cold brew;24/7
Crestview Hills Kentucky 41017,39.025728,-84.564905,I-275 - Dixie Hwy,breakfast;cold brew;24/7;drive thru
Crestwood Illinois 604451425,41.640759,-87.737862,Crestwood Commons,drive thru;cold brew;breakfast
Creve Coeur Missouri 63141,38.682205,-90.488454,Olive - Craig,cold brew
Cripple Creek Colorado 80813,38.800974,-105.195078,Double Eagle Casino,24/7
Crystal Lake Illinois 60014,42.245221,-88.321916,Crystal Lake Downtown,24/7
Culver City California 90230,33.984546,-118.393034,Fox Hills,24/7;drive thru;cold brew;breakfast
Culver City California 90230,33.991065,-118.391419,Safeway-Culver City #2212,24/7
Culver City California 90230,33.995527,-118.398149,Target Culver City T-198,breakfast
Culver City California 90232,34.020095,-118.392265,Washington - Overland - Culver City,breakfast;cold brew;24/7
Culver City California 902322722,33.998119,-118.40255,Washington - Culver,breakfast;cold brew;drive thru;24/7
Cumming Georgia 30040,34.192085,-84.135864,Hwy 9 - Bethelview,24/7;breakfast;drive thru;cold brew
Cumming Georgia 30041,34.179382,-84.111757,Super Target Cummings ST-1394,24/7;drive thru
Cupertino California 95014,37.31807,-122.041454,Homestead - Wolfe - Cupertino,24/7;breakfast;drive thru
Cupertino California 95014,37.323035,-122.004974,Steven's Creek - Stelling,cold brew
Cupertino California 95014,37.323086,-122.064431,Cupertino,cold brew;drive thru
Cypress California 906304601,33.823814,-118.028358,Valley View - Ball  Cypress,drive thru
Cypress California 906305143,33.82436,-118.037491,Katella - Meridian  Cypress,breakfast;24/7
Cypress Texas 77429,29.98045,-95.653458,Target Cypress T-1894,drive thru;breakfast
Dacula Georgia 30019,34.050389,-83.907875,Hamilton Mill Rd - Braselton Hwy,breakfast;24/7;cold brew
Dale City Virginia 22193,38.64507,-77.347039,Safeway-Dale City #1702,drive thru;cold brew;24/7
Dale City Virginia 22193,38.645749,-77.334851,Cheshire Station S C,breakfast
Dallas Georgia 30123,34.24241,-84.852598,Kroger - Dallas #634,cold brew;24/7;breakfast;drive thru
Dallas Oregon 97338,44.92414,-123.326129,244 Ellendale Ave- Dallas  OR,cold brew
Dallas Oregon 97338,44.92433,-123.326129,Safeway - Dallas -#4404,breakfast;24/7;cold brew
Dallas Texas 75026,33.02078,-96.699214,Randall's - Dallas #2642,drive thru;breakfast
Dallas Texas 75080,32.97486,-96.742739,Tom Thumb-Dallas #3637,breakfast;cold brew;24/7;drive thru
Dallas Texas 75201,32.778155,-96.795404,Hotel Crescent Court,breakfast
Dallas Texas 75201,32.778155,-96.795404,Magnolia Hotel,cold brew;drive thru;24/7;breakfast
Dallas Texas 75201,32.782498,-96.797438,1700 Pacific Ave.,24/7
Dallas Texas 75201,32.786542,-96.798766,Trammel Crow Office Tower - Lobby,cold brew
Dallas Texas 75202,32.77902,-96.803099,Dallas Convention Center,breakfast;drive thru
Dallas Texas 75202,32.77902,-96.803099,Nations Bank Plaza,cold brew;drive thru;breakfast;24/7
Dallas Texas 75204,32.793655,-96.797444,Columbus Square,breakfast;24/7;cold brew;drive thru
Dallas Texas 75204,32.803745,-96.787969,Cole - Lemmon,breakfast
Dallas Texas 75205,32.822505,-96.787081,Knox Street,drive thru
Dallas Texas 75205,32.82848,-96.797034,Highland Park Village,drive thru
Dallas Texas 75205,32.836595,-96.780419,Mockingbird - Airline,24/7;cold brew;breakfast;drive thru
Dallas Texas 75205,32.84979,-96.787879,Snider Plaza,drive thru;cold brew;24/7;breakfast
Dallas Texas 75206,32.820055,-96.770169,Greenville - Caruth Haven,breakfast;cold brew;24/7
Dallas Texas 75206,32.820055,-96.770169,Lovers Lane - Greenville Ave,cold brew
Dallas Texas 75206,32.82822,-96.771209,N. Central Exp - Mockingbird,breakfast;cold brew;drive thru
Dallas Texas 75207,32.778155,-96.795404,World Trade Center Dallas,drive thru
Dallas Texas 75209,32.851185,-96.818429,Inwood Village,cold brew;breakfast
Dallas Texas 75212,32.766624,-96.858703,I-30 - Cockrell Hill,cold brew;24/7
Dallas Texas 75214,32.822111,-96.735448,Lakewood,breakfast
Dallas Texas 75214,32.82398,-96.749749,Tom Thumb-Dallas #2534,drive thru;breakfast;24/7;cold brew
Dallas Texas 75218,32.8344,-96.701309,Casa Linda,24/7
Dallas Texas 75219,32.82018,-96.815144,Lemmon - Knight,drive thru;24/7;cold brew;breakfast
Dallas Texas 75219,32.82113,-96.802384,Oaklawn - Rawlins,cold brew
Dallas Texas 75220,32.778155,-96.795404,NW Hwy - Midway,breakfast
Dallas Texas 75220,32.87565,-96.89792,Northwest Highway - I-35,cold brew;drive thru;24/7;breakfast
Dallas Texas 75225,32.86486,-96.788634,Randalls-Dallas #3608,drive thru;breakfast;cold brew;24/7
Dallas Texas 75225,32.864873,-96.808033,Berkshire Court,drive thru;24/7;breakfast
Dallas Texas 75230,32.901999,-96.792139,Tom Thumb-Dallas #3597,drive thru
Dallas Texas 75230,32.90821,-96.80406,Preston - Forest,24/7;cold brew;drive thru;breakfast
Dallas Texas 75230,32.908988,-96.791608,Forest - Park Central,drive thru;breakfast;cold brew;24/7
Dallas Texas 75230,32.910491,-96.784855,Preston Royal,drive thru
Dallas Texas 75231,32.870695,-96.762719,Northwest Hwy - Shadybrook,breakfast;drive thru
Dallas Texas 75231,32.87734,-96.752649,Super Target Dallas ST-1784,cold brew;24/7;breakfast;drive thru
Dallas Texas 75235,32.778155,-96.795404,Childrens Medical Center Dallas,24/7
Dallas Texas 752372503,32.77813,-96.795403,Camp Wisdom - Hwy. 67 (UCO),24/7
Dallas Texas 75240,32.92902,-96.803464,Preston - Beltline,breakfast;24/7;cold brew;drive thru
Dallas Texas 75240,32.92937,-96.820744,Galleria North,cold brew;24/7
Dallas Texas 75240,32.93321,-96.789519,Greenville - Matalee,24/7;drive thru
Dallas Texas 75240,32.938127,-96.80508,Preston - Alpha,cold brew;24/7;drive thru;breakfast
Dallas Texas 75240,32.93955,-96.822259,Dallas Galleria,24/7;breakfast;cold brew;drive thru
Dallas Texas 75243,32.8982,-96.738879,Royal - Abrams,cold brew
Dallas Texas 75243,32.90411,-96.712964,Skillman - Audelia,cold brew
Dallas Texas 75243,32.911929,-96.73726,Kroger-Dallas #588,drive thru;breakfast
Dallas Texas 75244,32.93643,-96.824222,Inwood - Willow,24/7;cold brew;breakfast;drive thru
Dallas Texas 75248,32.96908,-96.794569,Super Target North Dalls ST-1775,breakfast;cold brew;24/7;drive thru
Dallas Texas 75248,32.972685,-96.784024,Hillcrest - Arapaho,drive thru;breakfast;cold brew;24/7
Dallas Texas 75252,32.99085,-96.801284,Preston - Frankford,breakfast;cold brew
Dallas Texas 75261,32.8932,-97.039829,DFW - Concourse D  Simply Books,drive thru;cold brew;breakfast
Dallas Texas 75261,32.8932,-97.039829,DFW - Term A  Gate A13 N. Station,breakfast;24/7
Dallas Texas 75261,32.8932,-97.039829,DFW - Term A  Gate A29 S. Station,24/7
Dallas Texas 75261,32.8932,-97.039829,DFW - Term C  Gate C27 S. Station,cold brew;breakfast
Dallas Texas 75261,32.8932,-97.039829,DFW - Term C  Gate C8 North Station,drive thru;breakfast;24/7;cold brew
Dallas Texas 75261,32.8932,-97.039829,DFW - Term E  Gate E8 North Station,drive thru;24/7
Dallas Texas 75261,32.8932,-97.039829,DFW - Terminal A,24/7;breakfast
Dallas Texas 75261,32.8932,-97.039829,DFW - Terminal B,cold brew;24/7;drive thru
Dallas Texas 75261,32.8932,-97.039829,DFW -Term B  Gate B28 North Station,24/7;cold brew
Dallas Texas 75270,32.778156,-96.795401,Renaissance Tower,24/7
Dallas Texas 75287,32.997473,-96.828197,Frankford - Marsh,24/7;drive thru
Dallas Texas 75287,32.997473,-96.828197,Frankford - Tollway,24/7;breakfast;drive thru;cold brew
Daly City California 94014,37.708034,-122.469152,John Daly - Highway 280 - Daly City,24/7;cold brew;drive thru;breakfast
Daly City California 940142558,37.690678,-122.465752,Mission St. Gambetta - Daly City,24/7;cold brew;drive thru
Daly City California 94015,37.681039,-122.479667,Gellert - Serramonte - Daly City,breakfast;24/7;cold brew
Daly City California 94015,37.681039,-122.479667,Serramonte Center - Daly City,cold brew
Daly City California 94015,37.681039,-122.479667,Westlake Center - Daly City,24/7;breakfast
Dana Point California 92629,33.46552,-117.706449,Del Prado - Amber Lantern  Dana Pt,breakfast;24/7;cold brew;drive thru
Dana Point California 92629,33.47725,-117.703695,Albertsons-Dana Point #6558,24/7;breakfast
Dana Point California 92629,33.479985,-117.697649,Golden Lantern - Camino de Avion  D,cold brew;breakfast;drive thru
Dana Point California 926293422,33.458889,-117.701286,PCH - Crown Valley  Dana Point,cold brew
Dana Point California 926294204,33.475689,-117.717033,Ritz Carlton Dr. - PCH - Dana Point,24/7;drive thru;breakfast;cold brew
Danbury Connecticut 06801,41.372184,-73.412639,Danbury-Mill Plain Rd.,drive thru;cold brew;breakfast;24/7
Danbury Connecticut 06811,41.445955,-73.444604,Danbury,breakfast;24/7;cold brew
Danville California 94506,37.80604,-121.913569,Safeway-Danville #1211,24/7;drive thru;cold brew;breakfast
Danville California 94526,37.813224,-121.984865,Railroad - Love - Danville,24/7;breakfast;drive thru
Danville California 94526,37.821471,-122.005739,Danville,24/7
Darien Connecticut 06820,41.065365,-73.482424,Darien,breakfast;24/7;cold brew
Dartmouth Massachusetts 02747,41.628219,-70.966035,Dartmouth Mall,breakfast;cold brew;24/7;drive thru
Dartmouth Nova Scotia B3A 4N3,44.67401,-63.575339,Chapters-Mic Mac Mall,drive thru;24/7;breakfast;cold brew
Davenport Iowa 52806,41.5733,-90.600409,Davenport - NorthPark Mall,breakfast;24/7;cold brew
Davenport Iowa 52807,41.56802,-90.535539,Super Target Davenport ST-0533,breakfast
Davie Florida 33028,26.017033,-80.348824,Griffin Rd - University Dr,drive thru
Davie Florida 33324,26.11273,-80.272588,Super Target Ft Lauderdale Davie ST,breakfast
Davis California 95616,38.52964,-121.768494,Hwy 113 - Covell - Davis,cold brew;breakfast
Davis California 95616,38.546663,-121.744775,3rd - F Street - Davis,cold brew;24/7;drive thru;breakfast
Davis California 95616,38.55439,-121.762394,Russell - Anderson - Davis,cold brew
Davis California 95616,38.55439,-121.762394,Safeway-Davis #1561,breakfast
Dawsonville Georgia 30534,34.408276,-84.114618,Kroger - Dawsonville #470,cold brew;24/7
Dayton Ohio 452492312,39.756775,-84.185616,U of Dayton-Brown St,24/7;drive thru;cold brew;breakfast
Dayton Ohio 45440,39.676802,-84.106259,Target Dayton T-1940,24/7
Dayton Ohio 45459,39.651982,-84.198643,Mad River,cold brew;breakfast;24/7;drive thru
Daytona Beach Florida 321141116,29.203569,-81.039398,Target Daytona Beach T-688,breakfast;drive thru;24/7
Daytona Beach Florida 32118,29.178035,-80.983944,Plaza Blvd - A1A,cold brew
Daytona Beach Florida 32118,29.202129,-81.00177,A1A at Bandshell Plaza,cold brew;24/7;drive thru;breakfast
Dearborn Heights Michigan 48127,42.33576,-83.283909,Fordview Plaza,24/7;breakfast;cold brew;drive thru
Dearborn Michigan 48124,42.303575,-83.231654,Dearborn Michigan,cold brew;drive thru
Dearborn Michigan 48126,42.312295,-83.208794,Michigan - Oakman  Dearborn,drive thru;cold brew;24/7;breakfast
Dearborn Michigan 48126,42.32209,-83.176239,Fairlane Town Center (UCO),breakfast;24/7;cold brew
Decatur Georgia 30031,33.77401,-84.296589,Decatur Square,drive thru;cold brew;24/7;breakfast
Decatur Georgia 30033,33.794055,-84.280424,Kroger - Decatur #459,breakfast
Decatur Georgia 30035,33.726859,-84.206692,Hairston Rd - Covington Hwy (UCO),24/7;drive thru
Decatur Illinois 62526,39.87886,-88.956579,Target Decatur T-1951,drive thru;breakfast;24/7
Decatur Texas 76234,33.234105,-97.609674,Hwy. 380 - Hwy. 287,drive thru;cold brew;breakfast;24/7
Dedham Massachusetts 02026,42.246602,-71.173771,Dedham Mall  Pad,breakfast
Deer Park New York 11729,40.76588,-73.331174,Deer Park  Rt. 231,cold brew;drive thru;breakfast;24/7
Deerfield Illinois 60015,42.19396,-87.867039,Deerbrook Mall,breakfast
Deerfield Illinois 60015,42.19396,-87.867039,Deerfield,drive thru
DeKalb Illinois 60115,41.929305,-88.749304,DeKalb Travel Oasis Space D,breakfast;cold brew;24/7
Dekalb Illinois 60115,41.929305,-88.749304,Dekalb-Sycamore Rd.,breakfast
Del Mar California 92014,32.979299,-117.269231,Albertsons-Del Mar #6702,cold brew;drive thru;breakfast
Del Mar California 92014,32.979299,-117.269231,Del Mar,breakfast;drive thru
Del Mar California 92130,32.945812,-117.213099,Vons-Del Mar #2119,cold brew
Del Rey Oaks California 93940,36.590135,-121.881502,Canyon Del Rey - Hwy 68 - Del Rey O,breakfast;drive thru;cold brew
Delafield Wisconsin 53018,43.04937,-88.394392,Target Delafield T-864,cold brew;drive thru;24/7;breakfast
Delafield Wisconsin 53018,43.057638,-88.404258,Delafield-Nagawaukee,24/7;cold brew
Delevan Wisconsin 53115,42.62062,-88.667994,Delevan-I-43 - Hwy 50,drive thru;breakfast;cold brew;24/7
Delray Beach Florida 33444,26.461719,-80.070986,205 E. Atlantic Ave.,drive thru;24/7
Delray Beach Florida 334462383,26.464359,-80.074203,Via Addison,drive thru
Denton Texas 76201,33.220815,-97.139044,Kroger-Denton #493,breakfast;24/7
Denton Texas 76201,33.230828,-97.125918,University Dr - Carroll Blvd,drive thru;breakfast;cold brew
Denton Texas 76205,33.19343,-97.125359,Albertsons-Denton #4153,24/7;breakfast;cold brew;drive thru
Denton Texas 76208,33.18299,-97.066274,Kroger-Denton #586,cold brew;drive thru;breakfast
Denver Colorado 80033,39.706942,-104.920358,5835 Leetsdale,cold brew;breakfast;drive thru
Denver Colorado 80202,39.741329,-104.999207,17th - Stout,drive thru;24/7;cold brew;breakfast
Denver Colorado 80202,39.742104,-104.999588,18th - Champa,drive thru
Denver Colorado 80202,39.747525,-104.995244,16th St. - Blake,cold brew;drive thru;24/7;breakfast
Denver Colorado 80202,39.747525,-104.995244,16th Street - Curtis,breakfast;cold brew
Denver Colorado 80202,39.747692,-104.983711,16th - Tremont,cold brew;24/7
Denver Colorado 80202,39.7506,-104.995609,Denver Marriott CC - Lobby,drive thru;breakfast;cold brew
Denver Colorado 80202,39.7506,-104.995609,Grand Hyatt Denver,cold brew;breakfast;drive thru
Denver Colorado 80202,39.7506,-104.995609,REI Denver,24/7
Denver Colorado 80202,39.7506,-104.995609,UMB Bank Plaza,24/7
Denver Colorado 80202,39.7506,-104.995609,Westin Tabor Center - Lobby,breakfast
Denver Colorado 80202,39.7506,-104.995609,Writer Square,cold brew
Denver Colorado 80202,39.751405,-104.995444,18th - California,breakfast;drive thru;24/7
Denver Colorado 80202,39.75154,-104.994414,Larimer Square,cold brew;24/7
Denver Colorado 80203,39.716713,-104.986107,6th - Lincoln,cold brew
Denver Colorado 80203,39.732029,-104.982468,6th - Grant (Lattas),cold brew
Denver Colorado 80204,39.7365,-105.018839,Bass Pro Shops - Denver - lobby,drive thru;breakfast;24/7;cold brew
Denver Colorado 80205,39.76013,-104.969634,Colfax - Kalamath (UCO),24/7
Denver Colorado 80205,39.76013,-104.969634,Safeway - Denver #2246,drive thru
Denver Colorado 80206,39.707939,-104.942807,Cherry Creek II,breakfast;drive thru;24/7;cold brew
Denver Colorado 80206,39.716477,-104.940446,8th - Colorado,breakfast;24/7
Denver Colorado 80206,39.73051,-104.952299,Safeway-Denver #100,24/7
Denver Colorado 80206,39.739515,-104.946714,Colfax - Milwaukee-Denver,breakfast
Denver Colorado 80206,39.897472,-104.933574,Cherry Creek,drive thru
Denver Colorado 80207,39.7583,-104.934469,Stapleton TC-29th - Quebec (UCO),cold brew
Denver Colorado 80209,39.704754,-104.973358,Alameda - Downing,drive thru;24/7;cold brew
Denver Colorado 80209,39.70658,-104.965169,Albertsons-Denver #885,breakfast;24/7;cold brew
Denver Colorado 80209,39.770248,-105.021713,Athletic Club at Denver Place,breakfast;24/7
Denver Colorado 80210,39.67853,-104.963529,Safeway - Denver #1463,drive thru;breakfast;24/7;cold brew
Denver Colorado 80210,39.67853,-104.963529,Safeway-Denver #1038,24/7;breakfast;cold brew;drive thru
Denver Colorado 80210,39.68024,-104.959399,University and Asbury,cold brew;24/7;drive thru;breakfast
Denver Colorado 80211,39.76623,-105.020489,Safeway-Denver #244,drive thru;24/7
Denver Colorado 80211,39.76623,-105.020489,Speer - Federal - Denver,drive thru
Denver Colorado 80218,39.732045,-104.971239,Safeway-Denver #1614,drive thru;cold brew;breakfast;24/7
Denver Colorado 80218,39.744835,-104.972769,18th - Franklin - Denver  CO,drive thru;cold brew;breakfast
Denver Colorado 802183738,39.739979,-104.992264,King Soopers-Denver #29,cold brew
Denver Colorado 80220,39.73365,-104.916699,King Soopers - Denver #5,24/7
Denver Colorado 80220,39.73365,-104.916699,Safeway-Denver #2714,breakfast
Denver Colorado 80220,39.74022,-104.908749,Colfax - Krameria,drive thru
Denver Colorado 80222,39.65303,-104.938019,Hampden - Happy Canyon,cold brew
Denver Colorado 80222,39.670959,-104.927563,Safeway-Denver #1267,breakfast;cold brew;24/7
Denver Colorado 80222,39.670959,-104.927563,Safeway-Denver #29,cold brew;24/7
Denver Colorado 80222,39.67666,-104.912849,Monaco - Evans,cold brew;24/7;breakfast;drive thru
Denver Colorado 80222,39.72518,-104.959454,University Hills,cold brew;drive thru
Denver Colorado 80223,39.684045,-105.009439,Colorado - Arizona,cold brew
Denver Colorado 80223,39.717485,-104.998574,Santa Fe - Mississippi,24/7;drive thru;breakfast
Denver Colorado 80224,39.690834,-104.912005,Safeway-Denver #1115,drive thru;24/7;cold brew;breakfast
Denver Colorado 80227,39.668535,-105.088789,King Soopers-Denver #19,24/7;cold brew
Denver Colorado 80227,39.668535,-105.088789,Safeway-Denver #1145,drive thru;breakfast
Denver Colorado 80229,39.881058,-104.927162,102nd - Grant-Thornton,drive thru
Denver Colorado 802306181,39.739979,-104.992264,Albertsons-Denver #836,cold brew;breakfast;drive thru
Denver Colorado 80231,39.670406,-104.891632,Albertsons-Denver #822,drive thru;cold brew
Denver Colorado 80237,39.64558,-104.895069,Tamarac,drive thru
Denver Colorado 80238,39.76014,-104.884089,SuperTarget  Denver Stapltn ST-2052,drive thru;cold brew
Denver Colorado 80239,39.787608,-104.82604,Albertsons-Denver #831,drive thru;cold brew
Denver Colorado 80290,39.74001,-104.992259,Atrium  1700 Broadway,breakfast
Denville New Jersey 07834,40.87039,-74.51663,Route 10 Denville,cold brew;24/7
Denville New Jersey 07834,40.888071,-74.477805,Denville,breakfast
Depew New York 14043,42.895665,-78.696929,Transit - French  Cheektowaga,cold brew;breakfast;24/7;drive thru
Des Moines Iowa 50266,41.57686,-93.790544,Super Target Des Moines SW ST-1901,drive thru;breakfast
Des Moines Iowa 50309,41.584805,-93.634264,Tenth - Locust,cold brew;breakfast;24/7;drive thru
Des Moines Iowa 50310,41.624625,-93.668321,Target Des Moines North T-2041,drive thru;24/7
Des Moines Iowa 50310,41.643135,-93.697979,Merle Hay - Douglas,cold brew;24/7
Des Moines Washington 98032,47.380285,-122.237419,Redondo,cold brew;drive thru;breakfast;24/7
Des Moines Washington 98188,47.449525,-122.280269,Safeway-Seattle #3540,24/7;cold brew
Des Moines Washington 98198,47.395374,-122.297809,Safeway - Des Moines #1186,cold brew;breakfast;24/7;drive thru
Des Peres Missouri 63131,38.603017,-90.447818,West County Mall Kiosk,cold brew
Des Plaines Illinois 60018,42.01153,-87.894305,Des Plaines Travel Oasis Space J,breakfast;cold brew;24/7
DeSoto Texas 75115,32.604268,-96.841791,Pleasant Run - Hampton,drive thru;breakfast
Destin Florida 32541,30.392945,-86.495772,Destin Commons,breakfast;drive thru;24/7;cold brew
Destin Florida 32541,30.39297,-86.457899,Target Destin T-2085,cold brew;breakfast;drive thru
Destin Florida 32550,30.37513,-86.360489,Sandestin Baytowne,cold brew;drive thru;24/7;breakfast
Destin Florida 32550,30.37513,-86.360489,Sandestine Marketplace,24/7
Destin Florida 32550,30.382092,-86.35183,Intrawest-Sandestin #3,breakfast
Detroit Michigan 48202,42.356121,-83.06459,Wayne State University,24/7;cold brew;breakfast;drive thru
Detroit Michigan 48215,42.37016,-82.957439,Jefferson - E. Grand Blvd. (UCO),breakfast;cold brew;24/7;drive thru
Detroit Michigan 48226,42.331685,-83.047924,Buhl Building,drive thru;cold brew;24/7;breakfast
Detroit Michigan 482264359,42.331661,-83.04792,Millender Center,drive thru;breakfast;24/7;cold brew
Detroit Michigan 48242,42.2211,-83.347919,DTW - Conc A  Smith Term,breakfast;drive thru;24/7;cold brew
Detroit Michigan 48242,42.2211,-83.347919,DTW - Concourse B  Smith Term,breakfast;drive thru;24/7;cold brew
Detroit Michigan 48242,42.2211,-83.347919,DTW - Detroit Conc A  Smith Term2,cold brew;24/7;drive thru
Detroit Michigan 48242,42.2211,-83.347919,DTW - Food Court L-6  Midfield Term,cold brew;24/7;breakfast;drive thru
Detroit Michigan 48242,42.2211,-83.347919,DTW Detroit CSB Fntn  Midfield Term,cold brew
Detroit Michigan 48243,42.330055,-83.040374,Marriott RenCen Detroit,24/7;breakfast;cold brew
Diamond Bar California 91765,34.038369,-117.803264,Diamond Bar - Grand,drive thru
Diamond Bar California 91765,34.038369,-117.803264,Vons-Diamond Bar #2062,cold brew
Dickinson Texas 77539,29.464025,-95.046239,Kroger-Dickinson #241,breakfast;24/7;cold brew;drive thru
Dickson City Pennsylvania 18519,41.462308,-75.625366,Dickson City,cold brew;drive thru;24/7
Dieppe New Brunswick E1A 6S5,46.09504,-64.750854,Chapters-Moncton,breakfast;cold brew
Dillon Colorado 80435,39.630208,-106.051449,Dillon Ridge Market Place,breakfast;cold brew;drive thru;24/7
District Heights Maryland 20747,38.85455,-76.887489,Target District Heigts T-1897,24/7;breakfast;drive thru;cold brew
Dixon California 95620,38.446385,-121.858184,I-80 - Pitt School - Dixon,breakfast;cold brew;24/7
Doral Florida 33172,25.7916,-80.370824,19th St - 107th Ave,cold brew;24/7
Dorval Quebec H4Y 1H1,45.45481,-73.749778,YUL Mont Drvl Intl Depart  Gate 16,cold brew;24/7;breakfast;drive thru
Doswell Virginia 23047,37.862915,-77.464482,Paramount Kings Dominion Theme Park,24/7
Douglaston New York 11362,40.768463,-73.737458,Douglaston Plaza,24/7
Douglasville Georgia 30135,33.72716,-84.741264,Arbor Place,24/7;breakfast;drive thru;cold brew
Douglasville Georgia 30135,33.745528,-84.721191,Chapel Hill Rd  I-20,cold brew;breakfast;24/7
Dover Delaware 19901,39.14222,-75.501009,ACME-Dover #7822,cold brew;24/7
Dover Delaware 19901,39.16014,-75.518318,Safeway-Dover #1763,breakfast;cold brew;24/7
Downers Grove Illinois 60515,41.80633,-88.014659,Dominick's - Downers Grove #3158,drive thru
Downers Grove Illinois 60515,41.80633,-88.014659,Ogden Ave - Downers Grove,drive thru;cold brew;24/7
Downers Grove Illinois 60515,41.829589,-88.007478,Downers Grove,24/7;breakfast;drive thru;cold brew
Downey California 902415317,33.94223,-118.131462,Firestone - Lakewood  Downey,cold brew;drive thru
Downey California 90242,33.919245,-118.136284,Lakewood - Stewart and Gray  Downey,breakfast;drive thru;24/7
Downington Pennsylvania 19335,40.021872,-75.715719,Albertsons-Downington #7767,breakfast;cold brew;drive thru
Doylestown Pennsylvania 18901,40.310035,-75.131654,South Doylestown,24/7;cold brew;drive thru
Doylestown Pennsylvania 18901,40.325666,-75.139326,Doylestown-Rte. 611 - Main,cold brew;breakfast
Doylestown Pennsylvania 18901,40.325666,-75.139326,Genuardi-Doylestown #921,24/7;breakfast
Draper Utah 84020,40.508808,-111.866706,Albertsons-Draper #379,breakfast;24/7
Draper Utah 84020,40.508808,-111.866706,Albertsons-Draper #394,drive thru;cold brew;breakfast
Draper Utah 84020,40.527218,-111.855171,12300 South - 1300 East-Draper,breakfast
Dresher Pennsylvania 19025,40.156313,-75.154012,Dresher,breakfast;drive thru;cold brew
Duarte California 91010,34.13893,-117.966634,Huntington - Buena Vista - Duarte,breakfast;drive thru;24/7;cold brew
Dublin California 94568,37.70171,-121.885324,Hacienda  580 FWY - Dublin,cold brew
Dublin California 94568,37.71615,-121.906729,Amador Valley - Village Pkwy - Dubl,drive thru;breakfast;cold brew
Dublin California 94568,37.71615,-121.906729,Safeway-Dublin #1932,cold brew;drive thru;breakfast;24/7
Dublin California 94568,37.71615,-121.906729,Safeway-Dublin #1953,cold brew;24/7;drive thru
Dublin California 94568,37.716663,-121.913073,Dublin (B-N),cold brew;breakfast;drive thru
Dublin Georgia 31021,32.52433,-82.931399,Kroger - Dublin #674,24/7;breakfast;cold brew;drive thru
Dublin Ohio 43017,40.1049,-83.133119,Historic Dublin,breakfast
Dublin Ohio 43017,40.145585,-83.129244,Kroger-Dublin #817,24/7;breakfast
Dublin Ohio 430171627,40.104836,-83.11467,Meijers-Dublin #58,breakfast;24/7
Dubuque Iowa 52002,42.5109,-90.750899,Hy Vee Foods-Dubuque #2,breakfast;24/7;cold brew
Duluth Georgia 30096,33.968004,-84.144305,Pleasant Hill  P'tree Ind. Blvd.,breakfast;24/7
Duluth Georgia 30096,33.976321,-84.149299,Peachtree Ind.  Howell Ferry,24/7
Duluth Georgia 30096,33.976321,-84.149299,Super Target Duluth ST-1779,breakfast;24/7;drive thru;cold brew
Duluth Georgia 30096,34.008015,-84.179204,Kroger - Duluth #636,24/7;drive thru
Duluth Georgia 300965899,33.999798,-84.161469,Pleasant Hill Plaza,drive thru;24/7;breakfast;cold brew
Duluth Georgia 30097,34.036658,-84.187618,Medlock - State Bridge,24/7;cold brew;breakfast;drive thru
Duluth Georgia 30136,34.003365,-84.144964,Gwinnett Marketplace,24/7;breakfast;cold brew;drive thru
Duluth Minnesota 55802,46.78415,-92.104834,Duluth - Superior - 4th,breakfast
Duluth Minnesota 55811,46.77865,-92.211634,Duluth-Miller Hill,cold brew;breakfast;24/7;drive thru
Dumfries Virginia 22026,38.574352,-77.315302,Target Dumfries T-2017,24/7;cold brew;drive thru
Dumfries Virginia 22026,38.57655,-77.321689,Dumfries,24/7
Duncan British Columbia V9I 2P7,48.779091,-123.707382,Safeway-Duncan #67,24/7;breakfast;cold brew;drive thru
Duncan British Columbia V9L 2P2,48.767853,-123.73231,Duncan Plaza,cold brew;drive thru;breakfast
Duncanville Texas 75116,32.662945,-96.925664,Cedar Ridge - Wheatland Rd,cold brew;drive thru;breakfast;24/7
Dunkirk Maryland 20754,38.715995,-76.658774,Safeway-Dunkirk #1129,cold brew
Dunwoody Georgia 30305,33.834399,-84.38588,Mt. Vernon - D'woody Club Dr.,cold brew
Dunwoody Georgia 30338,33.94325,-84.335579,Dunwoody Village,cold brew;breakfast;24/7;drive thru
Dupont Washington 98327,47.09584,-122.629539,Dupont Station,24/7;breakfast;drive thru
DuPont Washington 98327,47.109891,-122.622529,Dupont,breakfast
Durango Colorado 81301,37.268285,-107.872909,College - Main-Durango,breakfast;24/7
Durango Colorado 81301,37.3371,-107.841759,Albertsons-Durango #801,cold brew
Durham North Carolina 27701,35.995275,-78.896014,American Tobacco Historic District,cold brew;24/7;breakfast;drive thru
Durham North Carolina 27707,35.954715,-78.993674,The Commons - HT,drive thru;cold brew
Durham North Carolina 27707,35.961605,-78.937589,Super Target-Durham ST-1872,breakfast
Durham North Carolina 27713,35.888245,-78.982399,Renaissance Center at South Point,cold brew;24/7
Durham North Carolina 27713,35.913256,-78.923159,Super Target Durham SE ST-2069,drive thru;24/7
Durham North Carolina 277137565,35.90712,-78.938293,Southpointe,24/7
Duvall Washington 98019,47.73404,-121.943667,Safeway-Duvall #1572,breakfast;cold brew
Dyer Indiana 46311,41.494605,-87.525264,Dyer  IN-Route 30 - Calumet,breakfast
Eagan Minnesota 55120,44.87496,-93.139639,Rainbow Foods-Eagan #8815,drive thru;breakfast;cold brew;24/7
Eagan Minnesota 55122,44.81808,-93.167134,Eagan Station,cold brew;24/7
Eagan Minnesota 55122,44.81808,-93.167134,Eagan-Cliff Rd.,breakfast;24/7;cold brew
Eagle  Idaho 83616,43.69515,-116.349761,Eagle Plaza,breakfast;cold brew;drive thru
Eagle Creek Indiana 46254,39.843167,-86.263688,Target Eagle Creek T-881,breakfast;drive thru;cold brew;24/7
East Boston Massachusetts 02128,42.362645,-71.018374,BOS - Terminal B - Pier B,cold brew;breakfast;drive thru
East Boston Massachusetts 02128,42.362645,-71.018374,BOS - Terminal C-Pier B,drive thru;breakfast;cold brew
East Boston Massachusetts 02128,42.364991,-71.021193,BOS - Terminal A Delta,cold brew
East Boston Massachusetts 02128,42.376209,-71.028711,BOS - Terminal B - Gates 1-3,cold brew;breakfast;drive thru
East Boston Massachusetts 02128,42.37846,-71.028814,BOS - Terminal C- Food Court,24/7;cold brew
East Boston Massachusetts 02128,42.39314,-71.011889,BOS - Gate 25,breakfast;24/7;cold brew
East Dundee Illinois 60118,42.107678,-88.269688,Dominicks-East Dundee #3110,24/7
East Grand Rapids Michigan 49506,42.95473,-85.62301,Wealthy Street,cold brew;breakfast;drive thru;24/7
East Greenwich Rhode Island 02818,41.65098,-71.456507,East Greenwich Main St,drive thru
East Hampton New York 11937,40.983418,-72.173095,East Hampton Village,24/7;drive thru
East Hanover New Jersey 07936,40.80701,-74.372714,East Hanover - Rt 10,breakfast;cold brew
East Lansing Michigan 48823,42.749758,-84.450861,East Lansing (UCO),24/7;cold brew;drive thru;breakfast
East Lansing Michigan 488231314,42.737518,-84.48381,Meijers-East Lansing #52,cold brew
East Meadow New York 11554,40.715145,-73.560296,East Meadow,breakfast
East Norriton Pennsylvania 19401,40.114455,-75.339304,E. Norriton,breakfast;drive thru
East Northport New York 11731,40.839865,-73.317862,East Northport  Rte. 25,drive thru
East Wenatchee Washington 98802,47.414834,-120.294592,Top Foods Wenatchee,breakfast
East Wenatchee Washington 988024836,47.412411,-120.301498,East Wenatchee,drive thru;24/7;breakfast
Easton Pennsylvania 18045,40.680147,-75.256364,Easton,cold brew
Eastpointe Michigan 48021,42.464875,-82.946259,Eastpointe (UCO),24/7;drive thru;breakfast
Eau Claire Wisconsin 54701,44.776562,-91.436638,Oakwood Mall,24/7;cold brew
Eau Claire Wisconsin 54701,44.778885,-91.478939,Eau Claire-Hastings - Kirk,cold brew
Eau Claire Wisconsin 54701,44.779783,-91.480909,Super Target Eau Claire ST-1774,drive thru;breakfast;24/7;cold brew
Eden Prairie Minnesota 55344,44.836985,-93.400874,Anderson Lakes Parkway,breakfast;24/7;drive thru
Eden Prairie Minnesota 55344,44.856737,-93.42157,Eden Prairie - Prairieview Center,cold brew;drive thru;breakfast;24/7
Eden Prairie Minnesota 55344,44.85865,-93.429255,Eden Prairie,breakfast
Edgewater Colorado 80214,39.750025,-105.053407,2255 Sheridan Blvd-Edgewater (UCO),drive thru;cold brew;breakfast;24/7
Edgewater Maryland 21037,38.926454,-76.565174,Edgewater  MD,drive thru;24/7
Edgewater New Jersey 07020,40.825295,-73.973179,Edgewater,drive thru;cold brew;breakfast
Edina Minnesota 55424,44.90527,-93.339897,50th - France,cold brew;24/7;breakfast;drive thru
Edina Minnesota 55435,44.87636,-93.324189,Galleria Mall,drive thru;24/7;breakfast
Edina Minnesota 55436,44.92009,-93.349614,Edina - Hwy 100 - Vernon,drive thru;cold brew;breakfast
Edison New Jersey 08820,40.55988,-74.352944,Edison,cold brew;breakfast
Edison New Jersey 08837,40.544775,-74.336504,Menlo Park Mall,24/7
Edmond Oklahoma 73013,35.615509,-97.517601,15th - Bryant,breakfast;24/7
Edmond Oklahoma 73034,35.666534,-97.329735,15th  - Broadway,drive thru;breakfast
Edmond Oklahoma 73034,35.707191,-97.427437,2nd - Bauman,breakfast;drive thru;24/7;cold brew
Edmond Oklahoma 73083,35.65447,-97.478124,Super Target Edmond ST-1398,cold brew
Edmonds Washington 98020,47.810945,-122.377074,Edmonds II,breakfast
Edmonds Washington 98020,47.812115,-122.364849,QFC-Edmonds #851,drive thru;24/7
Edmonds Washington 98026,47.785895,-122.353484,Safeway-Edmonds #1297,24/7;breakfast;cold brew;drive thru
Edmonds Washington 98206,47.789645,-122.338944,Highway 99,cold brew;breakfast;drive thru
Edwards Colorado 81632,39.648455,-106.588,Edwards,cold brew;breakfast
Edwardsville Illinois 620261169,38.8158,-89.941216,Southern Illinois U E-Student Union,24/7
Effingham Illinois 62401,39.146946,-88.520964,I-70 - Hwy 32,cold brew;breakfast;24/7
Eglin AFB Florida 32542,30.541085,-86.672068,Main Store Food Court,24/7;breakfast;cold brew
El Cajon California 92019,32.746273,-116.930899,Rancho San Diego,breakfast;24/7;cold brew;drive thru
El Cajon California 920193202,32.794979,-116.960037,Jamacha - Washington  El Caj,24/7;breakfast;cold brew;drive thru
El Cajon California 92020,32.793908,-116.968909,Vons-El Cajon #2064,cold brew;24/7;breakfast
El Cajon California 92020,32.79495,-116.959469,Fletcher Hills,24/7;cold brew;drive thru;breakfast
El Cajon California 920201225,32.794979,-116.960037,Bradley - Magnolia  El Cajon,breakfast;24/7;drive thru;cold brew
El Cajon California 920202571,32.806911,-116.9674,Parkway Plaza - El Cajon,breakfast;drive thru;cold brew;24/7
El Cajon California 920203316,32.794979,-116.960037,Main - Magnolia  El Cajon,24/7;breakfast
El Cajon California 920206409,32.794632,-116.957512,Chase - Avocado  El Cajon,drive thru;cold brew;24/7
El Cajon California 92021,32.8077,-116.918719,Broadway - Mollison  El Cajon,cold brew;breakfast;24/7
El Cajon California 92021,32.82384,-116.909049,Albertsons-El Cajon #6771,drive thru;cold brew;breakfast;24/7
El Cajon California 92021,32.82384,-116.909049,Vons - El Cajon #2333,breakfast;24/7;drive thru
El Centro California 92243,32.78759,-115.578584,Albertsons-El Centro #1691 6766,drive thru;24/7
El Centro California 92243,32.79603,-115.688239,Imperial - Main  El Centro,breakfast;drive thru;cold brew;24/7
El Centro California 92243,32.796042,-115.553544,Dogwood - I-8  El Centro,breakfast;cold brew;24/7;drive thru
El Cerrito California 94530,37.899576,-122.300133,Albertsons-El Cerrito #7006,breakfast;24/7
El Cerrito California 94530,37.91559,-122.311549,San Pablo - Fairmount - El Cerrito,24/7;cold brew
El Cerrito California 94530,37.919058,-122.304078,San Pablo - Wall - El Cerrito (UCO),24/7;drive thru;cold brew;breakfast
El Dorado Hills California 95762,38.68577,-121.06889,Latrobe - Town Center - El Dorado H,breakfast;24/7;cold brew
El Monte California 91731,34.07112,-118.048954,Peck Road - The 10 Fwy  El Monte,24/7;breakfast;cold brew
El Monte California 91731,34.07205,-118.058674,Flair - Aerojet  El Monte,cold brew
El Monte California 917323513,34.07531,-118.037399,Valley - Garvey  El Monte,breakfast;24/7;cold brew;drive thru
El Monte California 917331021,34.07531,-118.037399,Rosemead - Garvey  El Monte,cold brew;drive thru;breakfast;24/7
El Paso Texas 79902,31.77897,-106.494249,Albertsons-El Paso #0936,breakfast;drive thru
El Paso Texas 79912,31.759165,-106.487494,Mesa - Kerby,breakfast
El Paso Texas 79912,31.77868,-106.392629,I-10 and Airway,24/7;cold brew;drive thru
El Paso Texas 79912,31.82348,-106.558004,George Dieter Dr - I-10,24/7;cold brew;breakfast
El Paso Texas 79912,31.82348,-106.558004,I-10 - Redd,drive thru;breakfast;cold brew;24/7
El Paso Texas 79912,31.828613,-106.527763,Sunland and Mesa,cold brew
El Paso Texas 79912,31.8491,-106.540989,Albertsons-El Paso #994,cold brew
El Paso Texas 79925,31.787795,-106.381734,Cielo Vista Mall,cold brew;drive thru
El Paso Texas 79936,31.708955,-106.277969,Joe Battle - Montwood,24/7;cold brew;breakfast;drive thru
El Paso Texas 79936,31.76544,-106.292529,Albertsons-El Paso #1016,cold brew;breakfast;24/7;drive thru
El Paso Texas 79936,31.778687,-106.323146,Lee Trevino - Montwood,breakfast;24/7;drive thru;cold brew
El Segundo California 90245,33.92223,-118.403229,Rosecrans - Douglas - El Segundo,breakfast;cold brew
El Segundo California 90254,33.865564,-118.39869,Sepulveda - Mariposa - El Segundo,cold brew;drive thru;24/7
El Sobrante California 94803,37.969364,-122.290425,Appian - Valley View - El Sobrante,24/7;breakfast
Eldersburg Maryland 21784,39.401141,-76.962666,Safeway-Eldersburg #1678,breakfast;24/7;cold brew;drive thru
Elgin Illinois 60123,42.037465,-88.310009,Target Elgin T-834,breakfast;cold brew;24/7;drive thru
Elizabeth City North Carolina 27909,36.29555,-76.246309,Farm Fresh-Elizabeth City #469,cold brew;24/7;breakfast;drive thru
Elizabeth Colorado 80107,39.357475,-104.608269,Safeway-Elizabeth #1532,24/7;breakfast;cold brew
Elk Grove California 95624,38.363005,-121.347614,Hwy. 99 - Bond - Elk Grove,cold brew;breakfast;drive thru
Elk Grove California 95758,38.408655,-121.443584,Safeway-Elk Grove #1647,cold brew;24/7;drive thru
Elk Grove California 95758,38.40901,-121.365619,Laguna - Bruceville - Elk Grove,24/7;breakfast;cold brew
Elk Grove California 95758,38.42336,-121.437719,Bruceville - Poppy Ridge -Elk Grove,breakfast;drive thru;24/7
Elk Grove California 95758,38.42336,-121.437719,Laguna - Franklin - Elk Grove,drive thru;24/7;cold brew
Elk Grove California 95758,38.42336,-121.437719,Target Elk Grove T-1025,24/7
Elk Grove Illinois 60007,42.002816,-88.009045,Dominick's-Elk Grove Village #3159,breakfast
Elkhart Indiana 46514,41.71159,-85.973439,Henry Schricker Travel Plaza,drive thru
Elkhart Indiana 46514,41.71159,-85.973439,Martin's - Elkhart #2,breakfast
Elkhart Indiana 46514,41.753735,-85.976849,George N Craig Travel Plaza,24/7
Elkhart Indiana 46514,41.757315,-86.038248,Martins-Elkhart #15,breakfast
Elkhart Indiana 46514,41.757315,-86.038248,Martins-Elkhart #17,drive thru
Elkhart Indiana 46516,41.67536,-85.956019,Martin's - Elkhart #14,24/7;cold brew;breakfast;drive thru
Elko Nevada 89801,40.89751,-115.723749,Red Lion Inn - Casino,drive thru;cold brew;breakfast
Ellensburg Washington 96926,46.99704,-120.54872,Safeway-Ellensburg #1630,24/7
Ellensburg Washington 98926,46.977424,-120.542974,1700 Canyon Rd,drive thru;breakfast;24/7
Ellensburg Washington 98926,47.00924,-120.448973,Fred Meyer - Ellensburg #652,24/7;breakfast;drive thru;cold brew
Ellicott City Maryland 21042,39.273491,-76.864528,Route 40 - Ellicott City,cold brew
Ellicott City Maryland 21042,39.273491,-76.864528,Safeway-Ellicott City #1281,cold brew;drive thru
Ellicott City Maryland 21043,39.25323,-76.801399,Target Ellicott City T-1042,drive thru;cold brew;24/7;breakfast
Ellicott City Maryland 21043,39.26218,-76.817897,Safeway-Ellicott City #1459,cold brew
Elmhurst Illinois 60126,41.894436,-87.941239,Dominick's-Elmhurst #1768,24/7
Elmhurst Illinois 60126,41.894436,-87.941239,Jewell Osco-Elmhurst #3346,drive thru;cold brew;breakfast;24/7
Elmhurst New York 11373,40.735257,-73.865114,Queens Center Mall,24/7;cold brew
Elmhurst New York 11373,40.735257,-73.865114,Queens Place Kiosk,drive thru
Elverson Pennsylvania 19520,40.158816,-75.807448,Brandywine Peter Camiel Travel Plza,drive thru;breakfast
Elwood New York 11731,40.87931,-73.311459,Elwood,breakfast;cold brew;24/7
Emeryville California 94608,37.835979,-122.281522,Christie - Shellmound - Emeryville,breakfast;cold brew;drive thru;24/7
Emeryville California 94608,37.835979,-122.281522,Emeryville,24/7;breakfast
Emeryville California 94608,37.84021,-122.285659,2200 Powell - Emeryville,cold brew;24/7;breakfast
Emeryville California 94608,37.846985,-122.290479,Hollis - 65th - Emeryville,cold brew;24/7;drive thru
Emporia Kansas 66801,38.415471,-96.226951,I-35 - I-335,drive thru;24/7;cold brew;breakfast
Encinitas California 92024,33.045436,-117.292518,Encinitas Town Center (B-N),breakfast;drive thru;24/7
Encinitas California 92024,33.048274,-117.273389,Encinitas II - Lumberyard,breakfast;24/7;cold brew;drive thru
Encinitas California 92024,33.048274,-117.273389,Vons-Encinitas #2144,breakfast
Encinitas California 92024,33.051198,-117.259233,Encinitas,breakfast;cold brew;drive thru
Encinitas California 92024,33.0547,-117.266881,Leucadia Blvd. - Calle Barcelona  E,cold brew;24/7;breakfast;drive thru
Encino California 91316,34.148302,-118.530887,Encino,drive thru;breakfast;cold brew;24/7
Encino California 91436,34.139856,-118.504627,Encino Market Place (B-N),drive thru;24/7
Enfield Connecticut 06082,41.980483,-72.589922,Enfield,breakfast;drive thru;24/7
Englewood Colorado 80110,39.64586,-105.00451,Broadway - Floyd,24/7;drive thru
Englewood Colorado 80110,39.655,-104.990794,Safeway - Englewood #17,24/7;drive thru
Englewood Colorado 80112,39.57895,-104.878939,Safeway-Englewood #0008,cold brew;24/7
Englewood Colorado 80112,39.57895,-104.878939,Target Arapahoe T-147,drive thru;24/7
Englewood Colorado 80112,39.59512,-104.899809,Willow Creek,24/7;cold brew
Englewood New Jersey 07631,40.895016,-73.974765,Englewood,breakfast;24/7;drive thru
Englewood New Jersey 076314926,40.892632,-73.976486,Rt. 4  Englewood,breakfast
Englewood Ohio 45322,39.863285,-84.284889,Kroger-Englewood #937,drive thru;24/7;breakfast
Ennis Texas 75119,32.346887,-96.633959,I-45 - Ennis Ave,24/7;breakfast
Enumclaw Washington 98022,47.189058,-121.930863,Safeway-Enumclaw #494,cold brew;24/7
Enumclaw Washington 98022,47.223869,-122.098415,Enumclaw,cold brew;breakfast;24/7;drive thru
Erie Colorado 80516,40.03836,-105.041328,Safeway-Erie #1667,breakfast;cold brew;24/7;drive thru
Erie Pennsylvania 16501,42.122686,-80.086886,State Street - Erie,24/7;breakfast;drive thru
Erie Pennsylvania 16507,42.06514,-80.102364,Millcreek Mall,24/7;breakfast
Erie Pennsylvania 16565,42.071457,-80.093952,Millcreek Plaza,cold brew
Escondido California 92025,33.061055,-117.06905,Escondido  - Valley Pkwy  Escondido,cold brew;drive thru
Escondido California 92025,33.075895,-117.070134,Vons-Escondido #2344,drive thru;24/7;cold brew;breakfast
Escondido California 92025,33.103555,-117.078104,Felicita - Centre City Parkway,cold brew;drive thru;24/7;breakfast
Escondido California 92025,33.12316,-117.082169,North County Fair Mall - Escondido,24/7;drive thru
Escondido California 920251610,33.12315,-117.082191,Mission - Quince  Escondido,cold brew
Escondido California 920252558,33.117191,-117.099792,Valley - I-15  Escondido,drive thru;24/7;cold brew
Escondido California 92026,33.133585,-117.105324,Vons-Escondido #2345,drive thru;cold brew
Escondido California 92027,33.134501,-117.044402,Albertsons-Escondido #6713,24/7
Escondido California 92027,33.134501,-117.044402,Valley Parkway - Harding  Escondido,breakfast;drive thru;24/7
Escondido California 92029,33.07482,-117.119114,Escondido Promenade,cold brew;breakfast
Escondido California 920297430,33.12315,-117.082191,Del Lago - Via Rancho Pkwy  Escondi,cold brew;drive thru;breakfast;24/7
Estero Florida 33928,26.430074,-81.810583,Miromar Outlets,drive thru;24/7;breakfast
Estes Park Colorado 80517,40.365035,-105.530069,Safeway-Estes Park #920,drive thru;24/7
Estes Park Colorado 80517,40.372543,-105.484526,Estes Park,cold brew;breakfast
Etobicoke Ontario M8X 1B6,43.648359,-79.507598,2940 Bloor Street W.,drive thru;cold brew
Etobicoke Ontario M9C 5H5,43.643393,-79.566693,Queensway - The West,breakfast;24/7;drive thru;cold brew
Eugene Oregon 97401,44.04991,-123.088919,Oakway Mall,breakfast;drive thru
Eugene Oregon 97401,44.0521,-123.092344,7th - Washington - Eugene,breakfast;24/7;drive thru;cold brew
Eugene Oregon 97401,44.0521,-123.092344,Eugene,cold brew
Eugene Oregon 97401,44.06529,-123.082619,Pearl - E. Broadway - Eugene,24/7;drive thru;breakfast;cold brew
Eugene Oregon 97401,44.06529,-123.082619,Safeway-Eugene #420,cold brew;drive thru;breakfast
Eugene Oregon 97401,44.06529,-123.082619,Safeway-Eugene #4288,breakfast;drive thru
Eugene Oregon 97401,44.068456,-123.104427,Valley River Center,cold brew;24/7
Eugene Oregon 974016109,36.244171,-93.121399,Albertsons-Eugene #572,24/7;drive thru
Eugene Oregon 97402,44.052637,-123.279544,Fred Meyer-Eugene #417,cold brew
Eugene Oregon 97402,44.06376,-123.173639,Albertsons-Eugene #507,cold brew;24/7
Eugene Oregon 97402,44.06376,-123.173639,Albertsons-Eugene #513,cold brew;24/7;drive thru
Eugene Oregon 97403,44.032173,-123.08036,13th - Alder,drive thru;cold brew;24/7
Eugene Oregon 97408,44.095444,-123.096966,Delta - Green Acres,24/7;cold brew
Euless Texas 76039,32.837813,-97.089415,Hwy. 183 - Hwy. 157,breakfast
Euless Texas 76039,32.85904,-97.084379,Super Target Euless ST-1368,24/7;breakfast;cold brew;drive thru
Eureka California 95501,40.79281,-124.157074,5th - E Street - Eureka,24/7;breakfast
Eureka California 95501,40.79281,-124.157074,Myrtle - West - Eureka,cold brew;breakfast;drive thru;24/7
Eureka California 95501,40.79281,-124.157074,Target Eureka T-1421,24/7;cold brew
Evans Georgia 30809,33.5553,-82.147022,Target Evans T-2027,drive thru;cold brew
Evanston Illinois 60102,42.162871,-88.309761,Dominick's-Green Bay Road #1137,breakfast;cold brew;24/7
Evanston Illinois 60201,42.056655,-87.686589,Evanston,breakfast;drive thru
Evanston Illinois 60201,42.057275,-87.700175,Evanston-Crawford - Central,24/7;cold brew;breakfast;drive thru
Evanston Illinois 60201,42.064255,-87.693009,Central,breakfast
Evanston Illinois 60202,42.03053,-87.678689,Chicago - Main,24/7;breakfast;drive thru
Evanston Illinois 60202,42.030825,-87.688009,Evanston-Main - McCormick,24/7;cold brew;breakfast;drive thru
Evanston Illinois 60202,42.030825,-87.688009,Target Evanston T-927,24/7
Evanston Illinois 60202,42.041085,-87.701584,Dempster - Chicago,drive thru
Evansville Indiana 47708,37.973662,-87.572805,Casino Aztar - Pavilion,breakfast;drive thru;24/7
Evansville Indiana 47710,38.0075,-87.576684,1st St - W Mill Rd,drive thru;cold brew;breakfast;24/7
Evansville Indiana 47712,37.976911,-87.564125,Lloyd Expy - Red Bank,breakfast;drive thru;24/7
Evansville Indiana 47715,37.923903,-87.481807,Lloyd Expwy - Green River Rd,24/7;drive thru;breakfast;cold brew
Evansville Indiana 47715,37.976865,-87.450764,SR 66 - Burkhardt,cold brew
Everett Washington 98201,47.965195,-122.200996,37th - Broadway,cold brew;24/7;drive thru
Everett Washington 98201,47.976575,-122.206419,Broadway Relocation,drive thru;24/7
Everett Washington 98201,47.976575,-122.206419,Downtown Everett,breakfast;drive thru;24/7
Everett Washington 98201,47.98199,-122.209254,Safeway-Everett #1484,drive thru;cold brew;breakfast;24/7
Everett Washington 98203,47.929559,-122.241003,Evergreen Way - 75th,24/7;breakfast;drive thru
Everett Washington 98203,47.94404,-122.224389,Albertsons-Everett #478,cold brew
Everett Washington 98203,47.94404,-122.224389,Safeway-Everett #517,drive thru
Everett Washington 98203,47.953654,-122.26955,Claremont Village (QFC),24/7;breakfast;drive thru
Everett Washington 98204,47.90428,-122.253489,Lake Stevens,24/7;cold brew;breakfast;drive thru
Everett Washington 98204,47.90428,-122.253489,Puget Park,drive thru;24/7;breakfast
Everett Washington 98208,47.893951,-122.19576,Greentree Plaza,cold brew;24/7
Everett Washington 98208,47.893951,-122.19576,Top Foods - Everett,cold brew;drive thru;breakfast
Everett Washington 98208,47.976575,-122.206419,Murphys Corner Frd Myr,drive thru;24/7
Evergreen Colorado 80439,39.647228,-105.355009,Albertsons-Evergreen #815,drive thru;cold brew;24/7;breakfast
Evergreen Park Illinois 60642,41.734989,-87.713194,Evergreen Park-87th - Kedzie,cold brew;drive thru
Evesham New Jersey 08053,39.88532,-74.878884,Marlton,drive thru;breakfast
Exton Pennsylvania 19341,40.029654,-75.624687,Exton Square Mall,breakfast;cold brew;24/7
Fair Oaks California 95628,38.643035,-121.270154,Madison - Dewey - Fair Oaks,cold brew;24/7;drive thru;breakfast
Fair Oaks California 95628,38.65565,-121.259575,Madison - Kenneth - Fair Oaks,drive thru;breakfast
Fair Oaks California 95628,38.65565,-121.259575,Sunrise - Madison - Fair Oaks,drive thru
Fair Oaks California 95628,38.66815,-121.262154,Safeway-Fair Oaks #1895,24/7
Fairfax City Virginia 22030,38.841574,-77.308132,Fairfax City,cold brew;breakfast;24/7
Fairfax Virginia 22030,38.841574,-77.308132,Lee Plaza,drive thru;24/7
Fairfax Virginia 22031,38.86432,-77.277254,Safeway-Fairfax #2616,cold brew;breakfast;drive thru;24/7
Fairfax Virginia 22031,38.87359,-77.234719,Pan Am Shopping Center,24/7;drive thru;breakfast
Fairfax Virginia 22033,38.86348,-77.362689,Fair Oaks Mall,drive thru;24/7;breakfast
Fairfax Virginia 22033,38.869302,-77.349688,Fairlakes,breakfast;24/7
Fairfax Virginia 22033,38.869302,-77.349688,Greenbriar,breakfast
Fairfax Virginia 22033,38.8734,-77.383845,Safeway-Fairfax #1431,drive thru;24/7
Fairfield California 94533,38.264995,-122.004929,N. Texas - Dickson Hill - Fairfield,24/7;drive thru
Fairfield California 94533,38.264995,-122.004929,Solano Mall - Fairfield,24/7;drive thru
Fairfield California 94533,38.264995,-122.004929,Texas - Jefferson - Fairfield,drive thru;24/7;breakfast
Fairfield California 94533,38.27132,-122.024924,N. Texas - Travis - Fairfield,drive thru;cold brew;breakfast;24/7
Fairfield California 94533,38.27132,-122.024924,Travis - Oliver - Fairfield,breakfast
Fairfield California 94534,38.2492,-122.043884,Pittman - Central - Fairfield,drive thru;cold brew
Fairfield California 94534,38.257375,-122.160169,Green Valley Crossing - Fairfield,drive thru;24/7;breakfast;cold brew
Fairfield Ohio 45011,39.40054,-84.506939,Target Fairfield T-1946,cold brew
Fairfield Ohio 45014,39.32684,-84.550969,Dixie Hwy - Symmes,cold brew;breakfast;drive thru;24/7
Fairport New York 14450,43.10106,-77.441914,Perinton Square  COB,cold brew;24/7;drive thru
Falcon Colorado 80831,38.968154,-104.571791,Safeway-Falcon #1644,cold brew;breakfast;drive thru;24/7
Fallbrook California 92028,33.36788,-117.217509,Albertsons-Fallbrook #6786,drive thru
Falls Church Virginia 22041,38.84896,-77.139999,Safeway-Falls Church #1462,cold brew;drive thru
Falls Church Virginia 22041,38.84896,-77.139999,Skyline (Baileys Crossroads),24/7
Falls Church Virginia 22041,38.850345,-77.129859,Barcroft Plaza,drive thru;breakfast
Falls Church Virginia 22042,38.86643,-77.19347,Merrifield,drive thru;cold brew
Falls Church Virginia 22044,38.870051,-77.152843,Seven Corners,cold brew;drive thru
Falls Church Virginia 22046,38.88549,-77.173624,Broaddale,drive thru
Falls Church Virginia 22046,38.893315,-77.185104,Falls Plaza,cold brew
Falls Church Virginia 22243,38.890511,-77.086291,Idylwood Plaza,cold brew;breakfast
Falmouth Massachusetts 02540,41.54675,-70.600265,Falmouth,drive thru;24/7;cold brew
Fargo North Dakota 58103,46.855605,-96.791224,Fargo-University - 16th,breakfast
Fargo North Dakota 58103,46.85681,-96.817937,Fargo-32nd - 25th,24/7;cold brew
Fargo North Dakota 58103,46.85681,-96.817937,Target Fargo T-61,breakfast;drive thru
Faribault Minnesota 55021,44.294696,-93.275384,Faribault-Grant - Western,drive thru;24/7
Farmers Branch Texas 75234,32.94419,-96.857434,Spring Valley - Midway,24/7
Farmers Branch Texas 75244,32.925042,-96.83696,The Great Indoors-Dallas,24/7;cold brew;breakfast;drive thru
Farmingdale New York 11735,40.721985,-73.425119,Farmingdale,breakfast;drive thru;24/7;cold brew
Farmingdale New York 11735,40.72606,-73.436817,Target Farmingdal T-1866,24/7;cold brew
Farmington Connecticut 06032,41.736945,-72.841469,Rte 4  Farmington,breakfast
Farmington Hills Michigan 48334,42.498819,-83.373414,Orchard - 12 Plaza,24/7
Farmington Michigan 48336,42.441417,-83.375378,DT Farmington,breakfast;24/7;cold brew;drive thru
Farmington New Mexico 87401,36.74374,-108.179784,Safeway-Farmington #2004,breakfast;24/7
Fayetteville Georgia 30214,33.42874,-84.458344,Hwy 85 - Hwy 92,breakfast;drive thru
Fayetteville Georgia 30214,33.443035,-84.544029,Fayetteville,breakfast;24/7;cold brew
Fayetteville New York 13066,43.029856,-76.005251,Fayetteville  Syracuse,breakfast
Fayetteville North Carolina 28303,35.071913,-78.963833,Cross Creek,cold brew
Fayetteville North Carolina 283035465,33.464886,-84.449684,Harris Teeter-Fayetteville #25,breakfast
Fayetteville North Carolina 28314,35.05827,-79.015109,Target Fayetteville T-755,breakfast;drive thru
Feasterville Pennsylvania 19053,40.155265,-74.991951,Feasterville,24/7;drive thru;breakfast;cold brew
Federal Heights Colorado 80260,39.86815,-105.008374,Safeway-Federal Hieghts #1635,24/7;drive thru;breakfast
Federal Way Washington 98003,47.313995,-122.312969,Albertsons-Federal Way #496,24/7;drive thru;cold brew;breakfast
Federal Way Washington 98003,47.313995,-122.312969,Safeway-Federal Way #1555,24/7;breakfast;drive thru;cold brew
Federal Way Washington 98003,47.313995,-122.312969,Sea Tac Mall,drive thru;cold brew;24/7;breakfast
Federal Way Washington 98003,47.313995,-122.312969,Target Federal Way T-1947,24/7;drive thru;breakfast;cold brew
Federal Way Washington 98003,47.313995,-122.312969,Top Foods - Federal Way,drive thru;24/7;breakfast;cold brew
Federal Way Washington 98023,47.29731,-122.382399,340th and Hoyt,drive thru;24/7;breakfast;cold brew
Federal Way Washington 98023,47.321438,-122.358528,Dash Point,breakfast
Federal Way Washington 98032,47.380285,-122.237419,Twin Lakes Fred Meyer,drive thru;breakfast
Fenton Missouri 63026,38.46951,-90.431314,Hwy. 141 - Gravois,breakfast
Ferndale Washington 98248,48.847563,-122.593513,Ferndale Haggens,drive thru;breakfast;cold brew;24/7
Fife Washington 98424,47.23447,-122.350349,Pacific Highway - Willow St-Fife,drive thru;breakfast;cold brew;24/7
Filmore California 930151925,34.399101,-118.918327,Highway 126 - A Street. Fillmore,breakfast;drive thru;24/7;cold brew
Firestone Colorado 80504,40.117135,-104.980379,Firestone-I-25 - Hwy 119,24/7;drive thru
Firestone Colorado 80520,40.11318,-104.934299,King Soopers-Firestone #105,24/7;drive thru;breakfast
Firestone Colorado 80520,40.11318,-104.934299,Safeway-Firestone #1828,drive thru;24/7;breakfast
Fishers Indiana 46038,39.95063,-86.012254,I-69 - 116th,breakfast;24/7;cold brew;drive thru
Fishers Indiana 46038,39.9582,-86.017089,Pine Creek Shoppes,cold brew;24/7;drive thru;breakfast
Fishers Indiana 46038,39.966918,-86.016133,Super Target Fishers ST-1350,drive thru
Fishers Indiana 460381727,39.958221,-86.017082,116th - Allisonville,breakfast;drive thru;cold brew
Fitchburg Wisconsin 53711,43.0317,-89.445889,Fitchburg,cold brew;drive thru;breakfast
Flagstaff Arizona 86001,35.193551,-111.74037,Highway 66 - Switzer Canyon  Flagst,breakfast;cold brew
Flagstaff Arizona 86001,35.27578,-111.722575,Safeway - Flagstaff #2028,drive thru;24/7
Flagstaff Arizona 86001,35.27578,-111.722575,Target Flagstaff T-935,cold brew;breakfast;24/7;drive thru
Fletcher North Carolina 28732,35.431654,-82.50247,Ingles-Fletcher #43,breakfast
Flint Michigan 48506,43.01874,-83.634889,Flint  Court and Center,breakfast
Flint Michigan 485071185,43.047668,-83.66407,Marshall Fields-Genessee Mall,cold brew;24/7;breakfast;drive thru
Flint Michigan 48531,43.010742,-83.686016,Flint  Miller Road,cold brew;breakfast;24/7;drive thru
Florence Indiana 470209402,38.781235,-84.939499,Belterra Casino Resort,breakfast;cold brew;24/7
Florence Oregon 97439,43.99776,-124.09908,Safeway - Florence #363,cold brew;breakfast;drive thru;24/7
Florham Park New Jersey 079321314,40.7841,-74.396812,Florham Park,24/7;cold brew;breakfast
Flourtown Pennsylvania 19031,40.109951,-75.21124,Genuardis-Flourtown #3012,drive thru
Flourtown Pennsylvania 19031,40.113004,-75.209145,Flourtown,breakfast
Flower Mound Texas 75028,33.00989,-97.038369,FM 3040 - FM 2499 (BB),24/7;drive thru;breakfast
Flower Mound Texas 75028,33.012706,-97.047404,Kroger-Flower Mound #456,cold brew;24/7;drive thru
Flower Mound Texas 75028,33.03562,-97.059855,Super Target Flower Mound ST-1517,drive thru;cold brew;breakfast;24/7
Flower Mound Texas 75028,33.039875,-97.048244,Cross Timbers - Garden Ridge,24/7
Flower Mound Texas 75028,33.071453,-97.056384,FM 407 - Morris Rd.,drive thru;breakfast;cold brew;24/7
Flowood Mississippi 39208,32.268261,-90.093274,Target Flowood T-1920,cold brew
Flushing New York 11356,40.78607,-73.843879,Target Flushing T-1150,24/7;breakfast;drive thru;cold brew
Flushing New York 11371,40.772126,-73.871799,LGA - Delta Flight Ctr-Delta Term,24/7;drive thru;breakfast;cold brew
Flushing New York 11372,40.75087,-73.883565,Flushing - Main Street,24/7
Folsom California 95360,37.318332,-121.030299,Safeway-Folsom #1794,breakfast;cold brew;24/7
Folsom California 95630,38.67009,-121.148089,Bidwell - Broadstone - Folsom2,drive thru;cold brew;24/7
Folsom California 95630,38.67009,-121.148089,Greenback - Madison - Folsom,drive thru;breakfast;24/7
Folsom California 95630,38.67009,-121.148089,Prairie City - Iron Point - Folsom,cold brew;drive thru;24/7
Folsom California 95630,38.673422,-121.147775,Blue Ravine - Folsom,24/7
Folsom California 95630,38.68155,-121.163264,E. Bidwell - Glen - Folsom,breakfast;cold brew;24/7
Folsom California 95630,38.709396,-121.186087,Oak - American River Canyon - Folso,breakfast;cold brew
Fontana California 92335,34.08794,-117.464149,Target-Fontana T-660,breakfast
Fontana California 92336,34.129145,-117.464239,Target Fontana North T-1958,cold brew;drive thru;breakfast;24/7
Fontana California 92336,34.129145,-117.464239,Vons-Fontana #1742,cold brew;breakfast;24/7;drive thru
Fontana California 923365467,34.144993,-117.485191,Baseline - I-15  Fontana,24/7
Fontana California 923365489,34.144993,-117.485191,Summit - I-15  Fontana,24/7;breakfast
Fontana California 923377529,34.048389,-117.434479,Sierra - Jurupa  Fontana,drive thru;24/7;breakfast
Foothill Ranch California 926101712,33.679039,-117.663689,Target Foothill Ranch T-913,drive thru;cold brew;24/7;breakfast
Forest Grove Oregon 97116,45.53157,-123.120939,Safeway-Forest Grove #406,breakfast;24/7
Forest Hill Texas 76140,32.66108,-97.273409,I-20 - Forest Hill,drive thru
Forest Hills New York 11375,40.710614,-73.851775,Forest Hills (B-N),24/7;drive thru;breakfast;cold brew
Forest Hills New York 11375,40.716589,-73.847045,Continental Avenue,cold brew
Forest Hills New York 11375,40.728463,-73.849204,67th - Queens Blvd,24/7;cold brew;breakfast;drive thru
Forest Lake Minnesota 550259373,40.621567,-122.400589,Forest Lake,drive thru;breakfast;24/7;cold brew
Forest Park Illinois 60130,41.86906,-87.815674,Forest Park-Madison - Elgin,drive thru
Forestville Maryland 20747,38.860844,-76.881636,PennMar,breakfast;24/7
Forked River New Jersey 08731,39.859545,-74.206719,Forked River Travel Plaza-Gdn St. P,24/7
Fort Bragg California 95437,39.444708,-123.755005,Main - Walnut Street - Fort Bragg,24/7;breakfast;drive thru;cold brew
Fort Collins Colorado 80521,40.58523,-105.109479,Safeway-Fort Collins #2913,drive thru;cold brew;24/7;breakfast
Fort Collins Colorado 80524,40.605647,-105.043943,College Avenue - Laurel -Ft Collins,breakfast;cold brew;24/7
Fort Collins Colorado 80524,40.605647,-105.043943,Safeway-Fort Collins #1071,drive thru;cold brew
Fort Collins Colorado 80525,40.52932,-105.054119,King Soopers-Fort Collins #97,cold brew
Fort Collins Colorado 80525,40.52932,-105.054119,Safeway-Fort Collins #1552,cold brew;drive thru;24/7;breakfast
Fort Collins Colorado 80525,40.537474,-105.073759,Harmony - JFK,cold brew
Fort Collins Colorado 80525,40.537725,-105.001144,College - Horsetooth,24/7
Fort Collins Colorado 80526,40.504654,-105.153444,Northern Hotel,drive thru;24/7
Fort Collins Colorado 80526,40.53919,-105.110499,Drake - Shields - Ft. Collins,24/7;breakfast
Fort Collins Colorado 80526,40.55273,-105.122514,Drake - Shields Relocation,breakfast
Fort Collins Colorado 80528,40.501821,-105.009569,Harmony - Timberline-Fort Collins,cold brew;drive thru;24/7;breakfast
Fort Gordon Georgia 30905,33.398926,-82.122752,Dwight Eisenhower Hospital Lobby,cold brew;24/7
Fort Lauderdale Florida 33301,26.12126,-80.131334,SEC Broward - Federal,drive thru;cold brew;breakfast;24/7
Fort Lauderdale Florida 33304,26.140539,-80.114765,Sunrise - Bayview,cold brew;breakfast;24/7;drive thru
Fort Lauderdale Florida 33305,26.14898,-80.120063,1615 N. Federal Hwy,drive thru;cold brew;24/7
Fort Lauderdale Florida 33351,26.18003,-80.27386,Super Target Lauderhill ST-1778,24/7;cold brew;breakfast;drive thru
Fort Lee New Jersey 07024,40.848791,-73.975482,Fort Lee,breakfast
Fort Lee New Jersey 07024,40.848791,-73.975482,Fort Lee #2,drive thru;24/7;breakfast;cold brew
Fort Lewis Washington 984335000,38.657261,-87.131607,Welcome Center- Waller Hall,cold brew;24/7;breakfast;drive thru
Fort Lupton Colorado 80621,40.090108,-104.801787,Safeway-Fort Lupton #1045,drive thru
Fort Mill South Carolina 29708,35.032976,-81.03093,Baxter Town Center,24/7;breakfast
Fort Myers Florida 33913,26.552824,-81.744793,RSW - Ft Myers Main Term  Pre Sec,24/7;drive thru;breakfast;cold brew
Fort Myers Florida 33913,26.552824,-81.744793,RSW - Ft Myers Pier B,drive thru;24/7
Fort Myers Florida 33913,26.552824,-81.744793,RSW - Ft Myers Pier D,drive thru;24/7;cold brew
Fort Myers Florida 33913,26.552824,-81.744793,Super Target Ft Myers ST-2059,drive thru;cold brew;breakfast;24/7
Fort Pierce Florida 34945,27.42373,-80.437856,Ft. Pierce Travel Plaza,drive thru;cold brew;breakfast
Fort Smith Arkansas 72903,35.32887,-94.394768,I-540 - Rogers Ave,breakfast;drive thru
Fort Washington Maryland 20744,38.727816,-77.004984,Safeway-Fort Washington #1882,cold brew;breakfast;24/7;drive thru
Fort Wayne Indiana 46804,41.07468,-85.228197,Jefferson - I-69  Ft. Wayne,24/7;cold brew
Fort Wayne Indiana 46804,41.075525,-85.099064,Jefferson Pointe - Ft. Wayne,breakfast
Fort Wayne Indiana 46805,41.09871,-85.118079,Glenbrook Square Mall,24/7;drive thru;cold brew
Fort Wayne Indiana 46805,41.116275,-85.121451,State - Coliseum,24/7;drive thru;cold brew;breakfast
Fort Wayne Indiana 46815,41.10675,-85.060553,Meijers-Fort Wayne #138,drive thru;breakfast;24/7;cold brew
Fort Wayne Indiana 46818,41.219795,-85.17194,Lima - Dupont,cold brew;breakfast;drive thru
Fort Wayne Indiana 46835,41.14064,-85.057199,Target Fort Wayne T-1933,cold brew;breakfast
Fort Worth Texas 76102,32.74863,-97.329249,RadioShack Corporate HQ,24/7;cold brew;drive thru
Fort Worth Texas 76107,32.72925,-97.407049,Hulen - Donnelly,24/7;drive thru;cold brew;breakfast
Fort Worth Texas 76107,32.738092,-97.410522,University Village (B-N),24/7
Fort Worth Texas 76109,32.676441,-97.38341,I-20 - Hulen,drive thru;breakfast
Fort Worth Texas 76109,32.695876,-97.374823,Hulen - Bellaire (Ft Worth),drive thru;24/7;cold brew
Fort Worth Texas 76109,32.70262,-97.375837,Albertsons-Fort Worth #4170,drive thru
Fort Worth Texas 76109,32.70262,-97.375837,Albertsons-Ft Worth #4285,drive thru;24/7;breakfast
Fort Worth Texas 76116,32.721673,-97.433264,Camp Bowie,breakfast
Fort Worth Texas 76132,32.672525,-97.412239,Albertsons-Fort Worth #4124,drive thru;breakfast;24/7;cold brew
Fort Worth Texas 76132,32.672525,-97.412239,Super Target Ft Worth ST-1770,cold brew;24/7
Fort Worth Texas 76132,32.67791,-97.395264,Hulen Mall  Fort Worth,24/7;drive thru
Fort Worth Texas 76132,32.688995,-97.412239,Bryant Irvin - Overton,drive thru;cold brew;breakfast
Fort Worth Texas 76137,32.84262,-97.290457,Beach - Western,breakfast;cold brew;24/7;drive thru
Fort Worth Texas 76155,32.82342,-97.055669,Amer. Airlines CP-4 Lobby Esp Cart,cold brew;breakfast
Fort Worth Texas 76155,32.82342,-97.055669,Amer. Airlines Flght Academy Lobby,cold brew;drive thru;breakfast
Foster City California 94404,37.55351,-122.268171,Foster City - Marlin Cove - Foster,24/7;breakfast;drive thru
Foster City California 94404,37.560956,-122.268572,Foster City,drive thru
Fountain Colorado 80911,38.749373,-104.723662,Safeway-Fountain #1975,breakfast;24/7;cold brew;drive thru
Fountain Hills Arizona 85268,33.593015,-111.727864,Safeway - Fountain Hills #1291,24/7;cold brew;drive thru
Fountain Hills Arizona 852683708,33.593029,-111.727867,Fountain Hills,cold brew;24/7
Fountain Valley California 92708,33.7031,-117.971629,Magnolia - Warner  Fountain Valley,drive thru;cold brew;24/7
Fountain Valley California 92708,33.71032,-117.953679,Albertsons-Fountain Valley #6157,breakfast;cold brew;drive thru;24/7
Fountain Valley California 92708,33.71032,-117.953679,Newhope - Southpark  Fountain Valle,breakfast;drive thru;cold brew;24/7
Fountain Valley California 92708,33.73226,-117.954604,Brookhurst - Edinger,breakfast;cold brew;24/7
Fountain Valley California 927086707,33.709671,-117.954323,Brookhurst - Ellis  Fountain Valley,24/7;breakfast
Fox Lake Illinois 60020,42.39985,-88.176509,Dominick's-Fox Lake #1958,breakfast;drive thru;24/7;cold brew
Fox Point Wisconsin 53217,43.14763,-87.908829,Fox Pt-Brown Deer - Port Washington,breakfast;24/7
Fox River Grove Illinois 60021,42.193919,-88.219851,Dominick's-Fox River Grove #1720,drive thru;breakfast
Framingham Massachusetts 01701,42.32884,-71.440079,Framingham (B-N),drive thru
Framingham Massachusetts 01701,42.32884,-71.440079,Wild Harvest Framingham,24/7;cold brew;breakfast;drive thru
Frankfort Illinois 60423,41.502545,-87.85058,Frankfort,24/7;drive thru;breakfast;cold brew
Frankfort Kentucky 40601,38.09901,-84.919134,US 127 - Frankfort,drive thru;24/7;cold brew;breakfast
Franklin Indiana 46131,39.51347,-86.072603,US 31 - Commerce,breakfast
Franklin Square New York 11010,40.70791,-73.680043,Franklin Avenue  Franklin Square,24/7;drive thru;cold brew
Franklin Tennessee 37064,35.90615,-86.883789,Target Franklin T-1963,drive thru;cold brew
Franklin Tennessee 37064,35.92425,-86.870934,Five Points,cold brew
Franklin Tennessee 37064,35.92425,-86.870934,S Royal Oaks  Murfreesboro,cold brew;drive thru;24/7
Franklin Tennessee 37064,35.92425,-86.870934,Thoroughbred Village,breakfast;drive thru;24/7
Fraser Colorado 80442,39.949112,-105.812112,Safeway-Fraser #1568,breakfast;cold brew;drive thru
Frederick Maryland 21701,39.405824,-77.389998,Monocacy,24/7;drive thru;cold brew;breakfast
Frederick Maryland 21701,39.423889,-77.41806,Hood College,cold brew;breakfast;24/7;drive thru
Frederick Maryland 21701,39.505978,-77.398665,Frederick,24/7;cold brew;breakfast
Frederick Maryland 21703,39.380163,-77.41201,Westview,24/7;drive thru
Fredericksburg Virginia 22401,38.296885,-77.458499,Fredericksburg,cold brew;drive thru;breakfast
Fredericksburg Virginia 22401,38.29791,-77.517082,Central Park,drive thru;breakfast
Fredericksburg Virginia 22401,38.298149,-77.480322,Target Fredericksburg T-772,drive thru;breakfast
Fredericksburg Virginia 22401,38.30089,-77.459144,Westwood S.C.,drive thru
Fredericksburg Virginia 22407,38.21312,-77.507564,Route 1  Fredericksburg,cold brew
Fredericton New Brunswick E3C 1A2,45.890845,-66.684909,Chapters-Regent Mall,cold brew;24/7;breakfast
Freedom California 95019,36.936318,-121.779266,Freedom - Airport - Watsonville,drive thru;24/7;cold brew;breakfast
Freehold New Jersey 07728,40.21941,-74.259104,Freehold (B-N),drive thru;cold brew;breakfast
Freehold New Jersey 07728,40.26448,-74.264394,Route 537 Freehold,cold brew
Freehold New Jersey 07728,40.282475,-74.253979,ACME-Freehold #7960,cold brew
Freeport Maine 04032,43.855515,-70.105892,Freeport-Main Street,24/7;breakfast;drive thru;cold brew
Fremont California 94538,37.51333,-121.951824,Safeway-Fremont #309,24/7;breakfast
Fremont California 94538,37.524015,-121.990585,Auto Mall - I-880 - Fremont,drive thru;cold brew;24/7
Fremont California 94538,37.52879,-121.969231,Fremont Plaza - B-N,drive thru;breakfast
Fremont California 94538,37.550923,-121.982173,Auto Mall Pkwy - Fremont - Fremont,24/7;drive thru;cold brew;breakfast
Fremont California 94538,37.550923,-121.982173,Boscell - Auto Mall Pkwy - Fremont,drive thru;breakfast;24/7
Fremont California 94538,37.550923,-121.982173,Fremont - Nicolete - Fremont,24/7
Fremont California 945381340,37.535568,-121.996368,Mowry - Blacow,24/7;breakfast;drive thru
Fremont California 94539,37.492945,-121.931214,Warm Springs Plaza - Fremont,drive thru
Fremont California 94539,37.514921,-121.927549,Safeway-Fremont #1931,24/7;drive thru;cold brew
Fremont California 945395831,37.527512,-121.92041,Mission - Cedar - Fremont,breakfast;24/7
Fremont Nebraska 68025,41.44061,-96.497329,Hy Vee Foods-Fremont NE,breakfast;24/7;cold brew
Fresh Meadows New York 11365,40.733497,-73.794612,Fresh Meadows,24/7;breakfast
Fresno California 93650,36.84043,-119.799584,Shaw - Hwy 41  Fresno,drive thru
Fresno California 93703,36.768185,-119.772634,First - Shields  Fresno,24/7;breakfast
Fresno California 93704,36.740615,-119.785679,Fig Garden Village,breakfast;24/7;drive thru;cold brew
Fresno California 93704,36.80752,-119.808369,Palm - Herndon  Fresno,24/7;drive thru
Fresno California 93704,36.808345,-119.805864,Shaw - Woodrow  Fresno,24/7;breakfast;cold brew;drive thru
Fresno California 937052026,36.828129,-119.843933,Ashlan - West  Fresno,cold brew;breakfast;drive thru
Fresno California 93710,36.82313,-119.764059,Albertsons - Fresno #7278,cold brew;drive thru
Fresno California 93710,36.82313,-119.764059,Fresno Fashion Fair Mall,drive thru;cold brew;24/7;breakfast
Fresno California 93711,36.82271,-119.841904,Bullard - West  Fresno,cold brew;drive thru;breakfast
Fresno California 93711,36.829975,-119.831949,Herndon - Marks- Fresno,24/7;cold brew;drive thru;breakfast
Fresno California 93711,36.829975,-119.831949,Shaw - Feland - Fresno,breakfast;cold brew;drive thru;24/7
Fresno California 93720,36.86713,-119.756874,Shops  Riverpark - Fresno,24/7;drive thru;cold brew
Fresno California 93720,36.879055,-119.756699,Cedar - Shepherd  Fresno,drive thru
Fresno California 937200660,36.872959,-119.776863,Fort Washington - Friant  Fresno,breakfast;24/7
Fresno California 937204300,36.754753,-119.78167,Target North Fresno T-911,cold brew;drive thru;24/7;breakfast
Fresno California 937205474,36.866356,-119.7705,Sommerville - Perrin  Fresno,breakfast;24/7;cold brew
Fresno California 93721,36.73299,-119.791384,Tulare - First  Fresno,breakfast;24/7;cold brew
Fresno California 93721,36.733092,-119.783766,Kern - N Street - Fresno,breakfast;24/7;cold brew
Fresno California 93721,36.743305,-119.781204,Divisadero - U Street  Fresno,drive thru;24/7
Fresno California 937222132,36.757778,-119.87574,Herndon - Milburn  Fresno,breakfast
Fresno California 937223226,36.740269,-119.786102,Fig Garden  Bullard - Fresno,cold brew
Fresno California 93726,36.794253,-119.766258,Ashlan - Cedar  Fresno,cold brew;drive thru
Fresno California 93726,36.8009,-119.785135,Shields - Hwy 41  Fresno,24/7;cold brew;drive thru;breakfast
Fresno California 93727,36.750358,-119.696929,Vons-Fresno #1754,cold brew;breakfast;drive thru
Fresno California 93727,36.753934,-119.731046,Clovis - Kings Canyon - Fresno,cold brew
Fresno California 937278509,36.740269,-119.786102,Peach - McKinley  Fresno,drive thru;breakfast;24/7
Fresno California 93728,36.75747,-119.812531,741 E. Olive Avenue - Fresno,drive thru
Friendswood Texas 77546,29.485416,-95.170363,Kroger-Friendswood #744,24/7;breakfast;drive thru;cold brew
Friendswood Texas 77546,29.49084,-95.167399,FM 518 - FM 528,cold brew
Friendswood Texas 77546,29.51334,-95.222698,Bay Area - FM 528,drive thru
Friendswood Texas 77546,29.53922,-95.148099,Baybrook Mall,breakfast;cold brew;drive thru;24/7
Frisco Colorado 80443,39.569461,-106.099434,Safeway-Frisco #836,drive thru;breakfast;24/7
Frisco Colorado 80443,39.575247,-106.102371,Intrawest-Copper Resort Entrance,cold brew;drive thru
Frisco Colorado 804431728,39.584728,-106.094421,710 Summit Blvd. - Frisco  CO,24/7
Frisco Texas 75034,33.113855,-96.806154,Preston - Stonebrook,breakfast
Frisco Texas 75034,33.113855,-96.806154,Preston - Warren Pkwy.,cold brew;24/7
Frisco Texas 75034,33.11658,-96.840412,Lebanon - Legacy,breakfast
Frisco Texas 75034,33.121235,-96.872304,Teel - Main St.,cold brew
Frisco Texas 75034,33.14125,-96.848387,Super Target Frisco ST-1763,cold brew;breakfast;24/7
Frisco Texas 75034,33.150495,-96.834639,Stonebriar Mall (In-Line),24/7;breakfast;drive thru;cold brew
Frisco Texas 75034,33.150495,-96.834639,Stonebriar Mall (Kiosk,cold brew;breakfast
Ft Lauderdale Florida 33316,26.10213,-80.142044,Broward General Medical Ctr,breakfast;24/7
Ft Lauderdale Florida 33316,26.105981,-80.118021,Harbor Beach Marriott,cold brew;24/7;breakfast;drive thru
Ft Myers Florida 33907,26.556937,-81.882371,College - Winkler,cold brew;drive thru
Ft Myers Florida 33912,26.53057,-81.834659,Super Target Ft Myers ST-818,24/7;drive thru;breakfast;cold brew
Ft Worth Texas 76107,32.738092,-97.410522,Super Target Ft Worth ST-2042,24/7;drive thru;cold brew
Ft. Wayne Indiana 46818,41.219795,-85.17194,Lima - Ludwig,breakfast;24/7;drive thru;cold brew
Ft. Worth Texas 76101,32.6899,-97.373034,Trail Lake,breakfast;cold brew;24/7;drive thru
Ft. Worth Texas 76101,32.78181,-97.558849,White Settlement - 820,drive thru
Ft. Worth Texas 76102,32.758343,-97.32489,Houston - 3rd,24/7;drive thru;breakfast;cold brew
Ft. Worth Texas 76107,32.74043,-97.382484,Camp Bowie - Hulen,drive thru;24/7
Ft. Worth Texas 76131,32.88599,-97.317119,I-35 - Western Center,breakfast;drive thru;24/7
Ft.Lauderdale Florida 33309,26.118475,-80.14106,350 Las Olas,breakfast;cold brew;24/7;drive thru
Fullerton California 92631,33.870325,-117.929104,Yorba Linda - Bradford  Fullerton,24/7
Fullerton California 92632,33.870325,-117.929104,Albertsons-Fullerton #6117,breakfast;drive thru;24/7;cold brew
Fullerton California 92632,33.870325,-117.929104,Harbor - Chapman  Fullerton,cold brew
Fullerton California 92635,33.870325,-117.929104,Rosecrans - Euclid - Fullerton,breakfast;cold brew;drive thru
Fullerton California 92832,33.870325,-117.929104,State College - Chapman - Fullerton,drive thru;24/7;cold brew
Fullerton California 928323028,33.870338,-117.9291,Harbor - Orangethorpe  Fullerton-BB,breakfast;drive thru
Fullerton California 92833,33.870205,-117.968214,Gilbert - Malvern  Fullerton,24/7;drive thru;breakfast;cold brew
Fullerton California 92833,33.877243,-117.962628,Albertsons - Fullerton #6165,drive thru
Fullerton California 928334405,33.844398,-117.957802,Orangethorpe - Brookhurst Fullerton,cold brew
Fullerton California 92835,33.90229,-117.910459,Albertsons-Fullerton #6119,breakfast
Fullerton California 92835,33.91071,-117.880509,Imperial - Harbor  Fullerton,breakfast;24/7;cold brew;drive thru
Gahanna Ohio 43230,39.991983,-82.845573,Kroger-Gahanna #871,drive thru
Gainesville Florida 32601,29.663495,-82.321684,University - 13th Ave.,drive thru;breakfast;24/7
Gainesville Florida 32602,29.65195,-82.323184,Union Street Station,drive thru;cold brew;24/7;breakfast
Gainesville Florida 32605,29.659442,-82.414882,6707 Newberry Rd,drive thru;24/7;breakfast;cold brew
Gainesville Florida 32606,29.73316,-82.381054,Magnolia Park,drive thru
Gainesville Florida 32607,29.65323,-82.383459,39th and Newberry,24/7;breakfast
Gainesville Florida 32608,29.625291,-82.374109,3443 Archer Rd,drive thru;24/7;cold brew;breakfast
Gainesville Georgia 30504,34.26433,-83.885659,Dawsonville Hwy - Gainesville,drive thru
Gainesville Texas 76240,33.619965,-97.150448,I-35 - California,breakfast;cold brew;drive thru;24/7
Gainesville Virginia 20155,38.800373,-77.616865,Super Target-Gainesville ST-1873,breakfast;drive thru;cold brew
Gaithersburg Maryland 20850,39.081665,-77.15124,Washingtonian Waterfront,drive thru;cold brew;breakfast;24/7
Gaithersburg Maryland 20877,39.139866,-77.193829,Lakeforest Mall,24/7
Gaithersburg Maryland 20877,39.139866,-77.193829,The Great Indoors - Gaithersburg,breakfast;cold brew;drive thru
Gaithersburg Maryland 20878,39.110688,-77.273153,First Field Shopping Center,breakfast
Gaithersburg Maryland 20878,39.110688,-77.273153,Potomac Valley,cold brew;drive thru;breakfast;24/7
Gaithersburg Maryland 20878,39.11486,-77.238489,Safeway-Gaithersburg #1089,cold brew;drive thru;breakfast
Gaithersburg Maryland 20878,39.122935,-77.233788,Kentlands,24/7;cold brew
Gaithersburg Maryland 20878,39.125646,-77.2126,Muddy Branch,drive thru
Gaithersburg Maryland 20879,39.162225,-77.174314,Flower Hill,cold brew
Gaithersburg Maryland 20879,39.169943,-77.186529,Safeway-Gaithersburg #1620,cold brew;breakfast;drive thru
Galveston Texas 77546,29.53001,-95.200234,UTMB Moody Medical Library,breakfast;24/7;drive thru;cold brew
Galveston Texas 77550,29.292895,-94.788189,Harborside - 22nd St,24/7;drive thru
Galveston Texas 77551,29.279873,-94.828393,Randalls-Galveston #1031,24/7;cold brew
Gambrills Maryland 21054,39.070272,-76.67997,Safeway-Gambrills #1596,24/7;breakfast
Garden City Kansas 67846,38.010073,-100.819509,Target Garden City T-906,24/7;cold brew;drive thru
Garden City New York 11530,40.72605,-73.636909,Roosevelt Field Kiosk,drive thru;breakfast;24/7
Garden City New York 11530,40.72605,-73.636909,Village of Garden City,24/7;breakfast;drive thru
Garden Grove California 92840,33.77607,-117.936794,Hyatt Regency Orange County,drive thru
Garden Grove California 92840,33.78681,-117.933519,Anaheim Marriott Suites -Lobby,drive thru;24/7;cold brew
Garden Grove California 92840,33.78681,-117.933519,Euclid - Chapman  Garden Grove,breakfast;24/7
Garden Grove California 928406514,33.774227,-117.936768,Haster - Garden Grove Blvd.  Garden,24/7;breakfast
Garden Grove California 928434013,33.773472,-117.977211,Harbor - Westminster  Garden Grove,24/7;breakfast;cold brew;drive thru
Garden Grove California 92845,33.773875,-118.015159,Vons-Garden Grove #2041,24/7;breakfast;drive thru
Gardena California 90247,33.88541,-118.318754,Redondo Beach - Normandie (UCO),cold brew
Gardena California 90247,33.892314,-118.297169,Albertsons-Gardena-#6108,cold brew;breakfast
Gardena California 902483220,33.883759,-118.307503,Artesia - Western  Gardena (UCO),cold brew;24/7
Gardnerville Nevada 89410,38.704975,-119.552182,Hwy 395 - Waterloo - Gardnerville,24/7;breakfast;drive thru;cold brew
Garland Texas 75040,32.913865,-96.636554,Firewheel Town Center,cold brew;breakfast;24/7;drive thru
Garland Texas 75040,32.924855,-96.625269,Super Target Garland ST-1489,drive thru;24/7;breakfast
Garland Texas 75040,32.929521,-96.626232,Hwy 78 - 190,24/7;drive thru;cold brew
Garland Texas 75041,32.864055,-96.647579,Northwest Hwy. - Centerville Rd.,breakfast;24/7;drive thru;cold brew
Garland Texas 75043,32.84278,-96.589164,I-30 - Broadway,24/7;breakfast;drive thru
Garland Texas 75044,32.959527,-96.66373,Shiloh - Arapaho,cold brew;drive thru;24/7;breakfast
Garland Texas 75044,32.970862,-96.648493,Hwy. 190 - N. Garland,24/7;breakfast;cold brew;drive thru
Garrisonville Virginia 22554,38.422885,-77.408174,Stafford Marketplace,24/7;drive thru
Geneseo New York 14454,42.740382,-77.756932,Geneseo,24/7;breakfast;cold brew
Geneva Illinois 60134,41.88701,-88.305225,Geneva Commons,24/7;cold brew;breakfast;drive thru
Geneva Illinois 60134,41.895321,-88.267144,Geneva,drive thru;cold brew
Geneva Illinois 601344610,41.888546,-88.340248,Randall Rd. - Geneva,24/7;drive thru;breakfast
Georgetown Texas 78626,30.639899,-97.651603,Austin Ave - Williams Dr,breakfast;drive thru;cold brew;24/7
Georgetown Texas 78628,30.683839,-97.71948,Target Georgetown T-1982,24/7
Germantown Maryland 20874,39.162089,-77.28314,Safeway-Germantown #1579,cold brew
Germantown Maryland 20874,39.182185,-77.27004,Germantown Town Center,breakfast;24/7;drive thru;cold brew
Germantown Maryland 20876,39.19313,-77.242988,Target Germantown T-1046,24/7
Germantown Maryland 20876,39.208035,-77.248168,Milestone,24/7;breakfast
Germantown Tennessee 38138,35.066305,-89.812529,Germantown - Poplar,24/7;breakfast;drive thru;cold brew
Germantown Tennessee 38138,35.088471,-89.802925,Target Germantown T-682,24/7;drive thru;breakfast;cold brew
Germantown Tennessee 38138,35.096515,-89.807119,Poplar  Forest Hill,cold brew
Germantown Tennessee 38138,35.09917,-89.839207,Kirby - Quince,cold brew
Germantown Wisconsin 53022,43.214152,-88.11529,Germantown-Mequon Rd. - Squire,drive thru;24/7;breakfast
Gibsonia Pennsylvania 15044,40.636402,-79.940551,Northtowne Square,24/7
Gig Harbor Washington 98332,47.349249,-122.570354,Gig Harbor North,cold brew;breakfast
Gig Harbor Washington 98332,47.400755,-122.557041,Albertsons-Gig Harbor,24/7
Gig Harbor Washington 98335,47.30116,-122.607888,Safeway - Gig Harbor #541,cold brew;breakfast;drive thru
Gig Harbor Washington 98335,47.318167,-122.578097,Gig Harbor,cold brew;breakfast;drive thru;24/7
Gig Harbor Washington 98335,47.328,-122.580369,Gig Harbor Drive Thru,cold brew;drive thru;24/7;breakfast
Gig Harbor Washington 983351489,47.349258,-122.57032,Fred Meyer - Gig Harbor #601,24/7;drive thru;breakfast;cold brew
Gilbert Arizona 852338443,33.329041,-111.789742,Albertsons-Gilbert #992,drive thru;cold brew;breakfast;24/7
Gilbert Arizona 85234,33.36413,-111.741519,Gilbert - Loop 202  Phoenix,24/7;cold brew;breakfast
Gilbert Arizona 85234,33.36413,-111.741519,Warner - Cooper Road,drive thru
Gilbert Arizona 85234,33.370315,-111.790074,Safeway - Gilbert #1748,breakfast;drive thru
Gilbert Arizona 85296,33.331242,-111.755577,Val Vista - Warner  Gilbert,drive thru;cold brew
Gilbert Arizona 85296,33.33407,-111.746579,Albertsons-Gilbert #1023,breakfast;cold brew;drive thru
Gilbert Arizona 85296,33.33407,-111.746579,Albertsons-Gilbert #1028,drive thru;24/7
Gilbert Arizona 85296,33.33407,-111.746579,Super Target Gilbert ST-1960,breakfast;24/7
Gilbert Arizona 85296,33.334288,-111.790039,Safeway-Gilbert #1534,24/7;cold brew;drive thru;breakfast
Gilbert Arizona 85297,33.278337,-111.714859,Albertsons-Gilbert #0929,drive thru
Gillette New Jersey 07933,40.683703,-74.476306,Gillette,24/7;drive thru;breakfast;cold brew
Gillette Wyoming 82718,44.11343,-105.456842,Albertsons-Gillette #864,breakfast;cold brew
Gilroy California 95020,37.000884,-121.549835,Camino Arroyo - Pacheco - Gilroy,24/7;cold brew;drive thru
Gilroy California 95020,37.004385,-121.571669,Gilroy Outlet Center,24/7;breakfast;cold brew
Gilroy California 95020,37.004385,-121.571669,Gilroy Town Place,breakfast
Gilroy California 95020,37.01643,-121.583989,Safeway-Gilroy #1505,cold brew;24/7;breakfast;drive thru
Gladstone Missouri 64119,39.200475,-94.497839,Gladstone,drive thru;24/7;breakfast
Glastonbury Connecticut 06033,41.721099,-72.622985,Glastonbury,breakfast;24/7;cold brew
Glen Allen Virginia 23059,37.661708,-77.443535,Virginia Center,24/7
Glen Allen Virginia 23060,37.665356,-77.504138,Kroger - Glen Allen #513,drive thru
Glen Allen Virginia 23060,37.665356,-77.504138,Parkside,cold brew
Glen Burnie Maryland 21061,39.161785,-76.621845,Glen Burnie Center,drive thru;cold brew;breakfast
Glen Burnie Maryland 21061,39.161785,-76.621845,Target Glen Burnie North T-1938,24/7;cold brew
Glen Cove New York 115422517,40.863972,-73.630783,Glen Cove,24/7;cold brew
Glen Ellyn Illinois 60137,41.840188,-88.053863,Glen Ellyn,drive thru;breakfast;24/7
Glen Mills Pennsylvania 19342,39.88588,-75.470564,Chadds Ford,24/7;breakfast;drive thru
Glen Rock New Jersey 07452,40.959559,-74.126024,Glen Rock,breakfast;cold brew;24/7;drive thru
Glencoe Illinois 60022,42.138287,-87.761358,Glencoe,cold brew
Glendale Arizona 85304,33.5955,-112.176259,Albertsons-Glendale #941,24/7;cold brew;breakfast
Glendale Arizona 85306,33.610802,-112.164177,59th - Thunderbird,cold brew
Glendale Arizona 85308,33.65758,-112.180463,Safeway-Glendale #1510,24/7;drive thru;cold brew
Glendale Arizona 85308,33.660075,-112.145419,Arrowhead Towne Center,24/7;cold brew;drive thru;breakfast
Glendale Arizona 85308,33.676535,-112.186639,59th - Union Hills  Glendale,drive thru;breakfast
Glendale Arizona 853080502,33.652798,-112.201942,101 Freeway - Union Hills Drive,breakfast;drive thru
Glendale Arizona 85309,33.54008,-112.358594,Main Exchange Mall,breakfast;24/7
Glendale Arizona 85310,33.707314,-112.142539,39th - Pinnacle Peak  Phoenix,breakfast;cold brew;24/7
Glendale Arizona 85345,33.553395,-112.220304,75th - Bell Ave.,drive thru
Glendale California 912011815,34.146339,-118.248016,Glenoaks - Western  Glendale,24/7
Glendale California 91203,34.157882,-118.231905,Glendale,breakfast
Glendale California 912031357,34.146339,-118.248016,Pacific - Burchett  Glendale,drive thru;cold brew
Glendale California 91204,34.13483,-118.259599,Glendale Marketplace,breakfast;drive thru;24/7;cold brew
Glendale California 91206,34.157387,-118.224829,Vons-Glendale #1707,cold brew;drive thru;breakfast
Glendale California 912064455,34.146339,-118.248016,Glendale - Wilson  Glendale,drive thru;cold brew;breakfast;24/7
Glendale Colorado 80222,39.67041,-104.940949,Colorado Blvd. (B-N),drive thru;breakfast;cold brew
Glendale Colorado 80246,39.70588,-104.931239,Super Target Glendale ST-1806,cold brew;drive thru
Glendale Heights Illinois 60139,41.917618,-88.078959,Glendale Heights,breakfast;24/7;drive thru
Glendale Heights Illinois 60139,41.917618,-88.078959,Super Target Glendale Hghts ST-836,drive thru;breakfast;24/7
Glendale New York 11385,40.700725,-73.895329,Glendale  Union Turnpike,drive thru;24/7;cold brew
Glendora California 91740,34.11697,-117.855069,Albertsons-Glendora #6601,breakfast;cold brew
Glendora California 91741,34.140277,-117.854227,Foothill - Grand - Glendora,24/7;drive thru;cold brew
Glendora California 91741,34.142375,-117.865449,Vons-Glendora #2169,breakfast;drive thru
Glenmont New York 12077,42.598106,-73.795091,Price Chopper-Glenmont #196,drive thru;breakfast
Glenview Illinois 60025,42.074353,-87.815889,Dominick's-Glenview #1719,drive thru
Glenview Illinois 60025,42.074353,-87.815889,Plaza del Prado,cold brew;breakfast
Glenview Illinois 60025,42.077455,-87.798569,Lake - Patriot - The Glen,24/7
Glenview Illinois 60025,42.080566,-87.798416,Lake - Waukegan,breakfast;drive thru;24/7;cold brew
Glenwood Springs Colorado 81601,39.56675,-107.293372,Safeway-Glenwood Springs #1132,cold brew;24/7
Glenwood Springs Colorado 81601,39.56675,-107.293372,Target Glenwood Springs T-2029,cold brew;breakfast;24/7;drive thru
Gloucester Ontario K1J 1G1,45.44612,-75.614989,Gloucester,breakfast;cold brew;drive thru;24/7
Gold River California 95670,38.61486,-121.259769,Gold River,drive thru
Golden Colorado 80401,39.73268,-105.200109,Safeway-Golden #322,breakfast;drive thru;cold brew
Golden Colorado 804011915,39.757401,-105.223183,13th St - Washington Ave,24/7
Golden Valley Minnesota 554274715,44.985771,-93.378777,Golden Valley,cold brew;drive thru;breakfast;24/7
Goleta California 93117,34.43585,-119.831279,Hollister - Storke-Goleta,breakfast;cold brew;drive thru
Goleta California 93117,34.444503,-119.894463,Vons-Goleta #2691,drive thru;breakfast
Goleta California 93117,34.453041,-119.834752,Goleta,drive thru;breakfast
Gonzales California 93926,36.494491,-121.427785,East Fifth - Hwy 101 - Gonzales,breakfast;cold brew
Gonzales Louisiana 70737,30.201765,-90.937804,I-10 - Hwy 30,cold brew;drive thru
Goodyear Arizona 85338,33.41065,-112.410889,Safeway-Goodyear #1511,drive thru
Goodyear Arizona 853381224,33.436298,-112.358276,Safeway-Goodyear #2618,cold brew;24/7;drive thru
Goodyear Arizona 853381228,33.464298,-112.358109,Litchfield - McDowell  Goodyear,24/7
Grafton Wisconsin 53024,43.321365,-87.968554,Grafton-Hwy 60 - Port Washington,breakfast;24/7;cold brew;drive thru
Graham Washington 98338,47.035569,-122.294156,Safeway-Graham #547,drive thru;breakfast
Granada Hills California 91344,34.27815,-118.501109,Chatsworth - Lindley - Granada Hill,24/7;drive thru;breakfast;cold brew
Granada Hills California 91344,34.27815,-118.501109,Granada Hills,breakfast;cold brew;drive thru
Granada Hills California 91344,34.27815,-118.501109,Vons-Granada Hills #2250,drive thru;cold brew;breakfast;24/7
Granbury Texas 76048,32.436574,-97.81665,Hwy. 377 - Old Cleburne,cold brew;breakfast;drive thru
Granby Colorado 80446,40.09249,-105.916064,City Market-Granby #446,cold brew;drive thru;24/7
Granby Connecticut 06035,41.957463,-72.805395,Granby,drive thru;breakfast
Grand Blanc Michigan 48439,42.921804,-83.534013,Grand Blanc,breakfast;drive thru
Grand Forks North Dakota 58201,47.86065,-97.207079,Grand Forks-13th - Washington,breakfast;24/7;cold brew
Grand Forks North Dakota 58201,47.896722,-97.057309,Super Target Grand Forks ST-1783,24/7;drive thru;cold brew
Grand Forks North Dakota 58201,47.924087,-97.032037,Grand Forks Marketplace,breakfast;24/7;cold brew
Grand Haven Michigan 48417,43.25702,-83.93254,D - W Foods-Grand Haven #215,cold brew;breakfast
Grand Haven Michigan 49417,43.032195,-86.186929,Meijer-Grand Haven #180,24/7
Grand Haven Michigan 49417,43.04734,-86.235369,Grand Haven,cold brew
Grand Junction Colorado 81501,39.07461,-108.549429,Albertsons-Grand Junction #0886,cold brew
Grand Junction Colorado 81503,39.05755,-108.586419,Albertsons-Grand Junction #897,24/7;drive thru;breakfast
Grand Junction Colorado 81504,39.08259,-108.488399,Safeway-Grand Junction #1533,drive thru
Grand Junction Colorado 81505,39.111169,-108.600519,Target Grand Junction T-93,24/7;cold brew;breakfast
Grand Junction Colorado 81506,39.1068,-108.546979,Safeway-Grand Junction #2625,breakfast;24/7
Grand Prairie Texas 75052,32.6772,-97.063779,I-20 - Carrier Parkway,breakfast;drive thru;24/7
Grand Rapids Michigan 49503,42.96641,-85.671179,Amway Grand Plaza,24/7;drive thru;cold brew
Grand Rapids Michigan 49506,42.944615,-85.617929,D - W Foods-Grand Rapids #220,breakfast;cold brew
Grand Rapids Michigan 495063033,42.966389,-85.671181,D - W Foods-Grand Rapids #538,breakfast;24/7
Grand Rapids Michigan 49508,42.84753,-85.617579,Target Grand Rapids M-6 T-2015,cold brew;breakfast;24/7;drive thru
Grand Rapids Michigan 49512,41.397579,-83.65036,Woodland Mall  Grand Rapids,breakfast
Grand Rapids Michigan 49512,42.88356,-85.566959,D - W Foods-Grand Rapids #214,breakfast
Grand Rapids Michigan 49512,42.88356,-85.566959,Meijers-Grand Rapids #50,breakfast;drive thru
Grand Rapids Michigan 49512,42.88356,-85.566959,Target Grand Rapids T-2014,drive thru;breakfast;24/7;cold brew
Grand Rapids Michigan 49512,42.90955,-85.568512,Waterfall Shoppes,cold brew
Grand Rapids Michigan 49525,43.025591,-85.601636,Meijers-Grand Rapids #158,24/7;drive thru;breakfast;cold brew
Grand Rapids Michigan 495443554,42.966389,-85.671181,Meijer-Grand Rapids #216,24/7;cold brew
Grand Rapids Michigan 49546,42.917705,-85.583824,East Beltline - Knapp,cold brew;drive thru;24/7;breakfast
Grand Rapids Michigan 49588,42.96641,-85.671179,D - W Foods-Grand Rapids #225,breakfast;cold brew;drive thru
Grand Terrace California 92313,34.03392,-117.315384,Barton - Mt. Vernon  Grand Terrace,24/7;cold brew;drive thru
Grandville Michigan 49418,42.88744,-85.760959,D - W Foods-Grandville #224,drive thru;breakfast
Grandville Michigan 49418,42.88744,-85.760959,Meijer-Grandville #221,drive thru;cold brew;breakfast;24/7
Grandville Michigan 49418,42.90693,-85.762914,Rivertown Crossings,breakfast
Granger Indiana 46530,41.743065,-86.144839,Martin's - Granger #16,cold brew;24/7;drive thru
Granite Bay California 95746,38.790359,-121.139718,Auburn-Folsom - Douglas,24/7;drive thru;breakfast
Granite City Illinois 62040,38.7197,-90.141254,Nameoki - Johnson,drive thru;breakfast
Grapevine Texas 76051,32.898648,-97.082231,Grapevine (B-N),breakfast;cold brew;24/7
Grapevine Texas 76051,32.918861,-97.100922,Randalls-Grapevine #3576,drive thru;24/7
Grapevine Texas 76051,32.9378,-97.080909,Courtyard-Space 133%60,drive thru
Grapevine Texas 76051,32.939435,-97.078389,Food Court-Big Hat,breakfast
Grapevine Texas 76051,32.969195,-97.037239,Grapevine Mills Pkwy - Stars and St,breakfast;cold brew
Grapevine Texas 760514020,32.93943,-97.078423,Target Grapevine T-876,breakfast;drive thru;cold brew
Grass Valley California 95945,39.218441,-121.012428,Albertsons-Grass Valley #7276,cold brew
Grass Valley California 95949,39.201307,-121.057723,Freeman - McKnight,drive thru
Grayslake Illinois 60030,42.34311,-88.033211,Jewell Osco-Grayslake #3464,24/7;breakfast;drive thru
Great Falls Montana 59405,47.551373,-110.979487,Holiday Village-Great Falls-MT,24/7;breakfast;drive thru
Great Neck New York 11021,40.773822,-73.732964,55 Northern Blvd,cold brew;breakfast;drive thru
Great Neck New York 11022,40.800701,-73.728005,Great Neck,drive thru;24/7;breakfast;cold brew
Greece New York 14626,43.213305,-77.704799,South Greece  Long Pond - Ridgeway,drive thru;breakfast;cold brew;24/7
Greece New York 14626,43.216175,-77.733899,Greece,cold brew;drive thru;24/7;breakfast
Greeley Colorado 80034,39.75845,-105.080499,Target Greeley T-1813,breakfast
Greeley Colorado 80631,40.391095,-104.706449,Safeway-Greeley #2666,drive thru;cold brew;24/7;breakfast
Greeley Colorado 80631,40.391095,-104.706449,Safeway-Greeley #2918,24/7;breakfast;cold brew;drive thru
Greeley Colorado 80631,40.42288,-104.714674,Hwy 34 BP - 11th Ave-Greeley,24/7;cold brew
Greeley Colorado 80634,40.381115,-104.734154,35th Ave - 20th St (Greeley),24/7;breakfast;cold brew
Greeley Colorado 80634,40.42063,-104.763539,10th Street - 47th Ave-Greeley,cold brew;drive thru;breakfast
Greeley Colorado 80639,40.42328,-104.694464,University Center - UNCO Greeley,drive thru;24/7
Green Bay Wisconsin 543023743,44.4842,-87.966347,Green Bay - Main - Auto Plaza,breakfast;24/7;cold brew;drive thru
Green Valley Arizona 85614,31.857991,-110.997389,Safeway-Green Valley #2044,24/7;breakfast
Greenbelt Maryland 20770,38.99643,-76.901659,Safeway-Greenbelt #107,cold brew;24/7
Greenbelt Maryland 20770,39.000267,-76.878927,Greenway Shopping Center,cold brew
Greendale Wisconsin 53129,42.9424,-87.995704,Southridge Mall,24/7;breakfast;cold brew;drive thru
Greenfield Wisconsin 53220,42.96597,-88.004979,Kopp's Center,24/7;drive thru;cold brew;breakfast
Greensboro North Carolina 27405,36.098211,-79.783313,Golden Gate (Store Training Center),cold brew;drive thru;24/7;breakfast
Greensboro North Carolina 27407,35.995335,-79.864683,Four Seasons Towne Centre,cold brew;drive thru;24/7
Greensboro North Carolina 27407,36.028226,-79.872423,Harris Teeter Greensboro #33,24/7;drive thru;cold brew;breakfast
Greensboro North Carolina 27408,36.084128,-79.834136,Friendly - HT,cold brew;24/7;drive thru;breakfast
Greensboro North Carolina 27408,36.099926,-79.819044,Battleground Village,24/7;breakfast
Greensboro North Carolina 27408,36.099926,-79.819044,Shops on Battleground,drive thru
Greensboro North Carolina 27408,36.10164,-79.813965,BI LO - Greensboro #131,breakfast
Greensboro North Carolina 27410,36.08992,-79.888962,Guilford College,breakfast;drive thru;cold brew
Greensboro North Carolina 27455,36.12514,-79.829564,Patriots Place,drive thru;breakfast
Greenville North Carolina 27834,35.607195,-77.380224,Stanton Square,24/7
Greenville South Carolina 29607,34.832007,-82.347654,Hendrix - Woodruff Rd,drive thru;24/7;breakfast;cold brew
Greenville South Carolina 29607,34.839177,-82.340381,Haywood Rd - Woods Crossing Rd,24/7;breakfast;cold brew;drive thru
Greenville South Carolina 29615,34.860838,-82.305566,BI LO - Greenville #150,cold brew;24/7
Greenville South Carolina 29615,34.860838,-82.305566,Bilo-Greenville #195,cold brew;drive thru;breakfast;24/7
Greenwich Connecticut 06830,41.02525,-73.629619,Putnam Plaza,drive thru;24/7;cold brew;breakfast
Greenwich Connecticut 06905,41.0669,-73.556224,Greenwich,cold brew;breakfast;drive thru;24/7
Greenwood Indiana 46142,39.622205,-86.158499,State Rd 135 - Stonegate,24/7;drive thru
Greenwood Indiana 461423938,39.61364,-86.110291,Greendale Centre,breakfast
Greenwood Indiana 46143,39.598865,-86.129709,Super Target Greenwood ST-1364,24/7;breakfast;cold brew
Greenwood Indiana 46143,39.627535,-86.082719,Emerson - Main,drive thru;24/7
Greenwood Village Colorado 80083,39.609175,-104.904019,Belleview - Yosemite,drive thru;breakfast;24/7;cold brew
Greenwood Village Colorado 80111,39.608883,-104.91589,Orchard - Willow,breakfast;24/7
Greenwood Village Colorado 80111,39.61254,-104.885529,King Soopers-Greenwood Village #100,breakfast;24/7
Greenwood Village Colorado 80111,39.61254,-104.885529,King Soopers-Greenwood Village #96,breakfast;cold brew;drive thru
Greenwood Village Colorado 80111,39.6242,-104.894729,Belleview and Ulster - DTC,breakfast;24/7;cold brew;drive thru
Greenwood Village Colorado 80112,39.57895,-104.878939,Albertsons-Greenwood #884,drive thru;cold brew
Greenwood Village Colorado 80112,39.59512,-104.899809,Arapahoe Market Place,drive thru;cold brew;24/7
Greer South Carolina 29651,34.938133,-82.224399,Wade Hampton Blvd - Brannon Dr,24/7
Greer South Carolina 29687,34.93594,-82.319489,Target Greer T-1937,cold brew;drive thru;24/7;breakfast
Gresham Oregon 97030,45.506054,-122.435309,Gresham Station,breakfast
Gresham Oregon 97030,45.508452,-122.429528,Oregon Trail - Gresham,24/7
Gresham Oregon 97030,45.508452,-122.429528,Safeway-Gresham #1070,24/7
Gresham Oregon 97030,45.508452,-122.429528,Safeway-Gresham #430,drive thru;breakfast
Gresham Oregon 97080,45.478719,-122.412341,Gresham Village,24/7;drive thru
Grosse Pointe Michigan 48230,42.396551,-82.918358,Grosse Pointe,breakfast;drive thru;cold brew
Grosse Pointe Michigan 48236,42.425935,-82.909794,Mack Avenue,24/7;breakfast;cold brew
Groton Connecticut 06340,41.354845,-72.070714,Mystic Marriott Hotel - Spa,24/7;cold brew
Groton Connecticut 06340,41.354845,-72.070714,Pfizer Groton - Lobby Alcove,cold brew;drive thru;breakfast;24/7
Grove City Ohio 43123,39.882155,-83.105059,Grove City,drive thru;cold brew;24/7;breakfast
Grover Beach California 93433,35.11988,-120.619104,Vons-Grover Beach #2560 (560),24/7
Guelph Ontario N1G 1X6,43.53277,-80.216499,Stone Road Mall Chptrs,24/7;drive thru;cold brew
Gulf Breeze Florida 32561,30.37467,-87.177599,Hwy 98 - Gulf Breeze,breakfast;24/7
Gurnee Illinois 60031,42.364345,-87.914414,Grand Ave. - Gurnee,drive thru;breakfast;24/7;cold brew
Gurnee Illinois 60031,42.37362,-87.940369,Dominicks-Gurnee #1151,drive thru
Gurnee Illinois 60031,42.37362,-87.940369,Target Gurnee T-865,drive thru
Gurnee Illinois 60031,42.38335,-87.954781,Gurnee Mills Mall,drive thru;24/7;cold brew;breakfast
Gustine California 95322,37.056614,-120.972694,Hwy 33 - Henry Miller - Santa Nella,cold brew
Hacienda Heights California 91745,33.99864,-117.968019,Vons-Hacienda Heights #3086,breakfast;24/7;cold brew
Hackensack New Jersey 07601,40.910261,-74.033311,Hackensack,cold brew;24/7;drive thru
Haddonfield New Jersey 08033,39.87953,-75.033379,Haddonfield,breakfast;24/7;cold brew;drive thru
Hailey Idaho 83333,43.533241,-114.312567,Albertsons-Hailey #130,cold brew;24/7
Hales Corners Wisconsin 53130,42.942045,-88.048534,Hales Corners-108th - West Forest,24/7;drive thru;cold brew;breakfast
Half Moon Bay California 94019,37.451829,-122.430687,Hwy 1 - Belleville - Half Moon Bay,24/7;drive thru;cold brew;breakfast
Halifax Nova Scotia B2T 1K2,44.938783,-63.604131,YHZ Halifax Main Term  2nd level,24/7
Halifax Nova Scotia B3S 1C5,44.658729,-63.670359,Chapters - Bayers Lake,cold brew
Halifax Nova Scotia B3S 1P1,44.65873,-63.670354,CVI - Lacewood,24/7
Hallandale Beach Florida 33009,25.986353,-80.121299,Hallandale - Golden Isle,24/7
Hamden Connecticut 06514,41.383965,-72.901664,Hamden,24/7;breakfast;drive thru
Hamilton New Jersey 08330,39.463754,-74.723478,Mays Landing Wrangleboro,cold brew
Hamilton New Jersey 08650,40.50627,-74.619319,Hamilton Trenton,drive thru
Hamilton Ontario L9B 1K3,43.2037,-79.897319,South Hamilton Square,24/7;drive thru;breakfast
Hamilton Square New Jersey 08690,40.212345,-74.658384,Albertsons-Hamilton Square #7919,cold brew;breakfast
Hammonton New Jersey 08037,39.6019,-74.842594,Farley Travel Plaza,24/7
Hampton Bays New York 11946,40.888891,-72.505836,Hampton Bays,cold brew
Hampton Virginia 23666,37.032129,-76.399338,Power Plant of Hampton Roads,breakfast
Hampton Virginia 23666,37.050196,-76.392118,Coliseum Crossing,drive thru;breakfast;24/7
Hampton Virginia 23669,37.041801,-76.340567,Farm Fresh-Hampton #240,24/7
Hanford California 93230,36.28073,-119.654881,11th - Lacey - Hanford,drive thru;24/7;breakfast;cold brew
Hanford California 93230,36.332175,-119.649969,Target Hanford T-1906,breakfast;24/7;drive thru;cold brew
Hanford California 932305972,36.322941,-119.675018,12th - Centennial  Hanford,24/7;drive thru;breakfast
Hannacroix New York 12087,42.432672,-73.884617,New Baltimore Travel Plaza,cold brew;breakfast;drive thru;24/7
Hanover Maryland 21076,39.15507,-76.720465,Arundel Village,24/7;breakfast
Hanover Maryland 21076,39.188075,-76.716354,Safeway-Hanover #1926,cold brew;24/7
Hanover Maryland 210761295,39.155071,-76.720482,Arundel Mills,24/7;breakfast;cold brew
Harbor City California 90170,33.79781,-118.301939,Palos Verdes - Western  Harbor City,breakfast;cold brew;24/7
Harbor City California 90710,33.797735,-118.298859,Sepulveda - Vermont  Harbor City,cold brew
Harlingen Texas 78550,26.162471,-97.680551,Ed Carey - Sunshine Strip,breakfast;24/7
Harlingen Texas 78550,26.180342,-97.656927,HRL - Harlingen Valley,cold brew;breakfast;drive thru;24/7
Harrisburg Pennsylvania 17101,40.259873,-76.882197,Whitaker Cultural Center,cold brew;24/7
Harrisburg Pennsylvania 17112,40.330712,-76.750771,Harrisburg Brindle Road,24/7
Harrisonburg Virginia 22801,38.422499,-78.873189,Target Harrisonburg T-2071,breakfast
Harrisonburg Virginia 22807,38.451532,-78.869038,James Madison U - Phillips Center,24/7
Hartford Connecticut 06103,41.763325,-72.674069,Hartford City Place,drive thru;breakfast
Hartford Connecticut 06106,41.763209,-72.694296,Hartford Convention Center,breakfast;24/7;cold brew
Hartford Connecticut 06106,41.763209,-72.694296,Marriott Hartford - Lobby,cold brew;breakfast;drive thru
Hartsdale New York 10530,41.012278,-73.796098,Hartsdale Train Station,cold brew
Harvey Louisiana 75008,29.907477,-90.080977,Manhattan - Gretna,24/7;drive thru;breakfast
Hasbrouck Heights New Jersey 07604,40.862585,-74.068774,Hasbrouck Heights,breakfast
Hastings Minnesota 55033,44.738255,-92.884984,Hastings-Hwy 55,24/7;cold brew;breakfast
Hattiesburg Mississippi 39402,31.316115,-89.345294,Hardy St - 38th Ave,breakfast;cold brew;24/7
Hattiesburg Mississippi 39402,31.320875,-89.385358,Target Hattiesburg T-2055,cold brew;breakfast
Hattiesburg Mississippi 39406,31.32806,-89.331919,U of S. MS Hattisburg -Cook Library,cold brew
Hauppauge New York 11788,40.80977,-73.217184,Hauppauge - Route 111,24/7;drive thru;breakfast
Havertown Pennsylvania 19083,39.987775,-75.310319,Havertown,drive thru;24/7;cold brew
Hawthorne California 902053386,33.928692,-118.342331,Crenshaw - I-105  Hawthorne (UCO),cold brew;breakfast;drive thru;24/7
Hawthorne California 90250,33.90876,-118.352749,Hawthorne - El Segundo Blvd (UCO),cold brew;24/7
Hawthorne California 902506618,33.918209,-118.353752,Rosecrans - Oceangate  Hawthorne,breakfast;cold brew;24/7;drive thru
Hawthorne California 902506646,33.918209,-118.353752,Rosecrans - The 405 Fwy  Hawthorne,breakfast;24/7
Hayden Lake Idaho 83835,47.753614,-116.791021,Hwy. 95 - Prairie Hayden,24/7
Hayward California 94541,37.671197,-122.086137,Mission - A Street - Hayward,breakfast;cold brew
Hayward California 94541,37.674568,-122.086862,Albertsons-Hayward #7138,cold brew;breakfast
Hayward California 94541,37.674568,-122.086862,Hesperian - Winton - Hayward,breakfast;cold brew
Hayward California 94544,37.63375,-122.064499,Albertsons-Hayward #7107,24/7
Hayward California 94544,37.63375,-122.064499,Whipple - Industrial - Hayward,cold brew;drive thru
Hayward California 94544,37.671197,-122.086137,Industrial - Stratford - Hayward,drive thru
Hayward California 94544,37.671197,-122.086137,Jackson - Amador - Hayward,drive thru
Hayward California 94544,37.671197,-122.086137,Mission - Sorenson - Hayward,breakfast;cold brew
Hazelwood Missouri 63042,38.775305,-90.333294,I-270 - Lindbergh,breakfast;drive thru;cold brew
Hazelwood Missouri 63042,38.784988,-90.355291,Foodbrand-St. Louis Mills,breakfast;cold brew
Healdsburg California 95448,38.610645,-122.868834,Vine - Healdsburg - Healdsburg,breakfast;drive thru;24/7
Heathrow Florida 32746,28.76203,-81.347004,Albertsons-Heathrow #4316,24/7;drive thru;breakfast;cold brew
Hebron Kentucky 41048,39.08666,-84.706152,CVG - Cinci Conc C-016,24/7;cold brew;drive thru
Hebron Kentucky 41048,39.08666,-84.706152,CVG - Cinci Term 3 Pre Secur Delta,breakfast
Hebron Kentucky 41048,39.0902,-84.706289,CVG - Cinci Term 3  Conc B,24/7;cold brew
Helena Montana 59601,46.589745,-112.021214,Helena-Main - Neil,breakfast;24/7
Helena Montana 59601,46.592507,-112.028932,Helena-1300 Prospect,drive thru
Helena Montana 59601,46.592507,-112.028932,Safeway-Helena #1486,cold brew
Hemet California 92543,33.72944,-116.960774,Stetson - State  Hemet,cold brew;drive thru;24/7;breakfast
Hemet California 925434070,33.749401,-116.967888,Florida - Palm  Hemet,cold brew;drive thru;breakfast;24/7
Hemet California 92545,33.74472,-117.016519,Target Hemet T-761,drive thru;breakfast;24/7;cold brew
Hemet California 92545,33.74741,-116.994679,Florida - Kirby  Hemet,breakfast
Hemet California 925459740,33.749401,-116.967888,Sanderson - Stetson  Hemet,24/7
Henderson Nevada 89011,36.112569,-114.924662,Monte Lago Village-Lake Las Vegas,drive thru;cold brew;24/7;breakfast
Henderson Nevada 89012,36.018175,-115.050302,Vons - Henderson #2615,24/7;drive thru;breakfast;cold brew
Henderson Nevada 890123463,36.0308,-114.98111,Valle Verde - Paseo Verde Henderson,24/7;cold brew;breakfast;drive thru
Henderson Nevada 89014,36.054435,-115.037534,Marks - Sunset  Henderson,breakfast;drive thru
Henderson Nevada 89014,36.056745,-115.041879,Sunset Station,drive thru
Henderson Nevada 89014,36.05996,-115.06272,Vons-Henderson #2511,cold brew
Henderson Nevada 89014,36.070905,-115.084774,Green Valley,cold brew;drive thru;breakfast
Henderson Nevada 890145025,36.0308,-114.98111,Green Valley - Warm Springs  Hender,drive thru;cold brew;breakfast;24/7
Henderson Nevada 890148811,36.0308,-114.98111,Warm Springs - Julia  Henderson,cold brew;breakfast;drive thru;24/7
Henderson Nevada 89015,36.0168,-114.963299,College - Horizon  Henderson,24/7
Henderson Nevada 89015,36.038169,-114.966119,Albertsons-Henderson #6002,breakfast
Henderson Nevada 89052,35.981631,-115.106416,Vons-Henderson #1795,cold brew
Henderson Nevada 890522926,36.0126,-114.97998,Eastern - Horizon Ridge  Henderson,24/7;cold brew;drive thru
Henderson Nevada 89074,36.04279,-115.046569,Stephanie - Horizon Ridge  Henderso,drive thru;cold brew;breakfast;24/7
Henderson Nevada 89104,36.15142,-115.110369,Stephanie - Henderson (B-N),drive thru
Hendersonville Tennessee 37075,36.304861,-86.620216,Veterans Pkwy - New Shackle,drive thru
Hendersonville Tennessee 37075,36.305016,-86.618586,201 W. Main,cold brew;breakfast;drive thru
Henrietta New York 14623,43.075714,-77.706536,Henrietta Plaza,drive thru
Hercules California 94547,38.010706,-122.273517,I-80 - Willow - Hercules,breakfast;24/7;cold brew;drive thru
Hercules California 945473968,38.013889,-122.272812,San Pablo - Sycamore - Hercules,drive thru;24/7;breakfast
Hermiston Oregon 97838,45.827995,-119.290299,Hermiston- Hermiston  OR,drive thru;breakfast;24/7;cold brew
Hermitage Tennessee 37076,36.211864,-86.598556,Andrew Jackson Pkwy  Lebanon Pike,cold brew;breakfast;24/7;drive thru
Hermosa Beach California 90254,33.862515,-118.400879,Hermosa - 13th  Hermosa Beach,breakfast;24/7
Hermosa Beach California 90254,33.86537,-118.400769,Hermosa Beach,24/7;breakfast
Hermosa Beach California 902543941,33.863186,-118.400192,Vons-Hermosa Beach #2110,24/7;drive thru;breakfast
Herndon Virginia 20170,38.957745,-77.388844,Safeway-Herndon #1689,cold brew;breakfast;drive thru
Herndon Virginia 20170,38.969698,-77.385475,Worldgate Centre,breakfast
Herndon Virginia 20171,38.921047,-77.369506,Fox Mill Center,breakfast;cold brew
Herndon Virginia 20171,38.936983,-77.412566,Franklin Farms,cold brew;drive thru;breakfast
Herndon Virginia 22070,38.969698,-77.385475,Herndon,breakfast;cold brew;drive thru;24/7
Hershey Pennsylvania 170330855,40.289879,-76.669205,Penn State Hershey Medical Ctr Main,breakfast;cold brew;24/7;drive thru
Hesperia California 92345,34.420535,-117.29467,Main - C  Hesperia,24/7
Hewlett New York 11557,40.643445,-73.694039,Hewlett,24/7;drive thru
Hickory Creek Texas 76205,33.17587,-97.115139,FM 2181 - Town Hall Road,24/7
Hicksville New York 11801,40.763435,-73.522157,Target Hicksville T-1855,24/7;cold brew
Hicksville New York 118012709,40.761719,-73.522453,Broadway Mall,drive thru;cold brew;breakfast
High Point North Carolina 27265,36.021632,-80.072643,High Point  NC,breakfast;24/7;drive thru;cold brew
High Point North Carolina 27265,36.02971,-79.968812,Shoppes at Deep River,breakfast
Highland California 92346,34.131472,-117.209121,Baseline - Hwy 30  Highland,breakfast;24/7
Highland Indiana 46322,41.549231,-87.458939,Target Highland T-731,cold brew
Highland Park Illinois 60035,42.18151,-87.801044,Deerfield Rd. Highland Park D T,drive thru;24/7;breakfast
Highland Park Illinois 60035,42.185665,-87.799364,Renaissance Place,drive thru;breakfast;cold brew;24/7
Highland Park Illinois 60035,42.20237,-87.801199,Port Clinton,24/7;drive thru;cold brew;breakfast
Highlands Ranch Colorado 80126,39.542871,-104.961387,Albertsons-Highlands Ranch #806,cold brew
Highlands Ranch Colorado 80126,39.542871,-104.961387,King Soopers-Highlands Ranch #108,breakfast
Highlands Ranch Colorado 80126,39.542871,-104.961387,King Soopers-Highlands Ranch #110,cold brew;breakfast;24/7
Highlands Ranch Colorado 80126,39.542871,-104.961387,Safeway-Highlands Ranch #1480,cold brew;breakfast;24/7;drive thru
Highlands Ranch Colorado 80126,39.542871,-104.961387,University Blvd. - Highlands Ranch,drive thru;24/7;cold brew
Highlands Ranch Colorado 80126,39.544915,-104.944744,Highlands Ranch - Broadway,breakfast;24/7
Highlands Ranch Colorado 801262437,39.541592,-104.951439,Target Highlands Ranch T-271,24/7;drive thru
Highlands Ranch Colorado 80129,39.540809,-105.009178,King soopers - Highlands Ranch #8,drive thru;24/7
Higley Arizona 85236,33.366685,-111.687694,Power - Loop 202  Gilbert,drive thru;breakfast
Hilliard Ohio 43026,40.023048,-83.113962,Mill Run,24/7
Hilliard Ohio 43026,40.023732,-83.154198,Target Hilliard T-1969,drive thru;breakfast;24/7
Hillsboro Oregon 97123,45.49197,-122.955479,Albertsons-Hillsboro #590,drive thru;cold brew;24/7
Hillsboro Oregon 97123,45.522675,-122.990499,First - Main St. - Hillsboro,24/7
Hillsboro Oregon 97124,45.53407,-122.915819,Cornell - Stucki,drive thru;breakfast;24/7;cold brew
Hillsboro Oregon 97124,45.539657,-122.940892,Albertsons-Hillsboro #591,cold brew;breakfast;24/7;drive thru
Hillsboro Oregon 97124,45.539657,-122.940892,Safeway-Hillsboro #1230,breakfast;drive thru;24/7
Hillsboro Oregon 97124,45.570625,-122.898229,Hillsboro Marketplace,24/7;drive thru;breakfast
Hillsboro Oregon 97124,45.570625,-122.898229,Orenco Station,drive thru;breakfast;24/7
Hillsboro Oregon 97124,45.570625,-122.898229,Tanasbourne West,breakfast
Hillsboro Oregon 97229,45.544531,-122.817029,Fred Meyer - Hillsboro #661,24/7;drive thru;cold brew;breakfast
Hillsboro Texas 76645,32.017596,-97.094907,I-35 - Hwy. 22,cold brew;24/7
Hillsborough New Jersey 08844,40.50535,-74.588274,Hillsborough,drive thru;24/7;cold brew
Hillsdale New Jersey 07642,41.004595,-74.061259,Hillsdale,cold brew;24/7
Hilton Head South Carolina 29926,32.207022,-80.705243,Island Crossing,24/7
Hilton Head South Carolina 29926,32.252082,-80.721676,Pineland Station,drive thru;cold brew
Hingham Massachusetts 02043,42.236795,-70.874852,Hingham,breakfast
Hinsdale Illinois 60521,41.787413,-87.90856,Hinsdale Travel Oasis Space K2,drive thru;cold brew;24/7
Hinsdale Illinois 60521,41.787413,-87.90856,Wild Oats - Hinsdale,24/7;drive thru;breakfast;cold brew
Hinsdale Illinois 60521,41.799775,-87.928129,Hindale-Washington - Hinsdale-Reloc,cold brew;breakfast
Hiram Georgia 30141,33.865665,-84.774728,Super Target Hiram ST-1400,drive thru
Hiram Georgia 30141,33.88958,-84.749289,Hwy 278  Hwy 92,drive thru;24/7;breakfast
Hixson Tennessee 37343,35.163979,-85.218251,Target Hixon Chattanooga T-2053,cold brew;breakfast
Hoboken New Jersey 07030,40.750705,-74.024501,Hoboken - 12th - Hudson,24/7
Hockessin Delaware 19707,39.76569,-75.695661,ACME-Hockessin #7828,24/7;breakfast
Hoffman Estates Illinois 60194,42.03462,-88.115909,Dominick's-Hoffman Estates #1122,breakfast;drive thru
Hoffman Estates Illinois 60195,42.054703,-88.086451,Hoffman Estates  Illinois,drive thru;cold brew;24/7
Holladay Utah 84117,40.671425,-111.824564,Albertsons-Salt Lake City,drive thru;cold brew;breakfast
Holland Michigan 49423,42.76843,-86.181229,Meijer-Holland #47,breakfast;cold brew
Holland Michigan 49424,42.818165,-86.134094,Meijer-Holland Twp #217,drive thru;24/7
Holland Michigan 49424,42.88875,-86.119924,Holland,drive thru
Holland Michigan 49464,42.82684,-85.999569,D - W Foods - Holland #249,24/7;breakfast;drive thru
Hollister California 95021,37.004378,-121.571665,Sunset - Airline - Hollister,drive thru;cold brew;breakfast
Hollister California 95023,36.851976,-121.390279,Albertsons-Hollister #7188,breakfast;cold brew
Hollister California 95023,36.851976,-121.390279,Target Hollister T-941,cold brew;24/7;breakfast
Holly Springs North Carolina 27540,35.65987,-78.806239,Harris Teeter-Holly Springs #118,breakfast;drive thru;cold brew
Hollywood California 900284604,38.345776,-76.572533,Hollywood - McCadden  Hollywood,drive thru;24/7
Hollywood California 900286157,38.345776,-76.572533,Hollywood - Highland  Hollywood,breakfast
Hollywood California 900288521,34.094326,-118.31105,Sunset Blvd - St. Andrews Place  Ho,24/7;breakfast
Hollywood California 90068,34.117738,-118.332343,1900 Highland Ave. - Hollywood,drive thru;24/7;breakfast;cold brew
Hollywood Florida 33321,26.214297,-80.271999,Sheridan Plaza,breakfast;cold brew;drive thru;24/7
Homewood Illinois 60430,41.56254,-87.665679,Homewood  IL,breakfast;drive thru;24/7
Homewood Illinois 60430,41.56254,-87.665679,Homewood Cherry Creek,24/7;cold brew
Hood River Oregon 97031,45.646129,-121.553879,Safeway-Hood River #1123,cold brew
Hood River Oregon 97031,45.646264,-121.553875,1040 East Marina Road-Hood River,24/7
Hoover Alabama 35242,33.41687,-86.70314,Hwy 280 - Inverness Ctr Dr,breakfast;24/7;drive thru
Hoover Alabama 35244,33.356331,-86.806068,River Chase Galleria,24/7
Hopkins Minnesota 55305,44.933063,-93.417654,Hopkins-Hwy 7 - Hopkins Cross Roads,breakfast;drive thru;24/7;cold brew
Hopkinsville Kentucky 42240,36.763483,-87.471129,US 41 - Clinic,24/7;drive thru
Hot Springs Arkansas 71913,34.45651,-93.059499,Central Ave - Buena Vista,24/7;drive thru;cold brew
Houma Louisiana 70360,29.594809,-90.74094,Martin Luther King - Corporate Dr,breakfast;cold brew;drive thru
Houston Texas 74024,29.76045,-95.369784,The Great Indoors-Houston(Katy frw,cold brew
Houston Texas 77002,29.75563,-95.367258,Randall's - Houston #1773,drive thru;breakfast;24/7
Houston Texas 77002,29.75618,-95.363594,McKinney - San Jacinto,24/7;cold brew;drive thru
Houston Texas 77002,29.75681,-95.363734,Fannin - Dryden,drive thru;24/7;cold brew;breakfast
Houston Texas 77002,29.757736,-95.368229,1100 Louisiana,24/7;breakfast;cold brew
Houston Texas 77002,29.76045,-95.369784,Aramark McKinney Tunnel,cold brew;drive thru;24/7;breakfast
Houston Texas 77002,29.76045,-95.369784,One Shell (Downtown),breakfast
Houston Texas 770021001,29.75556,-95.36071,U of Houston Downtown,cold brew
Houston Texas 770022720,29.76046,-95.369797,Pennzoil Place (Downtown),breakfast;24/7;cold brew;drive thru
Houston Texas 770023009,29.762962,-95.367493,Texas Commerce Tower (Downtown),cold brew;24/7;drive thru
Houston Texas 77005,29.71844,-95.422424,Kroger-Houston #314,24/7;breakfast
Houston Texas 77005,29.720312,-95.418349,5801 Kirby,breakfast;24/7
Houston Texas 77005,29.726275,-95.427804,Buffalo Speedway - Westpark,24/7;drive thru;breakfast
Houston Texas 77006,29.742865,-95.391244,Montrose - Hawthorne,drive thru;24/7;cold brew;breakfast
Houston Texas 77007,29.764695,-95.392509,Memorial - Asbury,breakfast;24/7;cold brew
Houston Texas 77010,29.735035,-95.592624,Houston Center,breakfast;cold brew;24/7
Houston Texas 77010,29.754174,-95.360058,George R Brown Convention Ctr,cold brew;drive thru;24/7
Houston Texas 77019,29.7502,-95.426549,River Oaks,cold brew;breakfast
Houston Texas 77019,29.7502,-95.426549,River Oaks II,breakfast;24/7;drive thru;cold brew
Houston Texas 77019,29.75651,-95.406419,Village Arcade I,cold brew;breakfast;drive thru
Houston Texas 77024,29.75731,-95.529664,Memorial - Benignus,24/7;cold brew
Houston Texas 77024,29.77228,-95.516549,Memorial Drive Town - Country,24/7;breakfast;drive thru;cold brew
Houston Texas 77024,29.780404,-95.453705,Echo Lane - I-10,24/7
Houston Texas 77024,29.780404,-95.453705,I-10 - Memorial City Way,cold brew;breakfast;drive thru;24/7
Houston Texas 77024,29.781309,-95.540169,Memorial City Mall,breakfast;drive thru
Houston Texas 77025,29.70598,-95.432504,Bellaire - Stella Link,drive thru;24/7
Houston Texas 77027,29.72772,-95.441714,Highland Village,drive thru;24/7;cold brew
Houston Texas 77027,29.746655,-95.454366,San Felipe - 610,breakfast;24/7;cold brew;drive thru
Houston Texas 770273406,29.767086,-95.372482,Target Galleria Houston T-955,drive thru;24/7
Houston Texas 77030,29.70734,-95.400409,Kroger-Houston #740,breakfast;24/7
Houston Texas 77030,29.70734,-95.400409,Super Target Houston ST-1336,breakfast
Houston Texas 77030,29.70734,-95.400409,Texas Med Ctr Park Garage Food Crt,cold brew;drive thru;24/7
Houston Texas 77032,29.677855,-95.643545,IAH - Term E Space 6,breakfast
Houston Texas 77032,29.952261,-95.343399,IAH - Conc C North Term Food Ct,24/7;drive thru
Houston Texas 77032,29.952261,-95.343399,IAH - Conc C South Term Food Ct,breakfast;cold brew;drive thru
Houston Texas 77032,29.952261,-95.343399,IAH - Term E Space 20,drive thru;24/7
Houston Texas 77032,29.9874,-95.3423,IAH - FIS Bldg,breakfast;24/7
Houston Texas 77035,29.65295,-95.480419,Randalls-Houston #1041,cold brew;breakfast;drive thru
Houston Texas 77037,29.907205,-95.412571,I-45 - West,cold brew;24/7;breakfast;drive thru
Houston Texas 77042,29.73981,-95.560559,Carillon,drive thru;cold brew
Houston Texas 77042,29.73981,-95.560559,Kroger-Houston #363,breakfast;drive thru;cold brew
Houston Texas 77042,29.73981,-95.560559,Randalls-Houston #1247,breakfast
Houston Texas 77046,29.76045,-95.369784,Renaissance Hotel - Lobby,breakfast;cold brew;drive thru;24/7
Houston Texas 77054,29.682651,-95.40569,Shell Oil - Info Ctr - 3rd Floor,drive thru;breakfast;cold brew
Houston Texas 77054,29.686867,-95.410128,Reliant Center,24/7;breakfast;drive thru;cold brew
Houston Texas 77056,29.73151,-95.467454,Houston Galleria,breakfast;drive thru
Houston Texas 77056,29.73151,-95.467454,Post Oak Center Galleria (B-N),24/7
Houston Texas 77056,29.731615,-95.469639,Richmond - Chimney Rock,cold brew;drive thru
Houston Texas 77056,29.74004,-95.471879,Westheimer - Post Oak,drive thru;cold brew
Houston Texas 77056,29.743755,-95.461009,Post Oak - 610 (Uptown Park),breakfast;drive thru;cold brew;24/7
Houston Texas 77056,29.75023,-95.466679,San Felipe - Sage (Randalls),breakfast;24/7
Houston Texas 77057,29.73661,-95.484334,Fountainview,cold brew;24/7;drive thru
Houston Texas 77057,29.74977,-95.490109,San Felipe Voss,24/7;cold brew;drive thru
Houston Texas 77057,29.752935,-95.483209,Woodway - Augusta,24/7;breakfast
Houston Texas 77057,29.758405,-95.486874,Woodway - Voss,drive thru;cold brew;24/7;breakfast
Houston Texas 77058,29.584568,-95.102798,Bay Area - Seawolf,cold brew;24/7;breakfast
Houston Texas 77060,29.931944,-95.385406,Wyndham Greenspoint Houston,drive thru;cold brew
Houston Texas 77062,29.57608,-95.13335,Kroger-Houston #300,cold brew;drive thru;breakfast;24/7
Houston Texas 77062,29.57608,-95.13335,Kroger-Houston #385,breakfast;cold brew
Houston Texas 77062,29.57608,-95.13335,Randall's - Houston #4062,breakfast
Houston Texas 77063,29.732935,-95.521569,Randalls-Houston #3014,drive thru;cold brew;breakfast
Houston Texas 77063,29.737245,-95.535524,Westheimer - Fondren,cold brew;24/7
Houston Texas 77063,29.751115,-95.506119,Westheimer Voss (B-N),breakfast;drive thru
Houston Texas 77064,29.917355,-95.524489,Kroger-Houston #739,drive thru;breakfast;24/7
Houston Texas 77069,29.92519,-95.341324,1960 - Stuebner,drive thru;breakfast
Houston Texas 77069,29.984685,-95.504174,Champions Forest Dr - FM 1960,cold brew
Houston Texas 77069,29.986228,-95.525188,Randalls-Houston #1012,drive thru
Houston Texas 77069,29.986228,-95.525188,Target Willowbrook T-2066,drive thru;24/7;breakfast;cold brew
Houston Texas 77070,29.966505,-95.537404,Willowbrook Mall  TX,24/7
Houston Texas 77070,29.976479,-95.583748,FM 1960 - Jones Road,drive thru;cold brew;breakfast;24/7
Houston Texas 77070,29.97959,-95.566137,SH 249 - Jones Road,drive thru;breakfast
Houston Texas 77074,29.723012,-95.491848,Hillcroft - US 59,24/7;cold brew
Houston Texas 77077,29.729595,-95.648409,West Oaks (B-N),cold brew
Houston Texas 77077,29.751279,-95.611789,Kroger-Houston #349,24/7;cold brew;breakfast
Houston Texas 77077,29.751279,-95.611789,Westheimer - Royal Oaks Club Drive,24/7;cold brew;breakfast
Houston Texas 77077,29.963962,-95.540367,Willowbrook,cold brew;24/7;breakfast;drive thru
Houston Texas 77079,29.76045,-95.369784,Shell Oil Executive Bldg - Lobby,drive thru
Houston Texas 77079,29.77156,-95.612394,Memorial - Dairy Ashford,24/7;breakfast;drive thru;cold brew
Houston Texas 77079,29.775573,-95.600888,Randalls-Houston #1011,cold brew;breakfast;24/7
Houston Texas 77079,29.78536,-95.644794,I-10 - Kirkwood,drive thru;24/7
Houston Texas 77079,29.78723,-95.644944,Hwy 6 - Memorial,breakfast;drive thru
Houston Texas 77084,29.642029,-95.55196,Copperfield,24/7;breakfast;drive thru
Houston Texas 77084,29.841158,-95.669035,Randalls-Houston #2672,breakfast;drive thru;cold brew
Houston Texas 77084,29.841158,-95.669035,Target Copperfield T-993,cold brew;drive thru
Houston Texas 77087,29.695589,-95.294994,Loop 610 - I-45 (UCO),breakfast;drive thru;24/7;cold brew
Houston Texas 77089,29.589972,-95.222216,Kroger-Houston #746,breakfast;24/7
Houston Texas 77090,30.024893,-95.449409,FM 1960 - Red Oak Rd,drive thru
Houston Texas 77094,29.7752,-95.701004,Fry - Kingsland,cold brew
Houston Texas 77096,29.6752,-95.479894,Target Houston T-1975,breakfast
Houston Texas 77096,29.68627,-95.461264,Meyerland,cold brew;24/7;drive thru
Houston Texas 77098,29.732125,-95.410644,Shepherd - Farnham,breakfast
Houston Texas 77098,29.732125,-95.410644,Shepherd - Harold,cold brew;breakfast
Houston Texas 772043652,29.76046,-95.369797,U of Houston - Food Court,cold brew;breakfast;24/7
Houston Texas 772046021,29.807095,-95.518188,U of Houston - Bauer Coll of Bus,breakfast
Howard Beach New York 11414,40.652066,-73.828981,Howard Beach,drive thru;cold brew;24/7
Howell Michigan 48843,42.592261,-83.901646,Meijer-Howell #172,breakfast;cold brew;24/7;drive thru
Howell Michigan 48843,42.592261,-83.901646,Target Hartland T-1971,cold brew;drive thru;24/7
Howell New Jersey 07731,40.16871,-74.237864,Howell - Route 9,24/7;drive thru;breakfast;cold brew
Hudson Ohio 44236,41.26319,-81.512674,Hudson,breakfast;cold brew;24/7;drive thru
Humble Texas 77338,30.001372,-95.303526,FM 1960 - Wilson Rd,cold brew
Humble Texas 77338,30.00498,-95.278059,FM 1960 - Hwy 59,breakfast;cold brew;drive thru
Humble Texas 77338,30.00909,-95.288699,Super Target Humble ST-1457,24/7;drive thru;cold brew
Humble Texas 77339,30.05407,-95.221559,Kingwood Dr - Green Oaks Dr,cold brew;drive thru;breakfast
Humble Texas 77339,30.05407,-95.221559,Northpark Dr - Glade Valley Dr,drive thru;cold brew
Huntingdon Valley Pennsylvania 19006,40.131412,-75.056907,Genuardi-Huntingdon Valley #4014,drive thru;24/7;breakfast
Huntingdon Valley Pennsylvania 19006,40.132605,-75.061864,Huntingdon Valley,cold brew;breakfast;drive thru
Huntington Beach California 92646,33.66874,-117.968668,Atlanta - Magnolia  Huntington Beac,drive thru;breakfast
Huntington Beach California 92646,33.66874,-117.968668,Target Huntington Beach T-2051,cold brew
Huntington Beach California 92646,33.66874,-117.968668,Vons-Huntington Beach #3160,breakfast;24/7
Huntington Beach California 92646,33.70002,-117.980344,Newland Center,breakfast;cold brew;24/7;drive thru
Huntington Beach California 92647,33.67711,-117.995219,Huntington Beach (B-N),drive thru;breakfast;cold brew;24/7
Huntington Beach California 92647,33.7236,-118.006679,Albertsons-Huntington Beach #6151,breakfast;24/7;drive thru;cold brew
Huntington Beach California 926472662,33.678673,-117.995239,Bolsa - Edwards  Huntington Beach,24/7;drive thru
Huntington Beach California 926477364,33.711586,-118.063049,Warner - Beach  Huntington Beach,24/7;drive thru;cold brew
Huntington Beach California 92648,33.675665,-118.003179,Albertsons-Huntington Beach #6110,24/7;breakfast
Huntington Beach California 92648,33.675665,-118.003179,Albertsons-Huntington Beach #6124,breakfast
Huntington Beach California 92648,33.675665,-118.003179,Goldenwest - Yorktown  H.B.,cold brew;breakfast
Huntington Beach California 92648,33.67711,-117.995219,Huntington Beach,drive thru;cold brew;breakfast;24/7
Huntington Beach California 92649,33.721115,-118.044829,Albertsons-Huntington Beach #6102,drive thru;cold brew;breakfast
Huntington Beach California 92649,33.72409,-118.053254,Huntington Harbour,drive thru;24/7;cold brew
Huntington Beach California 926491706,33.678673,-117.995239,Vons-Huntington Beach #2090,breakfast;drive thru
Huntington Beach California 926491810,33.678673,-117.995239,PCH - Anderson  Huntington Beach,drive thru;breakfast;24/7;cold brew
Huntington Beach California 926492602,33.67889,-118.001549,Bolsa Chica - Heil  Huntington Beac,24/7;cold brew;breakfast;drive thru
Huntington New York 11743,40.885216,-73.45951,Huntington,cold brew;24/7;breakfast;drive thru
Huntington Park California 902552953,33.987202,-118.219711,Pacific - Belgrave (UCO),breakfast;cold brew;24/7;drive thru
Huntington Park California 902553138,33.989197,-118.219109,Slauson - State (UCO),24/7
Huntington Station New York 11746,40.826038,-73.41198,Walt Whitman Mall,24/7;cold brew
Huntington Station New York 11746,40.855516,-73.394322,110 Huntington,breakfast
Huntington West Virginia 25701,38.42263,-82.443439,Pullman Square,breakfast
Huntley Illinois 60142,42.163119,-88.43564,Albertsons - Huntley #3394,cold brew;drive thru;24/7
Huntsville Alabama 35801,34.729121,-86.584961,Memorial - Mastin Lake,drive thru;24/7;cold brew;breakfast
Huntsville Alabama 35801,34.729121,-86.584961,Whitesburg Dr  Governors Dr,cold brew;breakfast;24/7;drive thru
Huntsville Alabama 35801,34.74002,-86.600869,Memorial Pkwy - Hwy 72,24/7;breakfast
Huntsville Alabama 35802,34.6701,-86.556664,Airport Rd - Chateau Dr,breakfast;cold brew;24/7
Huntsville Alabama 35802,34.6701,-86.556664,Super Target Huntsville ST-1367,cold brew;drive thru;24/7;breakfast
Huntsville Alabama 35806,34.762021,-86.685279,Super Target Huntsville ST-1346,drive thru;cold brew;breakfast;24/7
Huntsville Texas 77340,30.678191,-95.550468,Sam Houston University- Huntsville,drive thru
Huntsville Texas 77340,30.692485,-95.550574,I-45 - 11th,cold brew;breakfast;drive thru;24/7
Hurst Texas 75064,32.840535,-97.186264,Randalls-Hurst #2609,drive thru;cold brew;breakfast
Hurst Texas 76053,32.809346,-97.209316,Hwy 183 - Precinct Line,breakfast;24/7;drive thru;cold brew
Hurst Texas 76053,32.813385,-97.207709,Pipeline - Hwy 820,cold brew
Hurst Texas 76053,32.821198,-97.183035,Super Target Hurst ST-1766 #72,24/7;drive thru;cold brew
Hurst Texas 76054,32.854935,-97.187149,Hwy 26 - Cheek Sparger,cold brew;drive thru
Hutchinson Kansas 67501,38.051701,-97.904037,17th - Lorraine,cold brew;24/7;breakfast
Hyattsville Maryland 20782,38.963411,-76.964269,Target Hyattsville T-1890,drive thru
Hyattsville Maryland 20782,38.9725,-76.937987,Shoppes at Metro (UCO),24/7;drive thru;breakfast;cold brew
Idaho Springs Colorado 80452,39.744125,-105.533647,Colorado - I-70- Idaho Springs,breakfast;24/7;drive thru;cold brew
Idaho Springs Colorado 80452,39.76442,-105.599059,Breeze Max Ski Rental - I70,breakfast;cold brew;drive thru;24/7
Incline Village Nevada 89451,39.258087,-119.953027,Tahoe - Village - Incline Village,24/7;drive thru;breakfast;cold brew
Independence Missouri 640572317,39.103676,-94.477776,Independence  MO,breakfast;drive thru
Independence Ohio 441312348,41.3764,-81.640022,Rockside Corners,breakfast;drive thru;cold brew;24/7
Indialantic Florida 32903,28.088865,-80.576259,A1A - 5th Ave,breakfast;24/7
Indian Head Maryland 20616,38.635243,-77.078122,Safeway-Bryans Road #1344,breakfast;24/7;cold brew
Indiana Pennsylvania 15705,40.61413,-79.159299,IUPA - Folger Hall,24/7;breakfast;cold brew
Indianapolis Indiana 462023043,39.76693,-86.149963,10th - Indiana,breakfast;24/7
Indianapolis Indiana 46204,39.76691,-86.149964,Conseco Fieldhouse,breakfast;drive thru;24/7;cold brew
Indianapolis Indiana 46204,39.76691,-86.149964,Westin Indianapolis - Lobby,breakfast;cold brew;drive thru;24/7
Indianapolis Indiana 46204,39.772645,-86.155589,Radisson HCC,drive thru;24/7;breakfast;cold brew
Indianapolis Indiana 46204,39.775765,-86.284404,Circle Tower,24/7;cold brew;breakfast
Indianapolis Indiana 462041571,39.76693,-86.149963,Mass. Ave.,drive thru;breakfast;cold brew;24/7
Indianapolis Indiana 46205,39.76691,-86.149964,Fall Creek - College,drive thru;cold brew;24/7
Indianapolis Indiana 46208,39.83997,-86.170578,Butler University,drive thru;24/7
Indianapolis Indiana 46208,39.864269,-86.157364,38th - Meridian,drive thru;24/7;cold brew
Indianapolis Indiana 46214,39.779555,-86.272569,Girl School Rd - 10th,cold brew;24/7;breakfast
Indianapolis Indiana 46219,39.775818,-86.045189,21st - Shadeland,24/7;breakfast
Indianapolis Indiana 46220,39.86861,-86.133785,Broad Ripple,cold brew;breakfast
Indianapolis Indiana 46224,39.795619,-86.262818,Speedway - Cunningham,24/7;drive thru
Indianapolis Indiana 46225,39.76691,-86.149964,Marriott Indianapolis Downtown,24/7;drive thru;cold brew;breakfast
Indianapolis Indiana 46226,39.84778,-86.083969,56th - Emerson,cold brew;drive thru;24/7;breakfast
Indianapolis Indiana 46227,39.648325,-86.135769,US 31 - Edgewood,cold brew;breakfast
Indianapolis Indiana 46237,39.66467,-86.093367,Southport - Emerson,24/7
Indianapolis Indiana 46237,39.675286,-86.075589,Super Target Indianapolis ST-1789,cold brew
Indianapolis Indiana 46240,39.88342,-86.152949,Post - Washington,drive thru;24/7
Indianapolis Indiana 46240,39.890415,-86.156609,Fashion Mall,drive thru;cold brew
Indianapolis Indiana 46240,39.890415,-86.156609,Fashion Mall - New Relo,cold brew;24/7
Indianapolis Indiana 46240,39.890415,-86.156609,Fashion Mall-Alex's In-line (temp),24/7;drive thru
Indianapolis Indiana 46240,39.890415,-86.156609,Fashion Mall-Cart Kiosk,24/7;breakfast;drive thru;cold brew
Indianapolis Indiana 46240,39.890415,-86.156609,The Precedent,breakfast;drive thru;cold brew;24/7
Indianapolis Indiana 46240,39.90463,-86.125459,Target Indianapolis T-1848,cold brew;24/7;breakfast
Indianapolis Indiana 46240,39.91522,-86.109419,Keystone - Ruth,breakfast;cold brew;24/7;drive thru
Indianapolis Indiana 46240,39.917252,-86.139252,86th - Evergreen,cold brew;24/7;drive thru;breakfast
Indianapolis Indiana 46241,39.75947,-86.249164,IND-Indianapolis Main Term Rotunda,drive thru;breakfast;24/7
Indianapolis Indiana 46241,39.75947,-86.249164,IND-Term A Post Security Simply Boo,drive thru
Indianapolis Indiana 46250,39.89059,-86.073694,75th - Shadeland,cold brew;drive thru;breakfast
Indianapolis Indiana 46250,39.9054,-86.057344,East 82nd St.,24/7;drive thru
Indianapolis Indiana 46250,39.92707,-86.066189,82nd - Allisonville,24/7;breakfast;drive thru
Indianapolis Indiana 462502910,39.926441,-86.061142,96th - Allisonville,breakfast;drive thru;cold brew;24/7
Indianapolis Indiana 46254,39.823925,-86.237494,W 38th - Gemco,24/7;breakfast;drive thru
Indianapolis Indiana 46254,39.83221,-86.249239,56th - Lafayette,24/7
Indianapolis Indiana 46256,39.906284,-86.015015,Meijers-Indianapolis #154,24/7;breakfast
Indianapolis Indiana 462602101,39.76693,-86.149963,86th - Ditch,drive thru;breakfast
Indianapolis Indiana 46268,39.890255,-86.212404,Willow Lake West,breakfast;24/7
Indianapolis Indiana 46278,39.910076,-86.294289,86th - Zionsville,drive thru;breakfast;cold brew;24/7
Indianapolis Indiana 462781680,39.880268,-86.272408,Intech Commons,cold brew;24/7
Indio California 922015419,33.721699,-116.219398,Hwy 111 - Monroe  Indio,cold brew;drive thru;24/7;breakfast
Indio California 92203,33.77301,-116.254384,Fantasy Springs Casino,24/7;breakfast;drive thru;cold brew
Inglewood California 90301,33.963585,-118.361774,Vons-Inglewood #2502,cold brew;breakfast
Inglewood California 903022207,33.961811,-118.356216,La Brea - Centinela  Inglewood (UCO,drive thru
Inglewood California 90303,33.9358,-118.328489,Hollywood Park Marketplace (UCO),drive thru
Iowa City Iowa 52240,41.65614,-91.515389,Iowa City-Burlington - Clinton,breakfast
Irondequoit New York 14622,43.21384,-77.555484,Irondequoit (Rochester),cold brew
Irvine California 92603,33.652861,-117.777318,Quail Hill - Shady Canyon  Irvine,24/7
Irvine California 92604,33.688291,-117.78896,Alton Square - Irvine,24/7;breakfast;cold brew;drive thru
Irvine California 92606,33.698128,-117.805361,Albertsons-Irvine #6596,24/7;breakfast;cold brew;drive thru
Irvine California 92612,33.686887,-117.825348,Marriott Irvine - Lobby,drive thru
Irvine California 92614,33.686887,-117.825348,Alton - Culver  Irvine,breakfast;cold brew;drive thru;24/7
Irvine California 926146505,33.690952,-117.853333,MacArthur - Main  Irvine,breakfast;24/7
Irvine California 92618,33.667742,-117.743388,Alton Technology - Irvine,24/7;drive thru
Irvine California 92618,33.667742,-117.743388,The Great Indoors-Irvine,breakfast;24/7
Irvine California 92620,33.706457,-117.749727,Vons-Irvine #2166,cold brew;drive thru;24/7
Irvine California 926202400,33.678699,-117.813721,Culver - Irvine  Irvine,24/7;breakfast
Irvine California 926203402,33.686859,-117.825348,Jeffrey - Trabuco  Irvine,24/7;cold brew
Irvine California 92714,33.659225,-117.848061,Campus - California,breakfast
Irvine California 92714,33.688895,-117.770314,Walnut Village,breakfast;cold brew
Irving Texas 75038,32.872555,-96.975549,Randalls-Irving #3621,drive thru;breakfast;cold brew
Irving Texas 75039,32.874215,-96.946339,MacArthur - 114,24/7;cold brew;drive thru;breakfast
Irving Texas 75062,32.836785,-96.915834,Beltline - Hwy. 183,breakfast;drive thru;24/7;cold brew
Irving Texas 75063,32.913945,-96.960317,MacArthur - Ranchview,cold brew;drive thru;breakfast
Irving Texas 75063,32.918077,-96.971453,MacArthur - I-635,cold brew
Irwin Pennsylvania 15642,40.32332,-79.71573,Target Irwin T-2114,cold brew;breakfast;24/7;drive thru
Irwindale California 91706,34.100637,-117.938624,Arrow Hwy - 4th  Irwindale,drive thru;24/7;breakfast
Isla Vista California 931174813,34.412182,-119.85714,Isla Vista,breakfast;drive thru;24/7;cold brew
Island Park New York 11561,40.5894,-73.666354,Island Park,24/7
Islandia New York 11749,40.81164,-73.167109,Islandia,24/7;breakfast;drive thru;cold brew
Islip New York 11751,40.729645,-73.211319,Islip Village,breakfast;24/7;drive thru
Issaquah Washington 98027,47.519403,-122.041461,Target Issaquah T-996,drive thru;breakfast;24/7
Issaquah Washington 98027,47.530095,-122.033799,Issaquah Commons,breakfast;drive thru;24/7;cold brew
Issaquah Washington 98027,47.530095,-122.033799,Issaquah Meadows,cold brew;drive thru
Issaquah Washington 98027,47.555225,-122.021679,QFC - Issaquah Pine Lake #824,breakfast;24/7;cold brew
Issaquah Washington 98029,47.558988,-122.013422,East Lake Samm.Cntr,drive thru;cold brew;breakfast;24/7
Issaquah Washington 98029,47.558988,-122.013422,Fred Meyer - Issaquah #658,cold brew;drive thru;breakfast
Issaquah Washington 980295812,47.530071,-122.033798,Klahanie Village,breakfast;24/7
Itasca Illinois 60143,41.97366,-88.019777,Itasca-Irving Park - Walnut,24/7;drive thru
Jackson Hole Wyoming 83001,43.47996,-110.762389,Intrawest Jackson,drive thru;24/7;cold brew
Jackson Michigan 49202,42.267583,-84.429682,Meijer-Jackson #056,breakfast;cold brew;drive thru
Jackson Mississippi 39213,32.3544,-90.210929,Target-Jackson T-754,cold brew;drive thru;24/7;breakfast
Jackson Mississippi 392988109,32.281662,-90.288933,JAN - Jackson MS Main Term Bldg,24/7;drive thru;cold brew
Jackson Tennessee 38305,35.674471,-88.855525,US 45 Bypass - Vann Dr.,drive thru;24/7
Jackson Tennessee 38305,35.68729,-88.830069,Target Jackson East T-921,breakfast
Jackson Wyoming 83002,43.479711,-110.762403,Albertsons-Jackson #183,24/7
Jacksonville Beach Florida 32250,30.268342,-81.388736,2400 3rd St. South,drive thru;cold brew;breakfast
Jacksonville Florida 32202,30.33138,-81.655799,Jacksonville Landing,cold brew
Jacksonville Florida 32204,30.32298,-81.675199,Riverside Ave  Margaret Street,cold brew;drive thru;24/7
Jacksonville Florida 32207,30.304059,-81.655016,1980 San Marco Boulevard,24/7;cold brew;drive thru;breakfast
Jacksonville Florida 32210,30.267002,-81.748239,Super Target-Jacksonville ST-1853,24/7;breakfast;cold brew;drive thru
Jacksonville Florida 32210,30.280369,-81.719963,4495 Roosevelt Blvd.,drive thru
Jacksonville Florida 32216,30.33138,-81.655799,Beach - University,breakfast
Jacksonville Florida 32218,30.453199,-81.660558,JAX - Concourse A,breakfast;cold brew;24/7
Jacksonville Florida 32218,30.453199,-81.660558,JAX - Concourse B  Post Sec,cold brew;drive thru;breakfast;24/7
Jacksonville Florida 32218,30.453199,-81.660558,JAX - Main Terminal,breakfast;drive thru
Jacksonville Florida 32224,30.255071,-81.465258,Windsor Commons,cold brew;24/7
Jacksonville Florida 32224,30.28037,-81.466979,Beach Blvd - San Pablo Rd,drive thru;24/7;cold brew
Jacksonville Florida 32224,30.28037,-81.466979,Target-Jacksonville T-1974,24/7;drive thru;breakfast
Jacksonville Florida 32225,30.320395,-81.455624,Hodges - Atlantic,24/7
Jacksonville Florida 32225,30.349089,-81.495669,Atlantic Blvd - Southside Blvd,24/7;cold brew;breakfast
Jacksonville Florida 32225,30.358275,-81.514454,Monument - McCormick,24/7;cold brew
Jacksonville Florida 32244,30.191456,-81.715154,Blanding Blvd. - I-295,breakfast;24/7;drive thru
Jacksonville Florida 32246,30.191456,-81.715154,JTB - I-295,breakfast;drive thru;24/7
Jacksonville Florida 32256,30.165295,-81.538404,JTB - US 1,breakfast
Jacksonville Florida 32256,30.180857,-81.552317,The Avenues Mall,cold brew
Jacksonville Florida 32256,30.21422,-81.552264,Southside Blvd - Bank of America,cold brew;drive thru;breakfast;24/7
Jacksonville Florida 32256,30.21422,-81.552264,Southside Blvd - Baymeadows Rd,breakfast;drive thru;cold brew;24/7
Jacksonville Florida 32256,30.24042,-81.549276,Deerwood Park,drive thru;cold brew;24/7
Jacksonville Florida 32257,30.19978,-81.615259,San Jose - St. Augustine,cold brew;drive thru
Jacksonville Florida 32259,30.111054,-81.633842,Fruit Cove Rd - Julington Creek,cold brew;24/7;drive thru;breakfast
Jacksonville Florida 33217,30.107314,-81.631059,Lakewood Plaza,cold brew
Jamaica New York 11430,40.649074,-73.785581,JFK - Delta Food Court,drive thru;24/7;breakfast;cold brew
Jamaica New York 11430,40.649074,-73.785581,JFK - United Terminal Arrivals,breakfast;cold brew;drive thru
Jamaica New York 11430,40.653085,-73.793602,JFK - T8 American Air,drive thru;cold brew
Jamison Pennsylvania 18929,40.256996,-75.088252,Genuardi - Jamison #3037,cold brew;24/7;drive thru;breakfast
Janesville Wisconsin 53545,42.70034,-89.010449,Target Janesville T-809,breakfast;cold brew
Janesville Wisconsin 53546,42.674247,-88.953881,Janesville-Hwy 14,drive thru;cold brew;24/7;breakfast
Jeffersontown Kentucky 40220,38.21312,-85.618049,Target Louisville T-780,breakfast;24/7;cold brew;drive thru
Jeffersontown Kentucky 40299,38.194971,-85.604222,Hurstbourne - Taylorsville,24/7;drive thru
Jenkintown Pennsylvania 19046,40.082765,-75.089904,Jenkintown,24/7;breakfast;drive thru;cold brew
Jeremy Ranch Utah 84098,40.727569,-111.552148,Albertsons-Jeremy #307,cold brew;breakfast;drive thru;24/7
Jericho New York 11753,40.795644,-73.536547,Jericho,24/7;breakfast;drive thru
Jersey City New Jersey 07310,40.70707,-74.05769,Jersey City,breakfast;cold brew;24/7
Jersey City New Jersey 07310,40.7174,-74.043234,Target Jersey City T-1886,cold brew;breakfast
Johns Island South Carolina 29455,32.676832,-80.100091,Newton Farms - Johns Island #1,cold brew
Johnson City Tennessee 37604,36.309684,-82.395038,Hwy 11E - Mount Castle Dr,drive thru;24/7;breakfast;cold brew
Johnston Iowa 50322,41.63117,-93.728054,Urbandale-86th - Northpark Dr.,24/7;cold brew
Johnstown Pennsylvania 15904,40.349256,-78.846274,Johnstown,cold brew
Joliet Illinois 60431,41.548795,-88.199714,Joliet-Route 59 - Theodore,drive thru;breakfast
Jonesboro Arkansas 72401,35.83894,-90.690671,Target Jonesboro T-1919,24/7
Joplin Missouri 64801,37.0983,-94.500239,3rd - Range Line,breakfast;drive thru;cold brew
Joplin Missouri 64801,37.0983,-94.500239,Smittys-Joplin #57,24/7;drive thru;breakfast
Kalamazoo Michigan 49008,42.265189,-85.610324,D - W Foods-Kalamazoo #430,24/7
Kalamazoo Michigan 49009,42.27461,-85.679859,Kalamazoo - West Main,drive thru;24/7
Kanata Ontario K2L 1V4,45.300483,-75.905483,Hazeldean - Castlefrank - D T,breakfast;24/7;drive thru
Kanata Ontario K2T 1B9,45.322065,-75.926011,Kanata Centrum Chptrs,24/7;cold brew;breakfast;drive thru
Kanata Ontario K2T 1C3,45.317072,-75.925794,Canadian Tire - Kanata - D T,24/7;drive thru;breakfast
Kansas City Missouri 64111,39.051435,-94.594959,Westport,24/7;drive thru
Kansas City Missouri 64111,39.056995,-94.597019,W. 39th Street,drive thru;24/7;cold brew;breakfast
Kansas City Missouri 64111,39.10035,-94.583114,City Center Square,breakfast;cold brew;drive thru;24/7
Kansas City Missouri 64112,39.10296,-94.583062,Country Club Plaza,24/7
Kansas City Missouri 64114,38.993705,-94.603766,Ward Parkway,drive thru
Kansas City Missouri 64118,39.21422,-94.573319,Ball's Foods - Kansas City #11,breakfast;24/7;cold brew
Kansas City Missouri 64145,38.89281,-94.595068,Super Target Kansas City ST-1840,cold brew;24/7
Kansas City Missouri 64151,39.194829,-94.625065,Hen House Market #29 Kansas City,24/7;breakfast;cold brew
Kansas City Missouri 64154,39.25055,-94.658274,I-29 - Barry,cold brew;drive thru;breakfast
Kansas City Missouri 64158,39.23071,-94.477169,Super Target-Kansas City T-1455,breakfast;cold brew;24/7
Kansas City Missouri 64195,39.10296,-94.583062,MCI - KC Term A Food Court,24/7;breakfast;cold brew;drive thru
Kansas City Missouri 64195,39.10296,-94.583062,MCI - KC Term B Food Crt,drive thru
Kansas City Missouri 64195,39.10296,-94.583062,MCI - KC Term C Column 38-40,cold brew;24/7;drive thru;breakfast
Katy Texas 770941019,29.784357,-95.854881,Target Katy T-907,cold brew;drive thru;breakfast;24/7
Katy Texas 77449,29.809725,-95.720559,Fry - Park,24/7;drive thru;cold brew;breakfast
Katy Texas 77450,29.70628,-95.743379,Mason Road  Katy,breakfast;24/7;cold brew
Katy Texas 77450,29.733851,-95.750405,Mason Rd. - Westheimer Pkwy.,breakfast
Katy Texas 77450,29.74895,-95.745549,Randall's - Katy #3070,24/7;drive thru;cold brew;breakfast
Katy Texas 77493,29.80569,-95.816729,Kroger-Katy #733,breakfast
Katy Texas 77494,29.74147,-95.793889,Super Target Katy West ST-1908,breakfast;24/7;drive thru;cold brew
Katy Texas 77494,29.783293,-95.80713,Katy Mills Mall,drive thru
Keene New Hampshire 03431,42.933184,-72.281497,Target Keene T-2120,breakfast;drive thru;cold brew;24/7
Keene New Hampshire 03431,42.95564,-72.204829,Keene,drive thru;24/7;breakfast;cold brew
Keizer Oregon 97303,45.00384,-123.023327,Safeway-Keizer #1516,drive thru;24/7;cold brew
Keller Texas 76248,32.930865,-97.230069,Rufe Snow - 1709,breakfast;24/7;cold brew;drive thru
Kelso Washington 98626,46.148909,-122.879699,Safeway-Kelso #2637,cold brew;drive thru;breakfast
Kemah Texas 77565,29.54699,-95.020292,Kemah Boardwalk,drive thru;cold brew;breakfast
Kenmore Washington 98011,47.751258,-122.202209,Safeway-Kenmore #3500,drive thru;breakfast
Kenmore Washington 98028,47.756542,-122.237451,7750 NE Bothell Way,cold brew;breakfast;drive thru;24/7
Kenner Louisiana 70065,30.026661,-90.253059,Chateau - Esplande,breakfast
Kennesaw Georgia 30144,34.00716,-84.5961,Barrett Pkwy - Barrett Lakes Blvd,drive thru
Kennesaw Georgia 30144,34.00742,-84.56662,I-75 - Barrett Pkwy,drive thru;breakfast
Kennesaw Georgia 30144,34.023405,-84.616764,Town Center at Cobb,cold brew;drive thru;breakfast
Kennesaw Georgia 30152,34.002165,-84.596737,U.S. 41  Acworth,drive thru;breakfast;cold brew;24/7
Kennett Square Pennsylvania 19348,39.882572,-75.721162,Kennett Square,drive thru;cold brew;breakfast;24/7
Kennewick Washington 99336,46.20804,-119.116984,Canyon Lakes Center-Kennewick,24/7;drive thru
Kennewick Washington 99336,46.20804,-119.116984,Columbia Center Mall-Kennewick,breakfast;cold brew
Kennewick Washington 99336,46.20804,-119.116984,Highlands Center Kennewick,drive thru;breakfast;cold brew;24/7
Kenosha Wisconsin 53140,42.588075,-87.823654,Carthage College Clausen Center,breakfast;cold brew;drive thru;24/7
Kenosha Wisconsin 53142,42.56604,-87.901204,Kenosha Woodman's Market,breakfast;drive thru;cold brew;24/7
Kenosha Wisconsin 53142,42.5702,-87.848334,Kenosha-Hwy 50 - 39th,24/7;drive thru;breakfast;cold brew
Kent Ohio 44240,41.15688,-81.309359,Kent State,24/7;cold brew;drive thru
Kent Washington 98031,47.371974,-122.168346,SE 256th Street-Kent,breakfast;cold brew;drive thru
Kent Washington 98031,47.40492,-122.194519,Albertsons-Kent #431,24/7
Kent Washington 98031,47.40492,-122.194519,Albertsons-Kent #474,breakfast;cold brew;24/7;drive thru
Kent Washington 98031,47.40492,-122.194519,Kent Haggens,24/7;drive thru
Kent Washington 98031,47.40492,-122.194519,Kent Meridian,cold brew
Kent Washington 98031,47.40492,-122.194519,Kent Meridian Drive Thru,breakfast;cold brew
Kent Washington 98031,47.40492,-122.194519,Safeway-Kent #1966,cold brew;24/7;drive thru
Kent Washington 98031,47.415833,-122.211224,208th - Benson Panther Lk.,breakfast
Kent Washington 980317649,47.364704,-122.275711,Target Kent T-681,drive thru;cold brew;24/7;breakfast
Kent Washington 98032,47.378384,-122.269218,64th - Meeker,24/7;cold brew;drive thru;breakfast
Kent Washington 98032,47.388659,-122.265381,Safeway-Kent #1294,drive thru;breakfast;24/7;cold brew
Kerrville Texas 78028,30.041089,-99.1476,Junction Hwy - Commerce,24/7;drive thru
Ketchum Idaho 83340,43.68258,-114.363659,The Lane Bldg.,breakfast;24/7;cold brew
Kettering Ohio 45420,39.72176,-84.134169,Kroger-Kettering #825,drive thru
Key West Florida 33040,24.554255,-81.800629,Crowne Plaza-La Concha,breakfast;drive thru;cold brew;24/7
Keystone Colorado 80435,39.630263,-106.046059,Keystone River Run Relocation,drive thru;breakfast;cold brew;24/7
Kildeer Illinois 60047,42.218275,-88.052476,Kildeer  IL,24/7;cold brew;breakfast
Killeen Texas 76540,31.115876,-97.724707,Hwy. 190 - Trimmier,drive thru;24/7;breakfast;cold brew
King of Prussia Pennsylvania 19406,40.08626,-75.389564,Genuardis-King of Prussia #1007,drive thru;cold brew
King of Prussia Pennsylvania 19406,40.08626,-75.389564,King Of Prussia 2,24/7;breakfast;drive thru;cold brew
King of Prussia Pennsylvania 19406,40.08626,-75.389564,The Court at King of Prussia Mall,24/7;cold brew
King of Prussia Pennsylvania 19406,40.102589,-75.371868,King of Prussia,24/7;breakfast;drive thru
Kingman Arizona 86401,35.20221,-114.025839,Safeway-Kingman #1887,breakfast
Kings Beach California 96143,39.24173,-120.028059,Safeway-Kings Beach #1592,drive thru;breakfast;24/7
Kings Island Ohio 45034,39.35731,-84.248799,Paramount Kings Island Intl Walk,24/7
Kingsburg California 93631,36.524005,-119.556834,Sierra - 10th  Kingsburg,breakfast
Kingston Ontario K7L 1A6,44.231915,-76.484914,Princess - Wellington - Kingston,breakfast
Kingston Ontario K7L 1B4,44.230989,-76.478829,Kingston Indigo,24/7
Kingston Ontario K7L 3M5,44.2311,-76.511299,Johnson - Division - Kingston,breakfast;24/7;cold brew
Kingston Ontario K7M 3G4,44.248186,-76.523425,Kingston Chapters,cold brew;breakfast
Kingston Washington 98346,47.808648,-122.51839,Albertsons-Kingston #486,cold brew;drive thru;breakfast;24/7
Kingstowne Virginia 22315,38.751661,-77.136706,Kingstowne,cold brew;breakfast;drive thru;24/7
Kingwood Texas 77339,30.026583,-95.223042,Kingwood,drive thru;24/7
Kingwood Texas 77345,30.060731,-95.165827,Lake Houston Pkwy - Kingwood Dr,cold brew;breakfast;24/7
Kirkland Washington 98033,47.655922,-122.205852,Carillon Point,breakfast;drive thru;cold brew
Kirkland Washington 98033,47.67537,-122.196669,Safeway-Kirkland #1142,24/7;cold brew
Kirkland Washington 98033,47.678259,-122.18862,Rose Hill - Kirkland,breakfast;24/7
Kirkland Washington 98033,47.678259,-122.18862,Safeway-Juanita #2734,breakfast
Kirkland Washington 98033,47.678855,-122.207244,Houghton II,drive thru;cold brew
Kirkland Washington 98033,47.678855,-122.207244,Kirkland Park Place,24/7;cold brew;breakfast;drive thru
Kirkland Washington 98034,47.705787,-122.181118,Juanita II,breakfast
Kirkland Washington 98034,47.705787,-122.181118,Totem Lake West,24/7;breakfast;cold brew
Kirkland Washington 98034,47.71744,-122.199121,Safeway-Kirkland #526,24/7
Kirkwood Missouri 63122,38.58924,-90.386514,Kirkwood Pioneer Place,cold brew;breakfast;drive thru;24/7
Kissimmee Florida 34746,28.272808,-81.46474,Super Target Kissimmee ST-1918,24/7;drive thru
Kitchener Ontario N2E 4E2,43.45123,-80.493049,Sunrise Centre - Kitchener,breakfast;drive thru
Kitchener Ontario N2P 2J9,43.395358,-80.421352,Kitchener Chapters,24/7;drive thru
Kittery Maine 03904,43.117325,-70.706055,Kittery,drive thru;24/7;breakfast
Klamath Falls Oregon 97603,42.16634,-121.722749,Safeway-Klamath Falls #1766,breakfast;24/7;drive thru
Knoxville Tennessee 37902,35.960525,-83.920829,Hilton Knoxville,24/7;cold brew
Knoxville Tennessee 37912,36.021794,-83.994747,I-75  Merchant Rd,24/7;cold brew
Knoxville Tennessee 37916,35.953945,-83.937789,Cumberland Ave - 21st St,24/7;breakfast
Knoxville Tennessee 37919,35.94175,-83.971614,Kingston Pike - Newcomb Ave.,breakfast
Knoxville Tennessee 37922,35.872841,-84.100417,Parkside Dr--Turkey Creek,cold brew
Knoxville Tennessee 37922,35.872841,-84.100417,Super Target Knoxville ST-1370,drive thru
Knoxville Tennessee 37923,35.917907,-84.102717,N Cedar Bluff - Park West Blvd,drive thru;24/7;cold brew
Knoxville Tennessee 379963601,35.960529,-83.920807,U of TN Knoxville - Library,breakfast
Kodak Tennessee 37764,35.969131,-83.601368,Bass Pro Shops - Sevierville,breakfast
Kokomo Indiana 46902,40.483705,-86.107694,US 35 - SR 22,cold brew
La Canada California 91011,34.20732,-118.200159,Verdugo - 2 Freeway,drive thru;breakfast;24/7
La Canada California 910113555,34.215252,-118.224678,La Canada,drive thru;breakfast
La Crescenta California 91214,34.21439,-118.239979,Vons-La Crescenta #2598,drive thru;breakfast;24/7
La Crescenta California 91214,34.234205,-118.258494,La Crescenta - Foothill - Rosemont,24/7;cold brew;drive thru;breakfast
La Grande Oregon 97850,45.28041,-118.015019,Safeway-La Grande #1827,cold brew;breakfast;drive thru;24/7
La Grange Illinois 60525,41.789755,-87.858869,LaGrange,24/7;breakfast;cold brew
La Habra California 90631,33.93187,-117.944069,Beach - Whittier - La Habra,24/7;drive thru;cold brew
La Habra California 90631,33.93187,-117.944069,La Habra Marketplace,drive thru;24/7
La Habra California 90631,33.93187,-117.926509,Vons-La Habra #2524,breakfast
La Habra California 906315637,33.9319,-117.944069,Harbor - La Habra  La Habra,breakfast;cold brew;drive thru;24/7
La Jolla California 92037,32.809935,-117.265299,La Jolla - Forward  La Jolla,24/7
La Jolla California 92037,32.815485,-117.271129,La Jolla,drive thru;breakfast;cold brew
La Jolla California 92037,32.84365,-117.254183,Pearl Street - Fay Ave. - La Jolla,drive thru
La Jolla California 92037,32.863835,-117.252904,La Jolla Shores - Torrey Pines  La,drive thru
La Jolla California 92037,32.864379,-117.235378,Vons-La Jolla #2323,breakfast;cold brew;24/7;drive thru
La Jolla California 92037,32.868125,-117.231334,La Jolla Village Square,24/7;cold brew;breakfast
La Jolla California 92037,32.875525,-117.218269,Regents - La Jolla Village  La Joll,24/7;drive thru
La Mesa California 91941,32.765208,-117.018436,Vons-La Mesa #2093,breakfast
La Mesa California 919413695,32.767666,-117.02314,Baltimore - El Cajon  La Mesa,24/7;cold brew
La Mesa California 91942,32.780367,-117.010113,Grossmont Center (B-N),cold brew;drive thru
La Mesa California 91942,32.783042,-117.011046,Fletcher - Trolley  La Mesa,drive thru;24/7;breakfast
La Mesa California 91942,32.783698,-117.016248,Vons-La Mesa #2137,cold brew;24/7;drive thru
La Mesa California 919421561,32.774441,-117.041077,Lake Murray - Kiowa  La Mesa,breakfast;cold brew;drive thru
La Mirada California 90638,33.889717,-118.000402,La Mirada - Imperial Hwy,drive thru;breakfast
La Mirada California 90638,33.90262,-118.006999,Albertsons-La Mirada #6148,drive thru;24/7;cold brew;breakfast
La Mirada California 906385823,33.906128,-118.028976,Valley View - Firestone  La Mirada,cold brew;breakfast;24/7
La Plata Maryland 20646,38.53978,-76.942064,Safeway-La Plata #1938,drive thru;24/7
La Quinta California 92253,33.674292,-116.280168,Target La Quinta T-1867,drive thru;breakfast
La Quinta California 92253,33.688812,-116.307443,Vons-La Quinta #2175,cold brew;24/7
La Quinta California 922532062,33.708126,-116.292183,111 La Quinta Center,cold brew;drive thru;24/7
La Quinta California 922532853,33.678158,-116.297211,Washington - Calle Tampico  La Quin,24/7;drive thru;cold brew;breakfast
La Verne California 917502910,34.113319,-117.765068,Foothill - D Street  La Verne,drive thru;24/7;cold brew
La Verne California 917503328,34.113075,-117.776497,Foothill - Wheeler- La Verne,drive thru
Lacey Washington 98501,47.011528,-122.878189,College - Yelm,24/7;drive thru
Lacey Washington 98503,47.02483,-122.8022,Fred Meyer - Lacey #186,breakfast;24/7
Lacey Washington 98503,47.02483,-122.8022,Safeway-Lacey #543,breakfast
Lacey Washington 98503,47.044465,-122.823189,Lacey,breakfast;drive thru
Lacey Washington 98516,47.083694,-122.778934,Top Foods - Lacey,cold brew;24/7
Lacey Washington 98516,47.108414,-122.748769,Hawk's Prairie,breakfast;cold brew
Lacy Lakeview Texas 76705,31.60852,-97.104604,I-35 - Loop 340,24/7;cold brew;drive thru;breakfast
Ladera Ranch California 92694,33.548635,-117.639389,Vons-Ladera Ranch #2703,24/7;cold brew;drive thru
Ladera Ranch California 926940611,33.562225,-117.648117,Crown Valley - Cecil Pasture   Lad,drive thru;24/7;cold brew
Ladue Missouri 63124,38.64098,-90.377684,Clayton Rd. - Ladue,breakfast;24/7
Ladue Missouri 63124,38.64098,-90.377684,Lindbergh - Clayton,24/7;drive thru;cold brew
Lady Lake Florida 32159,28.92875,-81.935949,Target Lady Lake T-2058,drive thru;breakfast;cold brew
Lafayette California 94549,37.89136,-122.120124,Lafayette,drive thru;breakfast
Lafayette California 94549,37.89136,-122.120124,Safeway-Lafayette #783,drive thru;24/7
Lafayette California 94549,37.900827,-122.112207,Mt. Diablo - Hampton - Lafayette,drive thru
Lafayette Colorado 80026,39.996997,-105.103337,Hwy 287 - S Boulder Rd- Lafayette,cold brew;drive thru
Lafayette Colorado 80026,39.997915,-105.101829,Albertsons-Lafayette #808,24/7;cold brew;drive thru;breakfast
Lafayette Colorado 80026,39.997915,-105.101829,King Soopers-Lafayette #135,breakfast;cold brew
Lafayette Indiana 47905,40.414948,-86.825461,Super Target Lafayette ST-1762,breakfast;24/7;drive thru;cold brew
Lafayette Louisiana 70506,30.192645,-92.075129,Ambassador Pkwy - Inez,drive thru
Lafayette Louisiana 705508,30.220325,-92.017054,Super Target Lafayette ST-1473,drive thru
Laguna Beach California 92651,33.575024,-117.840355,Laguna Beach,breakfast;drive thru;24/7;cold brew
Laguna Hills California 92653,33.594278,-117.704688,Laguna Hills (El Toro Calle Sonora),cold brew;breakfast
Laguna Hills California 92653,33.5961,-117.679219,La Paz - Cabot  Laguna Hills,drive thru;24/7;cold brew;breakfast
Laguna Niguel California 92677,33.520953,-117.685581,Golden Lantern - Marina Hills  Lagu,cold brew
Laguna Niguel California 92677,33.52288,-117.715604,Crown Valley Pkwy. - Alicia Pkwy.,24/7
Laguna Niguel California 92677,33.530929,-117.701827,La Paz - Aliso Creek - Laguna Nigue,24/7;breakfast;cold brew
Laguna Niguel California 92677,33.530929,-117.701827,Vons-Laguna Niguel #1676,cold brew;drive thru
Laguna Niguel California 92677,33.559414,-117.70837,Safeway-Laguna Niguel #2508,breakfast;24/7;cold brew
Lake Bluff Illinois 600441666,42.266331,-87.829613,Lake Bluff,cold brew;breakfast
Lake Charles Louisiana 70605,30.165278,-93.251059,Albertsons-Lake Charles #2717,cold brew
Lake Charles Louisiana 70605,30.199588,-93.278755,Hwy 210 - Nelson,drive thru;breakfast;cold brew;24/7
Lake Elsinore California 92352,34.260864,-117.196234,Vons - Lake Elsinore #2373,cold brew;drive thru;breakfast
Lake Elsinore California 92530,33.657584,-117.369815,Albertsons-Lake Elsinore #6789,drive thru;breakfast;cold brew;24/7
Lake Elsinore California 92530,33.657584,-117.369815,Albertsons-Lake Elsinore #6798,drive thru
Lake Elsinore California 925329701,33.662739,-117.298508,Grape - Railroad Canyon Road  Lake,24/7;drive thru
Lake Forest California 92630,33.636785,-117.69452,Lake Forest - Sycamore Plaza,24/7;drive thru
Lake Forest California 92630,33.641619,-117.689055,Portola - Glenn Ranch Rd  Foothill,24/7;cold brew
Lake Forest California 92630,33.649234,-117.70747,Bake - Trabuco,cold brew
Lake Forest California 926303627,33.623905,-117.712563,Muirlands - Ridge Route  Lake Fores,breakfast;24/7
Lake Forest Illinois 60045,42.238309,-87.862312,Jewel Osco-Lake Forest #3490,breakfast;cold brew;24/7
Lake Forest Illinois 60045,42.2515,-87.841579,Lake Forest,24/7;drive thru
Lake Forest Illinois 600452579,42.251049,-87.841728,Hospira Inc,cold brew;24/7;breakfast
Lake Forest Illinois 61008,42.27371,-88.895108,Lake Forest Travel Oasis,breakfast;24/7;drive thru
Lake Forest Washington 98155,47.757209,-122.302453,Lake Forest Park-Relo,drive thru;24/7;cold brew;breakfast
Lake Geneva Wisconsin 53147,42.5454,-88.365089,Lake Geneva,drive thru;24/7;breakfast;cold brew
Lake Havasu City Arizona 86403,34.47414,-114.344174,Safeway - Lake Havasu City #216,cold brew;breakfast
Lake Havasu City Arizona 864030938,34.473969,-114.345848,Swanson - So. Lake Havasu,drive thru;cold brew;24/7
Lake In The Hills Illinois 60102,42.162871,-88.309761,Randall Rd. - Lake In The Hills,cold brew
Lake Mary Florida 32746,28.76203,-81.347004,Lake Mary Blvd. - Rhinehart,breakfast;cold brew
Lake Orion Michigan 48362,42.767467,-83.217371,Lake Orion,drive thru;cold brew;24/7
Lake Orion Michigan 48362,42.7826,-83.25268,Kroger-Lake Orion #637,breakfast;cold brew;drive thru;24/7
Lake Oswego Oregon 97034,45.409813,-122.682568,Safeway-Lake Oswego #508,breakfast;cold brew;24/7
Lake Oswego Oregon 97034,45.412124,-122.696505,Lake Oswego - State Street,drive thru
Lake Oswego Oregon 97035,45.385207,-122.734043,Centerpoint - Lake Oswego,24/7;cold brew
Lake Oswego Oregon 97035,45.385207,-122.734043,McVey,24/7;drive thru
Lake Oswego Oregon 97035,45.385207,-122.734043,Oswego Town Square,breakfast;drive thru;cold brew;24/7
Lake Oswego Oregon 97035,45.410475,-122.710574,Albertsons-Lake Grove #521,drive thru;breakfast
Lake Oswego Oregon 97035,45.410475,-122.710574,Lake Grove,drive thru;24/7;breakfast
Lake Oswego Oregon 97035,45.410475,-122.710574,Safeway-Lake Grove #1047,24/7;drive thru;cold brew
Lake Oswego Oregon 97035,45.415908,-122.725637,Lake Oswego Crossing,drive thru
Lake Oswego Oregon 97035,45.417573,-122.721677,Kruse Way,drive thru;breakfast
Lake Park Florida 33403,26.803431,-80.074016,Target Lake Park T-1941,24/7;breakfast;drive thru;cold brew
Lake Ridge Virginia 22129,38.681886,-77.289129,Lake Ridge,drive thru
Lake Stevens Washington 98258,48.00239,-122.071824,Safeway-Lake Stevens #1803,drive thru;breakfast
Lake Stevens Washington 982589400,37.131069,-113.49894,Frontier Village,drive thru;cold brew;24/7
Lake Worth Florida 33411,26.709305,-80.208909,West Palm Travel Plaza,drive thru
Lake Worth Florida 33467,26.608625,-80.168674,Charleston Square,24/7;cold brew
Lake Worth Texas 76135,32.822604,-97.449969,Target Lake Worth T-2008,cold brew
Lake Zurich Illinois 60047,42.191625,-88.103994,Lake Zurich,breakfast;cold brew
Lake Zurich Illinois 60047,42.20107,-88.052456,Dominick's-Lake Zurich #2129,cold brew;24/7;breakfast
Lake Zurich Illinois 600472466,42.192852,-88.104973,Lake Zurich - D T,cold brew;drive thru;breakfast
Lakeland Florida 33803,28.013665,-81.951399,S Florida Ave - Beacon St,drive thru
Lakeland Florida 33809,28.091093,-81.973583,3801 US Hwy 98,drive thru;cold brew;24/7;breakfast
Lakeland Florida 33809,28.137028,-81.953829,Target Lakeland North T-1859,drive thru;breakfast
Lakeside Arizona 85929,34.159131,-109.979778,Safeway-Lakeside #2069 (Pinetop),drive thru;breakfast;cold brew;24/7
Lakeville Minnesota 55044,44.657015,-93.242734,Kowalski-Lakeville,24/7;cold brew
Lakeville Minnesota 55044,44.657015,-93.242734,Lakeville-Kenrick Commons,24/7
Lakeville Minnesota 55044,44.673681,-93.264069,Super Target Lakeville ST-1484,cold brew;drive thru
Lakeville Minnesota 55044,44.690653,-93.292003,Lakeville - I-35 - Kenwood Trail,24/7
Lakeway Texas 78734,30.365328,-97.980698,620 - Lohmans Crossing,24/7
Lakewood California 90712,33.848815,-118.133784,Lakewood Center Breve,24/7
Lakewood California 90712,33.85048,-118.147679,Albertsons-Lakewood #6197,drive thru;24/7;breakfast;cold brew
Lakewood California 90712,33.85399,-118.156594,Candlewood St. - Lakewood Blvd.,breakfast
Lakewood California 907124004,33.88818,-118.179649,Carson - Paramount  Lakewood,cold brew;24/7;drive thru;breakfast
Lakewood California 90713,33.84789,-118.113189,Vons - Lakewood #1638,cold brew;24/7
Lakewood California 90713,33.849392,-118.116386,South - Woodruff  Lakewood,breakfast;24/7
Lakewood California 907131535,33.834675,-118.145569,Pavilions-Lakewood #2209,breakfast;24/7;cold brew;drive thru
Lakewood California 907131949,33.834675,-118.145569,Del Amo - Woodruff  Lakewood,breakfast;24/7;drive thru;cold brew
Lakewood Colorado 80215,39.74609,-105.111855,Safeway - Lakewood #344,cold brew;drive thru;24/7;breakfast
Lakewood Colorado 80226,39.71091,-105.088849,King Soopers-Lakewood #59,breakfast;drive thru;24/7;cold brew
Lakewood Colorado 80226,39.721905,-105.113559,1st - Wadsworth-Lakewood,24/7;cold brew
Lakewood Colorado 80228,39.687231,-105.145078,Safeway-Lakewood #41,cold brew;breakfast
Lakewood Colorado 80228,39.70089,-105.143349,Alameda - Union-Lakewood,24/7;cold brew;drive thru;breakfast
Lakewood Colorado 80232,39.68228,-105.055244,Jewell - Wadsworth,cold brew;drive thru
Lakewood Colorado 80232,39.691583,-105.123466,Florida - Kipling,breakfast;cold brew
Lakewood Colorado 80401,39.756655,-105.224949,Colorado Mills,24/7
Lakewood Colorado 804013221,39.741249,-105.073158,Super Target Lakewood ST-1500,24/7;cold brew;drive thru;breakfast
Lakewood Washington 98498,47.156817,-122.538874,Lakewood Relocation,breakfast;cold brew;drive thru;24/7
Lakewood Washington 98498,47.156817,-122.538874,Lakewood Town Centre,cold brew
Lakewood Washington 98499,47.16381,-122.482269,Highway 512 - South Tacoma Way,cold brew;breakfast;drive thru
Lakewood Washington 98499,47.168039,-122.507117,Safeway-Lakewood #1645,drive thru;breakfast;cold brew;24/7
Lancaster California 935354712,34.698898,-118.144798,Challenger Way - Avenue K,breakfast;cold brew
Lancaster California 93536,34.696774,-118.205985,Vons-Lancaster #2029,drive thru;24/7;breakfast
Lancaster California 935365216,34.699558,-118.165848,Avenue K - 20th St. West  Lancaster,cold brew
Lancaster Ohio 43130,39.698846,-82.588799,Kroger-Lancaster #931,cold brew
Lancaster Pennsylvania 17601,40.079828,-76.384046,Lancaster,breakfast;24/7;drive thru
Lancaster Pennsylvania 17602,40.029301,-76.270756,Target Lancaster T-2072,breakfast;drive thru;cold brew
Lancaster Pennsylvania 17603,40.02999,-76.353604,Stone Mill Plaza,drive thru;cold brew;24/7
Land O' Lakes Florida 34639,28.189032,-82.400274,SR 54 - Collier Pkwy,drive thru;24/7
Langford British Columbia V9B 6A2,48.483306,-123.510899,Millstream - McCallum,drive thru;breakfast;cold brew;24/7
Langhorne Pennsylvania 19047,40.167195,-74.914314,Genuardi-Langhorne #32,breakfast;24/7
Langley Park Maryland 20912,38.981265,-77.009879,Hampshire-Langley (UCO),cold brew;breakfast
Lansing Michigan 489125624,44.900845,-85.394798,Eastwood Towne Center,cold brew;drive thru;breakfast
Lansing Michigan 489171106,42.732021,-84.552254,Kroger-Lansing #888,breakfast;cold brew;drive thru;24/7
Laramie Wyoming 82070,41.244489,-105.698698,Albertsons-Laramie #830,drive thru;cold brew
Laramie Wyoming 82070,41.244489,-105.698698,Safeway-Laramie #2466,drive thru;breakfast;cold brew
Larchmont New York 105382403,40.927059,-73.751022,Larchmont,drive thru;cold brew;breakfast;24/7
Laredo Texas 78041,27.55464,-99.502049,Mall del Norte,breakfast;drive thru
Laredo Texas 78041,27.56705,-99.503664,Del Mar - McPhearson,cold brew;drive thru;breakfast
Laredo Texas 78043,27.50061,-99.450859,Target Laredo T-2112,24/7;breakfast;drive thru
Largo Florida 33771,27.90632,-82.757564,Albertsons-Largo #4338,24/7;breakfast;cold brew;drive thru
Largo Florida 33771,27.90632,-82.757564,Starkey Rd - East Bay Dr,drive thru;breakfast
Largo Maryland 20721,38.903161,-76.736891,Capital Centre (UCO),cold brew;drive thru;breakfast;24/7
Largo Maryland 20774,38.888821,-76.805708,Target Largo T-1006,drive thru;breakfast;cold brew;24/7
Largo Maryland 20774,38.933776,-76.852258,Largo Plaza (UCO),drive thru;24/7;cold brew
Larkspur California 94939,37.947142,-122.511721,Larkspur Landing - Larkspur,breakfast;drive thru
Las Cruces New Mexico 88001,32.2866,-106.740229,I-25 - Lohman,breakfast
Las Vegas Nevada 82129,36.17183,-115.139764,Albertsons-Las Vegas #6090,drive thru;24/7;breakfast;cold brew
Las Vegas Nevada 89014,36.070905,-115.084774,Pebble Marketplace,breakfast;24/7;cold brew
Las Vegas Nevada 89032,36.17183,-115.139764,Albertsons-Las Vegas #6005,drive thru;24/7;breakfast
Las Vegas Nevada 89101,36.171475,-115.140679,4th - Lewis  Las Vegas,cold brew;24/7
Las Vegas Nevada 89101,36.17183,-115.139764,Golden Nugget Casino,cold brew;drive thru;24/7;breakfast
Las Vegas Nevada 89101,36.172855,-115.124019,Albertsons-Las Vegas #6021,breakfast
Las Vegas Nevada 89102,36.129719,-115.183044,Desert Inn - Decatur  Las Vegas,cold brew;24/7;drive thru
Las Vegas Nevada 89102,36.136525,-115.208024,Sahara - Decatur (Popeyes),drive thru;breakfast
Las Vegas Nevada 89102,36.147977,-115.17376,Westland Fair,breakfast;drive thru;24/7
Las Vegas Nevada 891024343,36.171848,-115.139748,Palace Stn Hotel - Casino RELO,drive thru
Las Vegas Nevada 891028645,36.044971,-114.970718,Spring Mountain - Valley View,24/7;breakfast;cold brew;drive thru
Las Vegas Nevada 89103,36.09994,-115.223974,Tropicana - Decatur Blvd.,24/7;drive thru;cold brew
Las Vegas Nevada 89103,36.108242,-115.192197,Rainbow at Flamingo  Las Vegas,cold brew;breakfast
Las Vegas Nevada 89103,36.114782,-115.187191,Rio Hotel - Casino Star Deli,cold brew
Las Vegas Nevada 89103,36.17183,-115.139764,Flamingo - Durango  Las Vegas,24/7
Las Vegas Nevada 89103,36.17183,-115.139764,Rio Java,cold brew;24/7
Las Vegas Nevada 891032280,36.171848,-115.139748,Jones - Flamingo  Las Vegas,breakfast;24/7;drive thru
Las Vegas Nevada 891033703,36.171848,-115.139748,Flamingo - Arville  Las Vega,cold brew;24/7;breakfast;drive thru
Las Vegas Nevada 89104,36.15142,-115.110369,Stratosphere Hotel - Casino Tower,24/7
Las Vegas Nevada 89104,36.17183,-115.139764,Stratosphere Hotel - Casino Lobby,24/7;cold brew;drive thru
Las Vegas Nevada 89106,36.162347,-115.159608,Las Vegas Premium Outlets,breakfast;drive thru;24/7;cold brew
Las Vegas Nevada 89106,36.18246,-115.165419,Rancho Town - Country,drive thru;24/7;cold brew
Las Vegas Nevada 891063704,36.171848,-115.139748,Rancho - Bonanza  Las Vegas,cold brew
Las Vegas Nevada 891071108,36.177528,-115.238297,Rainbow - Silverstream  Las Vegas,cold brew
Las Vegas Nevada 89108,36.22115,-115.242294,Lake Mead - Rainbow,drive thru
Las Vegas Nevada 891087348,36.171848,-115.139748,Lake Mead - Torrey Pines  Las Vegas,24/7
Las Vegas Nevada 89109,36.103205,-115.173224,New York New York-Upstairs Lobby,drive thru
Las Vegas Nevada 89109,36.103545,-115.172769,Vons-Las Vegas #1963,breakfast;cold brew;drive thru;24/7
Las Vegas Nevada 89109,36.103545,-115.172769,Westin Las Vegas,drive thru;cold brew;breakfast;24/7
Las Vegas Nevada 89109,36.120001,-115.16824,Harrahs Casino LV 2nd Flr Lobby Int,24/7;drive thru;breakfast
Las Vegas Nevada 89109,36.120001,-115.16824,Harrahs Casino LV Carnival Corner,drive thru;cold brew
Las Vegas Nevada 89109,36.120001,-115.16824,Harrahs Casino LV Club Cappuccino,drive thru;breakfast;cold brew
Las Vegas Nevada 89109,36.120001,-115.16824,Las Vegas Conv Ctr - Food Court,drive thru
Las Vegas Nevada 89109,36.120001,-115.16824,Las Vegas Conv Ctr - new edition,cold brew;drive thru
Las Vegas Nevada 89109,36.120001,-115.16824,MGM Grand,cold brew
Las Vegas Nevada 89109,36.120001,-115.16824,MGM Restaurant Walk,drive thru;cold brew;24/7
Las Vegas Nevada 89109,36.120001,-115.16824,Maryland Parkway - UNLV,cold brew;drive thru;breakfast;24/7
Las Vegas Nevada 89109,36.120001,-115.16824,Mission Center,24/7;breakfast
Las Vegas Nevada 89109,36.120001,-115.16824,Showcase Mall Food Ct,breakfast
Las Vegas Nevada 89109,36.120001,-115.16824,Treasure Island Hotel - Casino,breakfast;drive thru;cold brew
Las Vegas Nevada 89109,36.142595,-115.154789,Paradise - Harmon  Las Vegas,breakfast;drive thru;cold brew
Las Vegas Nevada 89109,36.17183,-115.139764,Aladdin-Casino Floor Level,drive thru;cold brew;breakfast
Las Vegas Nevada 89109,36.17183,-115.139764,Hard Rock Hotel - Lobby,drive thru;breakfast;24/7
Las Vegas Nevada 891091626,36.125259,-115.090431,Sahara - Maryland Pkwy  Las Vegas,drive thru;24/7;breakfast
Las Vegas Nevada 891092606,36.12669,-115.168579,Fashion Show Mall (Exterior),drive thru;cold brew;breakfast
Las Vegas Nevada 891094814,36.171848,-115.139748,Paradise - Flamingo  Las Vegas,drive thru;breakfast;cold brew
Las Vegas Nevada 89113,36.17183,-115.139764,Vons-Las Vegas #2614,drive thru;24/7
Las Vegas Nevada 89117,36.142341,-115.282793,The Great Indoors-Las Vegas,drive thru
Las Vegas Nevada 89117,36.1455,-115.297729,Sahara - Ft. Apache,breakfast
Las Vegas Nevada 89117,36.1591,-115.263889,Charleston - Rampart  Las Vegas,24/7
Las Vegas Nevada 89117,36.17183,-115.139764,Sahara - Buffalo  Las Vegas,cold brew
Las Vegas Nevada 891179155,36.171848,-115.139748,Vons-Las Vegas #1970,drive thru
Las Vegas Nevada 89118,36.05584,-115.285994,LAS Term 1  Gate B-4,drive thru
Las Vegas Nevada 89118,36.07818,-115.216919,LAS Term 3  Concourse D Rotunda,drive thru;24/7
Las Vegas Nevada 89118,36.080565,-115.212689,LAS McCarran B Esplanade,drive thru
Las Vegas Nevada 89118,36.080565,-115.212689,LAS Term 1  Gate A,24/7;cold brew
Las Vegas Nevada 89118,36.080565,-115.212689,LAS Term 3  Conc D  Gates 1-13,drive thru;breakfast
Las Vegas Nevada 89118,36.080565,-115.212689,LAS Term 3  Conc D  Gates 31-43,24/7;drive thru
Las Vegas Nevada 89118,36.081854,-115.195541,LAS Arrival Baggage Claim,drive thru;breakfast
Las Vegas Nevada 89118,36.081854,-115.195541,LAS Term C,24/7;drive thru;cold brew;breakfast
Las Vegas Nevada 89118,36.081854,-115.195541,LAS Terminal D,breakfast;cold brew
Las Vegas Nevada 891183211,36.171848,-115.139748,Rainbow - Sunset  Las Vegas,24/7;breakfast;drive thru;cold brew
Las Vegas Nevada 89119,36.070348,-115.149354,McCarran Center,drive thru;24/7;cold brew;breakfast
Las Vegas Nevada 89120,36.058927,-115.10047,Pecos - Russell  Las Vegas,24/7
Las Vegas Nevada 89120,36.12669,-115.168579,Fashion Show Mall,drive thru;breakfast;cold brew;24/7
Las Vegas Nevada 89121,36.09989,-115.116709,Boulder Station,breakfast;24/7;cold brew;drive thru
Las Vegas Nevada 89121,36.11943,-115.092449,Albertsons-Las Vegas #6062,breakfast;24/7;cold brew
Las Vegas Nevada 89121,36.12176,-115.064969,Flamingo - Eastern  Las Vegas,breakfast
Las Vegas Nevada 891212545,36.145737,-115.101257,Desert Inn - Boulder Hwy  Las Vegas,24/7;drive thru;breakfast
Las Vegas Nevada 891213617,36.171848,-115.139748,Desert Inn - Eastern  Las Vegas,24/7;drive thru;breakfast
Las Vegas Nevada 891216201,36.171848,-115.139748,Sandhill - Flamingo  Las Vegas,drive thru;24/7
Las Vegas Nevada 891217548,36.171848,-115.139748,Sahara - Nellis  Las Vegas,cold brew;drive thru;breakfast
Las Vegas Nevada 891226010,36.145737,-115.101257,Tropicana - Boulder Hwy  Las Vegas,drive thru;breakfast;cold brew;24/7
Las Vegas Nevada 89123,36.03361,-115.118394,Eastern Beltway,breakfast;cold brew;24/7
Las Vegas Nevada 89123,36.034725,-115.146049,Albertsons-Las Vegas #6006,24/7;drive thru
Las Vegas Nevada 89123,36.03617,-115.118359,Eastern - Pebble  Las Vegas,breakfast;cold brew;drive thru
Las Vegas Nevada 89123,36.05246,-115.172334,Vons-Las Vegas #2390,cold brew;24/7;drive thru;breakfast
Las Vegas Nevada 891231015,36.171848,-115.139748,Las Vegas - Windmill  Las Vegas,24/7;drive thru;breakfast
Las Vegas Nevada 891237119,36.171848,-115.139748,Maryland Pkwy - Silverado Ranch  La,drive thru
Las Vegas Nevada 89128,36.10285,-115.108534,Summerhill Plaza,drive thru
Las Vegas Nevada 89128,36.189916,-115.287571,Rampart - Lake Mead  Las Vegas,24/7;drive thru;cold brew;breakfast
Las Vegas Nevada 89128,36.19667,-115.266453,Albertsons-Las Vegas #6011,cold brew
Las Vegas Nevada 89128,36.19667,-115.266453,Vons-Las Vegas #2392,cold brew
Las Vegas Nevada 89129,36.17183,-115.139764,Albertsons-Las Vegas #6012,breakfast
Las Vegas Nevada 89129,36.17183,-115.139764,Albertsons-Las Vegas #6018,drive thru;24/7
Las Vegas Nevada 89129,36.17183,-115.139764,Craig - Tenaya  Las Vegas,drive thru
Las Vegas Nevada 89130,36.248257,-115.244888,Santa Fe Station Hotel and Casino,24/7
Las Vegas Nevada 89130,36.2551,-115.225579,Albertsons-Las Vegas #6061,cold brew
Las Vegas Nevada 89130,36.2551,-115.225579,Vons - Las Vegas #2393,cold brew
Las Vegas Nevada 891307912,36.171848,-115.139748,Tenaya - Azure  Las Vegas,cold brew;24/7
Las Vegas Nevada 89131,36.292105,-115.278744,Durango - Farm  Las Vegas,breakfast;drive thru
Las Vegas Nevada 89131,36.30149,-115.243299,Albertsons-Las Vegas #6009,breakfast;cold brew;drive thru
Las Vegas Nevada 89134,36.17183,-115.139764,Albertsons-Las Vegas #6016,cold brew;breakfast;24/7;drive thru
Las Vegas Nevada 89134,36.17183,-115.139764,Trails Village Center - Summerlin,cold brew;breakfast;24/7;drive thru
Las Vegas Nevada 89134,36.202781,-115.307516,Vons - Las Vegas #2395,drive thru;cold brew;24/7;breakfast
Las Vegas Nevada 891351020,36.171848,-115.139748,Charleston - Town Center Dr.  Las V,24/7;breakfast;drive thru;cold brew
Las Vegas Nevada 891414373,36.171848,-115.139748,Cactus - Southern Highland  LV,24/7;drive thru;cold brew;breakfast
Las Vegas Nevada 89142,36.17183,-115.139764,Albertsons-Las Vegas #6091,breakfast;cold brew;drive thru;24/7
Las Vegas Nevada 89145,36.16755,-115.271912,Albertsons-Las Vegas #6046,24/7;drive thru
Las Vegas Nevada 89145,36.16755,-115.271912,JW Marriott,breakfast
Las Vegas Nevada 89145,36.16755,-115.271912,Vons-Las Vegas #1688,24/7
Las Vegas Nevada 891462926,36.146854,-115.284912,Rainbow - Oakey  Las Vegas,drive thru;breakfast;24/7
Las Vegas Nevada 89147,36.11216,-115.276489,Albertsons-Las Vegas #6004,cold brew;24/7
Las Vegas Nevada 891475712,36.114315,-115.163223,Flamingo - I-215  Las Vegas,24/7;drive thru;breakfast
Las Vegas Nevada 891478180,36.171848,-115.139748,Tropicana - Hualapai  Las Vegas,24/7;breakfast
Las Vegas Nevada 891481699,36.171848,-115.139748,Tropicana - Ft. Apache,cold brew;breakfast;drive thru
Las Vegas Nevada 89149,36.251935,-115.243584,Centennial - I-95  Las Vegas,24/7;drive thru
Latham New York 12110,42.74415,-73.761779,Newton Plaza-Loudonville,cold brew;drive thru
Latham New York 12110,42.748811,-73.767524,Price Chopper-Latham #138,breakfast;24/7;drive thru
Latham New York 12210,42.657872,-73.758622,Target Latham T-1915,drive thru
Lathrop California 95330,37.824405,-121.2907,Lathrop - I-5 - Lathrop,cold brew;24/7;drive thru;breakfast
Lauderdale Lakes Florida 33319,26.19873,-80.209526,Lakes Mall (UCO),drive thru;breakfast;cold brew;24/7
Lauderhill Florida 33351,26.178438,-80.251703,Commerical - University,breakfast;24/7;drive thru
Laughlin Nevada 89029,35.167565,-114.572617,Golden Nugget - Laughlin,cold brew;breakfast;drive thru
Laughlin Nevada 89029,35.167565,-114.572617,Harrahs Laughlin Club Cappucino,24/7;breakfast;cold brew;drive thru
Laurel Maryland 20707,39.09566,-76.859034,Laurel,24/7;drive thru;breakfast
Laurel Maryland 20707,39.09589,-76.871067,Safeway-Laurel #4868,cold brew;24/7
Laurel Maryland 20707,39.104915,-76.866639,The Centre at Laurel,drive thru;breakfast;cold brew;24/7
Laveen Arizona 853392989,33.360161,-112.169121,Baseline - 51st. Avenue  Laveen,drive thru;cold brew
Lawn Pennsylvania 17041,40.227832,-76.534545,PA Lawn Travel plaza,24/7
Lawrence Indiana 46236,39.89022,-85.966049,Pendleton Pike - Sunnyside,cold brew;24/7;drive thru
Lawrence Kansas 66044,38.97782,-95.235719,7th - Massachusetts,breakfast;drive thru
Lawrence Kansas 66046,38.93542,-95.231119,Dillon Food Store-Lawrence #70,24/7;cold brew;breakfast;drive thru
Lawrence Kansas 66046,38.93542,-95.231119,Super Target Lawrence ST-0531,cold brew;breakfast;drive thru
Lawrence Kansas 660494534,38.973061,-95.236526,Dillon Food Store-Lawrence #68,breakfast
Lawrenceville Georgia 30043,33.989314,-83.98411,Discover Mills  Sugarloaf Pkwy,cold brew;24/7;drive thru;breakfast
Lawrenceville Georgia 30044,33.952465,-83.987994,Sugarloaf Pkwy  Old Norcross,drive thru;breakfast;24/7;cold brew
Lawrenceville New Jersey 08648,40.28236,-74.731704,Mercer Mall,cold brew;24/7;breakfast;drive thru
Lawton Oklahoma 73505-373,34.614761,-98.444305,Cache - NW 40th,cold brew;breakfast;24/7
League City Texas 77573,29.5227,-95.076479,Hwy 2094 - S Shore Harbor,cold brew
League City Texas 77573,29.540968,-95.039308,Randall's - League City #2051,cold brew;drive thru;24/7
Leavenworth Washington 98826,47.594733,-120.663863,703 Hwy 2,24/7;breakfast;cold brew;drive thru
Leawood Kansas 66209,38.900126,-94.63752,Leawood Plaza,24/7;breakfast;drive thru
Leawood Kansas 66211,38.92306,-94.633289,Hen House-Leawood #24,24/7
Lebanon Oregon 97355,44.51841,-122.87161,Safeway-Lebanon #1558,24/7;drive thru
Lebec California 932439713,34.83733,-118.863617,Laval - I-5 Fwy  Lebec,breakfast
Lee's Summit Missouri 64063,39.012619,-94.38714,Lee's Summit,breakfast
Lee's Summit Missouri 64081,38.908516,-94.410449,50th - Chipman,cold brew;24/7;breakfast
Lee's Summit Missouri 64081,38.908516,-94.410449,Super Target Lees Summit ST-1392,breakfast;drive thru;cold brew
Leesburg Florida 34788,28.854314,-81.78142,Target Leesburg T-691,cold brew;24/7
Leesburg Virginia 20175,39.110347,-77.558957,Leesburg (Bellwood Commons),24/7
Leesburg Virginia 20176,39.102147,-77.526109,Battlefield,breakfast;24/7;drive thru;cold brew
Leesburg Virginia 20176,39.120524,-77.525114,Leesburg Corner - Fd Ct,drive thru
Leesburg Virginia 20176,39.120524,-77.525114,Super Target-Leesburg ST-1874,24/7;drive thru;breakfast
Leesburg Virginia 20176,39.120524,-77.525114,Xerox Doc Train Ctr - Lobby Alcove,breakfast;24/7;drive thru;cold brew
Lemon Grove California 91945,32.727701,-117.036018,Albertsons-Lemon Grove #6707,cold brew;breakfast;24/7;drive thru
Lemon Grove California 919451802,32.740459,-117.03067,Broadway - Lemon Grove  Lemon Grove,cold brew
Lemoore California 932459404,36.30101,-119.786369,Lemoore - Cinnamon  Lemoore,24/7;breakfast
Lenexa Kansas 66215,38.96939,-94.742289,87th and Pflumm,cold brew;breakfast;drive thru
Leominster Massachusetts 01453,42.52642,-71.759614,Leominster  Commercial Road,cold brew;24/7
Leominster Massachusetts 01453,42.52642,-71.759614,Target Leominster T-1965,cold brew;breakfast;drive thru
Levittown New York 11756,40.74333,-73.538134,Levittown - Hempstead Tpke.,24/7;breakfast;cold brew;drive thru
Lewis Ohio 43035,40.163735,-83.019649,Rt 23 - Lewis Center,drive thru;breakfast
Lewiston Idaho 83501,46.418657,-117.01666,Lewiston,drive thru
Lewisville Texas 75057,33.03165,-96.994059,Hebron - I-35E,breakfast;drive thru;cold brew
Lewisville Texas 75057,33.042497,-96.982011,Hwy. 121 - I-35,24/7;cold brew
Lewisville Texas 75057,33.04872,-96.996484,Super Target Lewisville ST-1395,cold brew;breakfast;drive thru
Lewisville Texas 75067,33.019081,-97.003939,Albertsons-Lewisville #4148,breakfast;24/7
Lexington Kentucky 40502,38.02972,-84.492969,Ashland - High,cold brew;drive thru
Lexington Kentucky 40506,38.048593,-84.500322,U of KY Lexington - Student Union,24/7;cold brew;breakfast;drive thru
Lexington Kentucky 40506,38.048595,-84.500319,U of KY Lexington - Clinic,24/7;breakfast
Lexington Kentucky 405060147,38.048592,-84.50032,U of KY Lexington - Common's Market,24/7;breakfast;cold brew
Lexington Kentucky 40507,38.048595,-84.500319,Triangle Center,24/7
Lexington Kentucky 40509,37.95868,-84.388624,Man O' War near  I-75,drive thru;breakfast;24/7;cold brew
Lexington Kentucky 40509,38.009574,-84.453494,2703 Richmond Rd,24/7;breakfast;cold brew;drive thru
Lexington Kentucky 40514,37.982481,-84.564622,Boston - Man O' War,breakfast;cold brew;24/7;drive thru
Lexington Massachusetts 02173,42.446319,-71.223751,Lexington,breakfast
Lexington Massachusetts 02473,42.446319,-71.223751,Lexington Bedford Rd,24/7;drive thru;cold brew
Liberty Lake Washington 99019,47.657436,-117.099465,Liberty Lake,cold brew;24/7;drive thru;breakfast
Libertyville Illinois 60048,42.30872,-87.914804,Libertyville,drive thru;cold brew
Lilburn Georgia 30047,33.834855,-84.075604,Hwy 78 - Lucerne,breakfast
Lilburn Georgia 30247,33.885595,-84.134134,Lilburn,drive thru;24/7;breakfast
Lincoln California 95648,38.83651,-121.311754,Thunder Valley Casino - Hote,breakfast;drive thru
Lincoln California 95648,38.849198,-121.284913,Safeway-Lincoln #1761,cold brew;breakfast
Lincoln California 95648,38.872287,-121.298321,Highway 65 - Del Webb - Lincoln,breakfast;drive thru
Lincoln California 95648,38.884536,-121.289598,Del Webb - Sun City - Lincoln,breakfast;cold brew;24/7;drive thru
Lincoln City Oregon 97367,44.929516,-124.016701,Highway 101 30th - Lincoln City,drive thru;24/7
Lincoln Nebraska 68508,40.828195,-96.703919,Lincoln-12th - P,cold brew;24/7;breakfast;drive thru
Lincoln Nebraska 68516,40.80377,-96.682359,Lincoln-27th - Pine Lake,breakfast;24/7;drive thru;cold brew
Lincoln Rhode Island 02865,41.931973,-71.444316,Lincoln Mall Pad,cold brew;drive thru;breakfast;24/7
Lincoln Rhode Island 02865,41.931973,-71.444316,Target Lincoln T-2073,drive thru;cold brew;24/7
Lincolnshire Illinois 60069,42.193116,-87.914735,City Park - Lincolnshire,breakfast;cold brew;24/7
Lincolnwood Illinois 60646,42.01199,-87.787714,Touhy - Kostner,cold brew
Lincolnwood Illinois 60712,42.00681,-87.749109,Dominicks-Lincolnwood #1730,24/7;drive thru
Linden New Jersey 07036,40.63527,-74.288414,Linden,breakfast;cold brew
Lino Lakes Minnesota 55014,45.15294,-93.141639,Super Target Lino Lakes ST-1448,breakfast;drive thru;cold brew;24/7
Lionville Pennsylvania 19341,40.028053,-75.62898,Lionville,cold brew
Lithonia Georgia 30038,33.68226,-84.136289,Target Lithonia T-1909,24/7;cold brew;drive thru;breakfast
Lithonia Georgia 30038,33.711975,-84.105989,Stonecrest Mall -Retail Area,drive thru
Little Rock Arkansas 71202,32.46003,-92.079759,LIT - Little Rock Simply Books,breakfast;24/7;drive thru
Little Rock Arkansas 72205,34.75205,-92.339329,Baptist Health - Little Rock,24/7;breakfast;cold brew;drive thru
Little Rock Arkansas 72207,34.76867,-92.358244,Cantrell - Mississippi,breakfast
Little Rock Arkansas 72211,34.75194,-92.41594,Kroger - Little Rock AR #608,breakfast;cold brew
Little Rock Arkansas 72211,34.754782,-92.429427,Chenal - Financial Center,drive thru;24/7;cold brew
Littleton Colorado 80120,39.569495,-105.030714,Santa Fe - Aspen Grove Way,drive thru;cold brew
Littleton Colorado 80120,39.61325,-105.010889,Broadway - Littleton,cold brew
Littleton Colorado 80121,39.62429,-104.954479,Cherry Hills,breakfast;drive thru;24/7
Littleton Colorado 80122,39.58022,-104.956352,Albertsons-Littleton #895,drive thru
Littleton Colorado 80122,39.58743,-104.952317,Cherrywood,cold brew
Littleton Colorado 80123,39.614048,-105.072036,Super Target Littleton ST-1776,drive thru
Littleton Colorado 80123,39.638665,-105.081659,Wadsworth - Bowles,breakfast;24/7;drive thru;cold brew
Littleton Colorado 801232800,39.61692,-105.014519,Albertsons-Littleton #874,cold brew;24/7;breakfast;drive thru
Littleton Colorado 80124,39.546137,-104.888412,Safeway-Littleton #1548,cold brew
Littleton Colorado 80124,39.547902,-104.888275,Park Meadows,drive thru;24/7;cold brew
Littleton Colorado 80124,39.56587,-104.878303,County Line - Yosemite (B-N),drive thru;24/7;breakfast;cold brew
Littleton Colorado 80125,39.452105,-105.073005,Safeway-Roxborough #2722,cold brew;drive thru;breakfast
Littleton Colorado 80127,39.579325,-105.139919,Ken Caryl - Alkire,24/7
Littleton Colorado 80127,39.58603,-105.128999,Albertsons-Littleton #839,breakfast;drive thru;cold brew;24/7
Littleton Colorado 80127,39.58603,-105.128999,King Soopers-Littleton #25,cold brew;breakfast;24/7
Littleton Colorado 80127,39.58603,-105.128999,Safeway-Littleton #1599,breakfast;cold brew;24/7
Littleton Colorado 80128,39.567082,-105.042506,C-470 - Kipling,cold brew;breakfast
Littleton Colorado 80128,39.5763,-105.081719,Belleview - Kipling,drive thru;breakfast;24/7;cold brew
Livermore California 94550,37.67143,-121.758129,Livermore,cold brew;24/7;drive thru
Livermore California 94550,37.67143,-121.758129,N. Livermore - Portola - Livermore,breakfast
Livermore California 94550,37.67143,-121.758129,Target Livermore T-828,drive thru;breakfast;24/7
Livermore California 94550,37.67143,-121.758129,Vasco - Scenic - Livermore,drive thru
Livermore California 94550,37.675245,-121.757829,Las Positas - Vasco - Livermore,drive thru
Livermore California 94550,37.683795,-121.769739,Safeway-Livermore #1257,drive thru;breakfast;24/7;cold brew
Livermore California 945504204,37.683395,-121.769279,Vintner Square - Livermore II,breakfast;drive thru;cold brew;24/7
Livermore California 94551,37.675245,-121.757829,Airway - Kitty Hawk - Livermore,drive thru
Liverpool New York 13090,43.1329,-76.241359,Clay,24/7;breakfast;cold brew
Livingston California 95334,37.381536,-120.706438,Winton - Hwy 99 - Livingston,drive thru;24/7
Livingston New Jersey 07039,40.778777,-74.351089,Livingston,drive thru
Livonia Michigan 48154,42.387672,-83.346841,Kroger-Livonia #618,drive thru;breakfast
Lockport Illinois 604418465,41.638809,-88.094025,Homer Township,cold brew;24/7
Lockport New York 14094,43.176774,-78.830106,Lockport,breakfast;drive thru;cold brew;24/7
Lodi California 95240,38.12217,-121.260424,School - Elm - Lodi,breakfast;24/7;cold brew
Lodi California 95241,38.130155,-121.275969,Target Lodi T-853,breakfast;drive thru
Lodi California 95242,38.11994,-121.306524,Kettleman - Lower Sacramento - Lodi,cold brew;drive thru;breakfast;24/7
Lombard Illinois 60148,41.85978,-88.029254,Roosevelt Rd. - Lombard,24/7
Lombard Illinois 60148,41.87385,-88.014649,Lombard-Butterfield - Meyers,24/7;breakfast;drive thru
Lombard Illinois 60149,41.867545,-88.011679,The Great Indoors-Lombard,24/7;drive thru;cold brew
Lomita California 90717,33.79374,-118.315484,Albertsons-Lomita #6107,24/7
Lomita California 907172660,33.805241,-118.323532,PCH - Oak  Lomita,breakfast;drive thru;24/7
Lompoc California 93436,34.671329,-120.457458,H - Central   Lompoc,drive thru
London Ontario N5X 4C5,43.03534,-81.287194,Richmond North Chptrs (aka Masonvil,breakfast
London Ontario N6A 3E9,42.986895,-81.246214,Richmond - Central - London,drive thru
London Ontario N6C 2V1,42.986895,-81.246214,Wellington - Commissioners - D T,24/7
London Ontario N6E 1W4,42.933991,-81.223326,London Chapters,breakfast;cold brew
London Ontario N6H 3S1,42.991845,-81.265379,Oxford - Hyde - London,24/7
Lone Tree Colorado 80112,39.57895,-104.878939,Super Target Lone Tree ST-2023,cold brew;breakfast;drive thru
Lone Tree Colorado 80124,39.546137,-104.888412,The Great Indoor - Lonetree,cold brew;breakfast;drive thru;24/7
Lone Tree Colorado 80124,39.546137,-104.888412,Yosemite - Maximus - Lone Tree,cold brew;breakfast;drive thru
Long Beach California 90802,33.77235,-118.192369,Pine Avenue,breakfast;drive thru;cold brew
Long Beach California 908022401,33.766418,-118.192368,Long Beach - 5th  Long Beach,breakfast;24/7;cold brew
Long Beach California 90803,33.75688,-118.123034,Belmont Shores,24/7;drive thru;breakfast
Long Beach California 90803,33.761116,-118.127997,Albertsons-Long Beach #6120,breakfast;drive thru;24/7;cold brew
Long Beach California 90803,33.761116,-118.127997,Sunrise Plaza - Belmont Shore,cold brew
Long Beach California 90803,33.76117,-118.153534,Marina Pacifica,24/7
Long Beach California 908043228,33.787788,-118.139236,4549 E. Pacific Coast Hwy  Long Bea,drive thru;breakfast
Long Beach California 908045003,33.761147,-118.152786,Redondo - 7th  Long Beach,24/7;breakfast;cold brew;drive thru
Long Beach California 90806,33.79804,-118.189274,Long Beach Blvd - Willow (UCO),breakfast;drive thru;24/7
Long Beach California 90807,33.83128,-118.185074,Atlantic - San Antonio  Long Beach,cold brew;drive thru;24/7
Long Beach California 90807,33.831475,-118.180229,Vons-Long Beach #3519,24/7;drive thru
Long Beach California 908074911,33.766418,-118.192368,Cherry - Wardlow  Long Beach,cold brew;24/7;breakfast
Long Beach California 908083752,33.766418,-118.192368,Pavilions-Long Beach #2203,drive thru;cold brew;24/7;breakfast
Long Beach California 90815,33.796015,-118.118369,Bellflower - Spring  Long Beach,breakfast;cold brew
Long Beach California 908152360,33.796101,-118.151123,Stearns - Palo Verde  Long Beach,breakfast;drive thru;24/7
Long Beach California 90822,33.766425,-118.192394,Long Beach Towne Center,24/7
Long Beach New York 11561,40.58804,-73.658324,Long Beach,breakfast;24/7;cold brew
Longmeadow Massachusetts 01106,42.05022,-72.579794,Longmeadow Shops Springfield,cold brew
Longmont Colorado 80501,40.144902,-105.125606,Ken Pratt - S. Bowen (prev Florida,drive thru;cold brew;breakfast
Longmont Colorado 80501,40.166535,-105.130809,Hover - Trade Center Dr,cold brew;breakfast;drive thru
Longmont Colorado 80501,40.168911,-105.09314,17th - Pace-Longmont,breakfast;drive thru
Longmont Colorado 80501,40.17392,-105.097929,Safeway-Longmont #1116,cold brew;drive thru;breakfast
Longmont Colorado 80501,40.17392,-105.097929,Safeway-Longmont #1634,drive thru;breakfast;24/7;cold brew
Longmont Colorado 80501,40.17392,-105.097929,Safeway-Longmont #2910,breakfast;cold brew
Longview Texas 75605,32.536785,-94.766209,McCann - Loop 281,cold brew;24/7
Longview Washington 98632,46.14682,-122.9505,Longview Thriftway,breakfast;drive thru;24/7;cold brew
Longview Washington 98632,46.153949,-122.973714,Fred Meyer - Longview #185,24/7
Longview Washington 98632,46.153949,-122.973714,Safeway-Longview #1078,24/7
Longview Washington 98632,46.153949,-122.973714,Safeway-Longview #91,breakfast;drive thru;24/7
Longwood Florida 32779,28.698027,-81.425917,Springs Plaza,drive thru;cold brew
Loomis California 95650,38.822738,-121.182041,Horseshoe Bar - I-80 - Loomis,cold brew;drive thru
Lorton Virginia 22079,38.707572,-77.228333,Lorton Valley,cold brew
Los Alamos New Mexico 87544,35.869673,-106.280457,Central Ave - Los Alamos,cold brew;drive thru;24/7;breakfast
Los Altos California 94022,37.377175,-122.120887,Los Altos,24/7;cold brew
Los Altos California 94024,37.360115,-122.096444,Los Altos Rancho,breakfast;cold brew
Los Angeles California 90004,34.088027,-118.381537,Hancock Park,cold brew;drive thru;24/7;breakfast
Los Angeles California 90007,34.033775,-118.283994,Hoover - Jefferson (UCO),24/7;cold brew;breakfast;drive thru
Los Angeles California 900102702,34.05331,-118.245003,Wilshire - Serrano  Los Angeles,24/7
Los Angeles California 90012,34.055764,-118.245444,217 N. Hill Street,cold brew;drive thru;24/7;breakfast
Los Angeles California 900123724,34.05331,-118.245003,New Otani Hotel  Los Angeles,cold brew
Los Angeles California 900123913,34.05331,-118.245003,2nd - Alameda  Los Angeles,cold brew;24/7
Los Angeles California 90013,34.045629,-118.24262,The Gas Co. Tower,drive thru;breakfast;24/7
Los Angeles California 90015,34.039314,-118.26661,LACC-West Hall,cold brew;24/7
Los Angeles California 90015,34.03975,-118.253064,9th - Santee  Los Angeles,24/7;breakfast
Los Angeles California 90015,34.03979,-118.266299,LACC-South Hall,24/7;drive thru
Los Angeles California 90017,34.048835,-118.259019,7th - Figueroa  Los Angeles (RAD),breakfast;cold brew
Los Angeles California 90017,34.052678,-118.26411,Arco Plaza (Downstairs) -Downtown L,24/7
Los Angeles California 900171610,34.060268,-118.287827,Wilshire - Union  Los Angeles (UCO),24/7;drive thru;cold brew;breakfast
Los Angeles California 90019,34.048949,-118.340687,LaBrea-SanVicente-LosAngeles (UCO),24/7;drive thru
Los Angeles California 90020,34.06623,-118.309109,Vons-Los Angeles #2261,drive thru;breakfast
Los Angeles California 90024,34.06313,-118.445304,Westwood,24/7
Los Angeles California 90024,34.063722,-118.439448,Broxton - Weyburn - Westwood,breakfast;drive thru
Los Angeles California 90026,34.076867,-118.265299,Sunset - Mohawk (Lucy's),cold brew;24/7;breakfast
Los Angeles California 90027,34.10179,-118.293769,Hollywood - Western  Hollywood,24/7;cold brew;breakfast
Los Angeles California 900274306,34.05331,-118.245003,Vermont - Prospect  Los Angeles,cold brew;drive thru;breakfast
Los Angeles California 90028,34.09979,-118.327209,Sunset - Gower - Hollywood,24/7;breakfast;drive thru;cold brew
Los Angeles California 90028,34.09979,-118.327209,Sunset - La Brea - Hollywood,drive thru;breakfast;24/7;cold brew
Los Angeles California 90028,34.09979,-118.327209,Vons-Los Angeles #2665,drive thru;cold brew
Los Angeles California 90034,34.03042,-118.402399,National - Castle Heights  Los Ange,breakfast;24/7
Los Angeles California 90034,34.031365,-118.397479,Vons-Los Angeles #2077,cold brew;drive thru
Los Angeles California 90035,34.02842,-118.390129,Venice Crossroads,drive thru;24/7
Los Angeles California 90036,34.05329,-118.245009,Fairfax - Olympic - Los Angeles,24/7;drive thru
Los Angeles California 90036,34.06239,-118.352214,Wilshire - Highland,cold brew;drive thru;breakfast
Los Angeles California 90036,34.072128,-118.36042,Farmers Market,drive thru;24/7
Los Angeles California 90038,34.076046,-118.344524,7122 Beverly Blvd.,drive thru;breakfast
Los Angeles California 90038,34.08892,-118.327189,Vons-Los Angeles,24/7;cold brew;drive thru
Los Angeles California 90039,34.124275,-118.267019,Los Feliz - Seneca-Atwater,cold brew
Los Angeles California 900393220,34.05331,-118.245003,Glendale - Fletcher,24/7;drive thru;cold brew
Los Angeles California 900403235,33.986053,-118.173248,Slauson - I-5  Commerce (UCO),24/7;breakfast;drive thru
Los Angeles California 900411143,34.12661,-118.201843,Colorado - Eagle Rock  Eagle Rock,cold brew;24/7
Los Angeles California 90045,33.95461,-118.394213,Westchester,breakfast;24/7;cold brew
Los Angeles California 90045,33.95724,-118.397209,LAX Terminal 8  Gate 80 Food Court,24/7;breakfast;cold brew;drive thru
Los Angeles California 90045,33.95724,-118.397209,Marriott Los Angeles Int'l Airport,breakfast
Los Angeles California 90045,33.95724,-118.397209,Sheraton Gateway Hotel,24/7;drive thru
Los Angeles California 90045,33.98212,-118.406589,Ladera Center (UCO),cold brew;drive thru
Los Angeles California 90045,34.0525,-118.478474,LAX Terminal- 3,24/7;cold brew;drive thru;breakfast
Los Angeles California 90045,34.052835,-118.478534,LAX Terminal 4,breakfast;cold brew
Los Angeles California 90045,34.052835,-118.478534,LAX Terminal 4  2nd,cold brew;breakfast;drive thru;24/7
Los Angeles California 90045,34.053485,-118.478914,LAX Terminal 6  Gate 60,24/7;drive thru;breakfast
Los Angeles California 90045,34.05382,-118.479174,LAX Terminal 7,cold brew;breakfast
Los Angeles California 90045,34.054045,-118.479419,LAX Terminal 8  Boudins,drive thru;24/7;cold brew;breakfast
Los Angeles California 90045,34.143165,-118.227439,LAX Terminal - 2,cold brew;drive thru;24/7
Los Angeles California 900451586,34.05331,-118.245003,Howard Hughes Ent. Center,24/7
Los Angeles California 90046,34.08378,-118.360004,Melrose,drive thru;24/7
Los Angeles California 90046,34.10213,-118.362969,Santa Monica - La Brea  West Hollyw,24/7;breakfast
Los Angeles California 900471126,34.05331,-118.245003,Western - Slauson  (UCO) - Reloc.,24/7;breakfast;drive thru
Los Angeles California 90048,34.07532,-118.376579,Cedars-Sinai Medical Center,cold brew
Los Angeles California 90048,34.07532,-118.376579,The Beverly Center,cold brew;breakfast;drive thru
Los Angeles California 90049,34.046664,-118.489377,Brentwood,24/7;breakfast;cold brew;drive thru
Los Angeles California 90049,34.066315,-118.470344,Brentwood Village Court,drive thru;breakfast;cold brew;24/7
Los Angeles California 90059,33.924564,-118.257129,Wilmington - 119  Los Angeles (UCO),drive thru
Los Angeles California 90064,34.03622,-118.427229,One Westside Place - L.A.,breakfast
Los Angeles California 90064,34.03622,-118.427229,Pico - Robertson - Los Angeles,24/7;cold brew;breakfast
Los Angeles California 90064,34.04699,-118.415929,West Pico Boulevard,breakfast
Los Angeles California 900642017,34.047314,-118.42598,Olympic - Westwood - Los Angeles,drive thru;cold brew
Los Angeles California 900643644,34.05331,-118.245003,National - Barrington,drive thru
Los Angeles California 90071,34.050547,-118.254199,633 W. 5th St.,24/7
Los Angeles California 90071,34.052067,-118.253788,400 S. Hope St.,24/7;breakfast;cold brew;drive thru
Los Angeles California 90071,34.052185,-118.255322,444 S. Flower - D.T. L.A.,breakfast
Los Angeles California 90071,34.052432,-118.255302,II California Plaza - D.T. L.A.,drive thru;cold brew
Los Angeles California 90071,34.053105,-118.25664,445 S. Figueroa Street  Union Bank,cold brew;breakfast;24/7
Los Angeles California 90071,34.05329,-118.245009,Wilshire Center - D.T. L.A.,drive thru
Los Angeles California 90071,34.053403,-118.252826,333 South Hope St.,drive thru;24/7;breakfast;cold brew
Los Angeles California 90077,34.103454,-118.451765,2950 Beverly Glen Circle - Los Ange,drive thru;24/7;cold brew;breakfast
Los Banos California 93635,37.056815,-120.886279,Hwy 152 - Hwy 165 - Los Banos,drive thru;24/7;cold brew
Los Gatos California 95032,37.236175,-121.925259,Blossom Hill Pavilion Relocation,drive thru
Los Lunas New Mexico 870314842,34.81377,-106.756401,NM 6 - Emilio Lopez  Los Lunas,24/7;cold brew;drive thru;breakfast
Los Osos California 93402,35.310572,-120.82696,Los Osos - Fairchild  Los Osos,cold brew
Louisville Colorado 80027,39.95406,-105.166199,McCaslin  Century - Louisville,drive thru;cold brew
Louisville Colorado 80027,39.962933,-105.149888,King Soopers-Louisville #13,breakfast;drive thru;cold brew
Louisville Kentucky 40202,38.252425,-85.75136,Marriott Hotel Convention Center,drive thru
Louisville Kentucky 40202,38.254845,-85.766369,Louisville Convention Center,drive thru;24/7;cold brew
Louisville Kentucky 402022518,38.187725,-85.77832,Seelbach Hilton,drive thru;24/7;breakfast
Louisville Kentucky 40204,38.239645,-85.723925,1000 Baxter Ave. Center,24/7
Louisville Kentucky 40207,38.2511,-85.634151,4400 Shelbyville Rd.,drive thru;24/7;breakfast;cold brew
Louisville Kentucky 40209,38.191012,-85.74746,SDF -  Louisville A B Rotunda,24/7;cold brew;drive thru
Louisville Kentucky 40209,38.191012,-85.74746,SDF - Louisville Pre-Sec Food Ct,24/7;drive thru
Louisville Kentucky 40222,38.282576,-85.612924,Oxmoor Center Kiosk,24/7;cold brew;breakfast;drive thru
Louisville Kentucky 402226369,38.25486,-85.766373,Holiday Manor,cold brew
Louisville Kentucky 40223,38.260637,-85.576949,Hurstbourne - Shelbyville,24/7;cold brew;drive thru
Louisville Kentucky 40241,38.296896,-85.561042,Springhurst Commons,breakfast;cold brew
Louisville Kentucky 40241,38.298075,-85.597319,The Summit at Louisville,cold brew;24/7;breakfast
Louisville Kentucky 40241,38.303216,-85.577138,Kroger - Louisville #764,24/7;cold brew;breakfast
Louisville Kentucky 40241,38.303216,-85.577138,Target Louisville T-1071,drive thru;24/7;breakfast
Louisville Kentucky 402414153,38.191841,-85.756752,Meijer-Louisville #164,drive thru;breakfast
Louisville Kentucky 40243,38.247585,-85.537584,Blankenbaker Plaza,breakfast
Loveland Colorado 80537,40.38732,-105.097066,14th Str - Taft Ave,breakfast;drive thru;cold brew
Loveland Colorado 80538,40.422284,-105.22246,The Shops at Centerra,breakfast;cold brew;drive thru;24/7
Lower Paxton Pennsylvania 17109,40.29575,-76.826404,Harrisburg Route 22,cold brew
Lubbock Texas 79401,33.588345,-101.836924,University - 8th,breakfast;drive thru;cold brew;24/7
Lubbock Texas 79403,33.737885,-101.837169,LBB - Lubbock Intl Airport,breakfast;drive thru;cold brew;24/7
Lubbock Texas 79416,33.414001,-101.92865,4th - Slide,24/7;breakfast;drive thru;cold brew
Lubbock Texas 79424,33.518835,-101.909449,82nd - Quaker,breakfast;24/7
Lufkin Texas 75901,31.32411,-94.727573,Hwy. 59 - Daniel McCall,breakfast;drive thru;24/7;cold brew
Lynbrook New York 11563,40.661275,-73.665524,Lynbrook,drive thru
Lynchburg Virginia 24502,37.335055,-79.191619,Wards Road,cold brew;24/7
Lynchburg Virginia 24503,37.444469,-79.248687,Boonsboro,breakfast
Lyndhurst Ohio 44124,41.508291,-81.469292,Giant Eagle Mkt-Lyndhurst #208,drive thru
Lyndhurst Ohio 44124,41.508291,-81.469292,Lyndhurst-Legacy Vllg Richmond - Ce,drive thru;cold brew;breakfast
Lynnwood Washington 98036,47.792019,-122.273082,Lynnwood Square,drive thru;24/7
Lynnwood Washington 98036,47.80292,-122.329379,Highway 99 - 200th - Lynnwood,breakfast
Lynnwood Washington 98036,47.81151,-122.283269,Albertsons-Lynnwood #0485,breakfast;drive thru
Lynnwood Washington 98036,47.81151,-122.283269,Safeway-Lynnwood #3523,cold brew;breakfast;24/7
Lynnwood Washington 98036,47.82821,-122.287049,196th - 40th,24/7
Lynnwood Washington 98037,47.82532,-122.292409,Mukilteo,24/7
Lynnwood Washington 98037,47.83937,-122.287369,Albertsons-Mukilteo #469,24/7;cold brew;drive thru
Lynnwood Washington 98037,47.85039,-122.286669,164th Street Crossing,drive thru;cold brew
Lynwood California 90262,33.9106,-118.191764,Atlantic - Imperial  Lynwood (UCO),24/7;cold brew
Lyons Illinois 60534,41.81238,-87.820694,Lyons-Ogden - First,breakfast
Machesney Park Illinois 61115,42.365648,-89.021019,Machesney Park-Route 173 - Orlando,drive thru;breakfast;cold brew;24/7
Macon Georgia 31210,32.924839,-83.724141,I-75  Tom Hill Sr Blvd,24/7;cold brew;drive thru;breakfast
Madeira Ohio 45243,39.19008,-84.363129,Madeira Crossing,24/7;cold brew
Madera California 93637,36.945605,-120.093139,Howard - Schnoor - Madera,drive thru;cold brew;breakfast;24/7
Madera California 93637,36.989152,-120.175159,Avenue 16 - Hwy 99 - Madera,breakfast;drive thru
Madison Connecticut 06443,41.272229,-72.593497,Madison - CT,drive thru
Madison Mississippi 39110,32.45754,-90.091844,Kroger - Madison #442,cold brew;24/7
Madison New Jersey 07940,40.769919,-74.435056,Madison,breakfast;cold brew;24/7
Madison Tennessee 37115,36.26224,-86.705286,Cude Lane - Gallatin Rd,breakfast;drive thru;cold brew
Madison Wisconsin 53703,43.074626,-89.39634,661 State Street,breakfast;24/7
Madison Wisconsin 53703,43.079112,-89.377712,Capitol Square - Madison,drive thru;cold brew
Madison Wisconsin 53705,43.072695,-89.460411,Madison-3515 University Ave.,cold brew;24/7;drive thru;breakfast
Madison Wisconsin 53705,43.075543,-89.443617,Findlay Plaza,cold brew
Madison Wisconsin 53719,43.020265,-89.528874,Madison Gammon Place,breakfast;cold brew
Mahtomedi Minnesota 55115,45.05768,-92.954824,Mahtomedi-Lincoln Square,breakfast;drive thru;cold brew;24/7
Maitland Florida 32751,28.637605,-81.358625,US Hwy 17 92 - Horatio Ave,cold brew;breakfast;24/7
Malibu California 90265,34.039552,-118.583579,Malibu,24/7;cold brew
Malibu California 90265,34.07157,-118.856919,PCH - Trancas Canyon Rd. - Malibu,breakfast;24/7;cold brew
Mamaroneck New York 10543,40.971389,-73.742854,Mamaroneck,cold brew;drive thru
Mammoth Lakes California 93546,37.648682,-118.979786,Intrawest-Mammoth Lakes,drive thru;cold brew;24/7;breakfast
Mammoth Lakes California 93546,37.673101,-118.949639,Mammoth - Meridian  Mammoth Lakes,cold brew;breakfast;drive thru
Mammoth Lakes California 93546,37.673101,-118.949639,Vons - Mammoth Lakes #2400,24/7;breakfast;cold brew;drive thru
Manalapan New Jersey 07763,40.308655,-74.304104,Route 9 Manalapan,24/7;cold brew;breakfast
Manassas Virginia 20110,38.731374,-77.475419,Manassas,24/7;breakfast
Manassas Virginia 20110,38.751195,-77.471119,Manassas Junction,cold brew;24/7;drive thru;breakfast
Manayunk Pennsylvania 19127,40.02667,-75.223179,Manayunk,drive thru;24/7;breakfast;cold brew
Manchester Connecticut 06040,41.775335,-72.522669,Manchester,drive thru;cold brew;24/7
Manchester Connecticut 06040,41.775335,-72.522669,Manchester  Spencer Street,24/7;breakfast;cold brew
Manchester Connecticut 06040,41.80801,-72.539749,Buckland Hills Mall,drive thru;cold brew
Manchester Missouri 63011,38.593215,-90.520089,Manchester Rd.,breakfast;cold brew;24/7
Manchester New Hampshire 03103,42.932094,-71.452934,MHT - Manchester Post Sec New Wng,24/7;breakfast;cold brew;drive thru
Mandeville Louisiana 70433,30.461752,-90.104077,Target Covington T-1876,cold brew;24/7
Mandeville Louisiana 704718630,30.391935,-90.083168,3601 Hwy 190 (Bank One),24/7
Manhasset New York 11030,40.809685,-73.677333,Manhasset,breakfast;drive thru;24/7
Manhattan Beach California 90266,33.884635,-118.411044,Manhattan Beach,24/7;cold brew
Manhattan Beach California 90266,33.89028,-118.401889,Target Manhattan Beach T-199,drive thru;24/7;breakfast
Manhattan Kansas 66502,39.18937,-96.568279,Dillon Food Store-Manhattan #15,cold brew;drive thru;breakfast
Manhattan New York 10003,40.73452,-73.984169,17th and Broadway (41 Union Square,drive thru
Manhattan New York 10004,40.704709,-74.013198,2 Broadway,drive thru
Manhattan New York 10007,40.712,-74.008109,Broadway and Barclay (Woolworth),cold brew
Manhattan New York 10019,40.760532,-73.976128,53rd - Sixth,drive thru;breakfast;cold brew;24/7
Manhattan New York 10019,40.763028,-73.98323,1675 Broadway,breakfast;24/7;drive thru
Mankato Minnesota 56001,44.157978,-93.994153,Hy Vee Foods-Mankato #2,cold brew;drive thru;breakfast;24/7
Manorville New York 11949,40.854054,-72.816757,Manorville,breakfast
Mansfield Ohio 44903,40.790694,-82.608055,Walker Lake Rd - Mansfield,drive thru;24/7;cold brew;breakfast
Mansfield Ohio 44907,40.732905,-82.525009,Kroger-Dayton #836 Mansfield,breakfast;cold brew;24/7
Mansfield Texas 76063,32.54382,-97.119819,US 287 - FM 157,breakfast;drive thru
Mansfield Texas 76063,32.582352,-97.124936,Super Target Mansfield ST-1536,24/7;cold brew;breakfast;drive thru
Mansfield Texas 76063,32.608815,-97.116852,Matlock - Debbie,drive thru;breakfast;24/7
Manteca California 95336,37.82168,-121.215779,Yosemite - Hwy 99 - Manteca,drive thru;24/7;cold brew
Mantua Ohio 44255,41.283735,-81.223999,Portage Travel Plaza Mantua,cold brew;drive thru;24/7
Mantua Ohio 44255,41.30178,-81.234249,Brady's Leap Travel Plaza Mantua,breakfast;24/7;cold brew
Maple Glen Pennsylvania 19002,40.183093,-75.177718,Maple Glen,24/7;breakfast
Maple Grove Minnesota 55369,45.136204,-93.4732,Maple Grove,24/7;cold brew;drive thru;breakfast
Maple Valley Washington 98038,47.35999,-122.027134,Kent Kangley - Black Diamond Rd,cold brew;24/7;breakfast;drive thru
Maple Valley Washington 98038,47.383329,-122.03235,Safeway-Maple Valley #1471,breakfast
Maple Valley Washington 98038,47.393443,-122.045462,Wilderness Village,drive thru;breakfast
Marana Arizona 85653,32.42442,-111.233958,Safeway-Marana #1749,breakfast;24/7
Marana Arizona 857412206,32.33532,-111.218628,Ina - Thornydale  Tucson,breakfast;24/7;drive thru
Marblehead Massachusetts 01945,42.497339,-70.861435,Marblehead,24/7
Marco Island Florida 34145,25.939552,-81.71757,Collier Blvd - Elkcam Circle,breakfast
Margate City New Jersey 08402,39.33767,-74.514449,Margate NJ,drive thru;cold brew;24/7
Margate Florida 33063,26.251645,-80.210308,Atlantic Blvd - Rock Island Rd,drive thru;cold brew;breakfast
Marietta Georgia 30062,33.998835,-84.486262,E. Piedmont,cold brew
Marietta Georgia 30062,34.00041,-84.467474,Kroger - Marietta #454,24/7;breakfast
Marietta Georgia 30062,34.00041,-84.467474,Merchants Festival,24/7;cold brew
Marietta Georgia 30064,33.91941,-84.581694,Powder Springs Rd  Macland,drive thru
Marietta Georgia 30064,33.9378,-84.613659,Dallas Hwy. - Villarica Rd.,breakfast
Marietta Georgia 30066,34.035426,-84.520325,Sandy Plains (Publix),drive thru;24/7;breakfast;cold brew
Marietta Georgia 30066,34.035426,-84.520325,Towne Center (B-N),cold brew;drive thru
Marietta Georgia 30067,33.933141,-84.467988,Johnson Ferry - Paper Mill,24/7;cold brew;drive thru
Marin City California 94965,37.859022,-122.500426,Donahue - Hwy 101 - Marin City,drive thru;breakfast;cold brew
Marina California 93933,36.672843,-121.788875,Del Monte - Reservation - Marina,breakfast;cold brew;drive thru;24/7
Marina Del Rey California 90291,33.991358,-118.46523,100 Washington Blvd. - Marina Del R,drive thru
Marina Del Rey California 90292,33.981216,-118.453429,Washington - Del Rey  Culver City,cold brew;drive thru;breakfast;24/7
Marina Del Rey California 90292,33.984463,-118.445975,Marina Del Rey,24/7
Marina Del Rey California 90292,33.98592,-118.452219,Albertsons-Marina Del Rey #6104,drive thru;24/7
Marina del Rey California 902926905,33.980801,-118.459427,Lincoln - Fiji  Marina del Rey,breakfast;drive thru;24/7;cold brew
Marion Iowa 52302,42.03329,-91.599904,Hy Vee Foods-Marion,drive thru;breakfast;24/7;cold brew
Marion Ohio 43302,40.575916,-83.133979,Kroger-Marion #808,24/7;cold brew;drive thru
Markham Ontario L3R 0J5,43.856034,-79.339942,Woodside Square (Chptr),24/7;cold brew
Markham Ontario L3R 1A7,43.856034,-79.339942,Woodbine - Denison,cold brew;drive thru;24/7;breakfast
Markham Ontario L3R 5Y2,43.856034,-79.339942,Warden - Steeles - Markham,drive thru;24/7;cold brew;breakfast
Marlboro New Jersey 07746,40.313963,-74.248751,Albertsons-Marlboro #7939,24/7;breakfast;cold brew;drive thru
Marlboro New Jersey 07751,40.35673,-74.305979,Rte 9  Marlboro,24/7
Marlborough Massachusetts 01752,42.346806,-71.547991,Marlborough,breakfast;drive thru
Marlborough Massachusetts 01752,42.346806,-71.547991,Marlborough  South Bolton St,24/7;cold brew
Marlborough Massachusetts 01752,42.35257,-71.616508,Solomon Pond Mall,24/7;breakfast
Marlton New Jersey 08053,39.892333,-74.919053,Genuardi-Marlton #0633,drive thru;breakfast;24/7
Marlton New Jersey 08053,39.892333,-74.919053,ShopRite-Marlton #523,24/7;breakfast;drive thru;cold brew
Marquette Michigan 49855,46.457283,-87.307864,Northern Michigan U Marquette,cold brew;breakfast;24/7;drive thru
Marrero Louisiana 70072,29.86926,-90.107869,Barataria Blvd - Lapalco Blvd,breakfast
Marshfield Massachusetts 02050,42.13857,-70.690639,Marshfield,cold brew
Marshfield Wisconsin 54449,44.658858,-90.179215,Marshfield-Central - McMillan,24/7;breakfast
Martel California 95642,38.326679,-120.745441,Trade Center Dr. - Hwy 49 - Martel,cold brew;breakfast;drive thru;24/7
Martinez California 94553,37.95773,-122.099394,Virginia Hills,24/7
Martinez California 94553,37.992282,-122.122821,Muir Station - Martinez,cold brew;breakfast;drive thru
Martinez California 94553,37.994542,-122.11011,Albertsons-Martinez #7021,breakfast;24/7;cold brew;drive thru
Martinez California 94553,37.994542,-122.11011,Main - North Court - Martinez,cold brew;drive thru;24/7;breakfast
Martinsville Indiana 46151,39.424542,-86.402964,SR 37 - Burton,24/7;drive thru;cold brew
Maryland Heights Missouri 63146,38.702565,-90.445559,West Port Plaza - St. Louis,breakfast;24/7;drive thru;cold brew
Marysville California 95901,39.135653,-121.586753,9th - C - Marysville,cold brew;breakfast
Marysville Michigan 48040,42.910886,-82.480551,Meijer-Marysville #229,drive thru;breakfast
Marysville Washington 98270,48.050287,-122.179027,Fred Meyer-Marysville #209,drive thru;24/7;cold brew;breakfast
Marysville Washington 98270,48.050287,-122.179027,Safeway-Marysville #1485,drive thru;breakfast;24/7;cold brew
Marysville Washington 982705505,48.059681,-122.176903,Albertsons-Marysville #471,breakfast
Marysville Washington 982707243,48.059681,-122.176903,Plaza 88,drive thru;breakfast;24/7;cold brew
Mashpee Massachusetts 02649,41.61834,-70.469027,Mashpee,drive thru;breakfast;cold brew;24/7
Mason Ohio 45040,39.3463,-84.315319,Kroger-Mason #448,drive thru;cold brew;breakfast;24/7
Massapequa New York 11758,40.66271,-73.466289,Southgate,drive thru
Massapequa New York 11758,40.692075,-73.465264,Massapequa Village Square,breakfast;24/7
Massillon Ohio 44646,40.81061,-81.498424,Target Massillon T-2044,24/7;cold brew;breakfast;drive thru
Matawan New Jersey 07747,40.406895,-74.225474,Matawan,24/7;breakfast
Matteson Illinois 604432316,41.510876,-87.737617,Matteson  IL,cold brew;24/7
Matthews North Carolina 28105,35.117985,-80.720489,Sycamore Commons,breakfast;cold brew
Matthews North Carolina 28105,35.12697,-80.703839,Matthews Township - HT,drive thru
Mauldin South Carolina 29662,34.780891,-82.303905,Bilo-Mauldin #188,24/7;cold brew;breakfast;drive thru
Mayfield Heights Ohio 44122,41.47224,-81.519079,Mayfield - SOM,drive thru;24/7
Mays Landing New Jersey 08330,39.463754,-74.723478,ACME-Mays Landing #7852,breakfast
McAllen Texas 78501,26.192816,-98.247063,10th - Expwy 83,drive thru
McAllen Texas 78501,26.237925,-98.224164,10th - Jonquil,24/7
McAllen Texas 78504,26.291725,-98.214991,10th - Trenton,drive thru
McDonough Georgia 30253,33.450422,-84.178458,Super Target McDonough ST-1461,24/7
McHenry Illinois 60050,42.354817,-88.268553,Dominicks-McHenry #1305,drive thru;24/7;cold brew
McHenry Illinois 60050,42.37807,-88.269381,McHenry-Rte 31 - Blake,breakfast;24/7
McKinleyville California 95519,40.942665,-124.100979,Central - Heartwood - McKinleyville,cold brew;24/7
McKinney Texas 75070,33.174,-96.698239,Albertsons - McKinney #4296,breakfast;cold brew;24/7
McKinney Texas 75070,33.219045,-96.723004,US 380 - US 75,breakfast;24/7;cold brew;drive thru
McLean Virginia 22101,38.92376,-77.149434,Chesterbrook,24/7;breakfast
McLean Virginia 22101,38.928327,-77.197022,McLean,drive thru
McLean Virginia 22101,38.936529,-77.184285,Tysons Corner Center,24/7;drive thru;cold brew
McLean Virginia 221023918,38.922642,-77.219299,Tysons Galleria,cold brew
McMinnville Oregon 97128,45.20894,-123.199129,McMinnville Market Center,drive thru;breakfast
McMinnville Oregon 97225,45.50354,-122.771789,Safeway-McMinnville #1601,breakfast;cold brew
Mechanicsville Virginia 23111,37.609639,-77.320568,Target Mechanicsville T-1968,24/7;drive thru
Medford Massachusetts 02153,42.41985,-71.108724,Medford - Star Market,cold brew;24/7
Medford New Jersey 08055,39.863735,-74.851689,Medford,breakfast;24/7;cold brew
Medford New York 11742,40.812802,-73.042379,Target Medford T-1948,24/7;breakfast
Medford Oregon 97501,42.313194,-122.856791,1303 Cntr Dr. Mdfrd-FMyr),24/7;drive thru;breakfast;cold brew
Medford Oregon 97501,42.31824,-122.883959,Safeway - Medford #1643,cold brew
Medford Oregon 97501,42.34174,-122.878113,Rogue Valley Mall - Medford,24/7;cold brew;drive thru
Medford Oregon 97504,42.325643,-122.856096,Medford (B-N),24/7;drive thru
Media Pennsylvania 19063,39.917085,-75.40644,Albertsons-Media #7876,cold brew;drive thru;breakfast
Media Pennsylvania 19063,39.918474,-75.416937,Media - PA,cold brew;24/7;breakfast;drive thru
Medway Massachusetts 02053,42.14039,-71.398534,Medway,breakfast;drive thru;cold brew
Melbourne Florida 32940,28.215931,-80.714195,Wickham Rd - I-95,drive thru;24/7;cold brew
Melbourne Village Florida 329043706,28.0879,-80.66404,Target Melbourne Village T-689,cold brew;24/7;drive thru
Melrose Massachusetts 02176,42.45717,-71.064049,Melrose Center,24/7;breakfast;cold brew;drive thru
Melville New York 11747,40.794669,-73.395617,Melville,cold brew;drive thru
Memphis Tennessee 38103,35.141185,-90.055449,Peabody Place,breakfast;cold brew;24/7;drive thru
Memphis Tennessee 38104,35.141685,-89.999094,Union - McLean,drive thru;cold brew
Memphis Tennessee 38105,35.153646,-90.04008,St Jude Childrens Research Hospital,cold brew;breakfast
Memphis Tennessee 38111,35.128835,-89.949254,Poplar - Highland,drive thru;cold brew;breakfast;24/7
Memphis Tennessee 38116,35.03242,-90.010729,MEM - Concourse A,cold brew;breakfast;drive thru;24/7
Memphis Tennessee 38116,35.03242,-90.010729,MEM - Concourse B  Y Connector,breakfast;drive thru;cold brew
Memphis Tennessee 38116,35.03242,-90.010729,MEM - Concourse C  Space C16,breakfast;drive thru
Memphis Tennessee 38117,35.11895,-89.913361,Oak Court Mall,drive thru;cold brew;24/7;breakfast
Memphis Tennessee 38119,35.102104,-89.860677,Poplar  Ridgeway,24/7
Memphis Tennessee 38119,35.102104,-89.860677,St. Francis Hospital,breakfast;drive thru;cold brew;24/7
Memphis Tennessee 38120,35.12161,-89.862539,Baptist Memorial Hospital Main Entr,drive thru;breakfast;cold brew
Memphis Tennessee 38125,35.029555,-89.802179,Target Memphis T-2060,cold brew;24/7;breakfast
Memphis Tennessee 38125,35.048675,-89.800059,Hacks - Winchester,cold brew;24/7;drive thru;breakfast
Memphis Tennessee 38133,35.20748,-89.802354,Target Memphis T-1030,drive thru;24/7;cold brew
Memphis Tennessee 38133,35.20748,-89.802354,Wolfchase Drive-thru,breakfast
Menlo Park California 92025,33.09794,-117.06709,Willow - Hamilton - Menlo Park,cold brew;24/7;drive thru
Menlo Park California 94025,37.44923,-122.183179,Live Oak - El Camino Real,drive thru
Menlo Park California 94025,37.452817,-122.181833,Sharon Park - Sand Hill Road,breakfast;drive thru;cold brew
Menlo Park California 94025,37.472412,-122.164827,Alameda - Avy - Menlo Park,24/7;breakfast;cold brew;drive thru
Menlo Park California 94027,37.462463,-122.197813,Menlo Park,breakfast;drive thru;cold brew
Menomonee Falls Wisconsin 53051,43.150664,-88.109329,Menomonee Falls - Rivercrest Center,cold brew;drive thru;breakfast;24/7
Menomonee Falls Wisconsin 53051,43.150664,-88.109329,Menomonee Falls-Appleton - Menomone,breakfast;drive thru;24/7;cold brew
Menomonee Falls Wisconsin 53051,43.150664,-88.109329,Target Menomonee Falls T-863,cold brew;drive thru;24/7
Mentor Ohio 440605435,41.697971,-81.337273,Mentor,drive thru
Mentor Ohio 440606414,41.673847,-81.324333,Mentor Ave-East Mentor,24/7
Mequon Wisconsin 53092,43.23218,-87.980479,Mequon,24/7;cold brew;drive thru
Merced California 95337,37.784136,-121.22956,Yosemite - Paulson - Merced,breakfast
Merced California 95340,37.30127,-120.486199,Main Place - Merced,drive thru;breakfast;24/7
Merced California 95348,37.319918,-120.481616,580 West Olive - Merced,breakfast;drive thru;cold brew
Mercer Island Washington 98040,47.56465,-122.228218,QFC-Mercer Island #839,24/7;cold brew;drive thru
Mercer Island Washington 98040,47.56465,-122.228218,South Mercer Island,cold brew
Mercer Island Washington 98040,47.577972,-122.210211,Mercer Island Drive Thru,drive thru;24/7;breakfast;cold brew
Mercer Island Washington 98040,47.577972,-122.210211,Mercer Island III,cold brew;24/7;breakfast;drive thru
Mercer Island Washington 980402811,47.55563,-122.226509,Albertsons-Mercer Island #450,24/7;cold brew;breakfast;drive thru
Meridian Idaho 83642,43.594248,-116.391571,Eagle Road - Florence Dr.,24/7;breakfast;drive thru;cold brew
Meridian Idaho 83642,43.594248,-116.391571,Meridian,drive thru;cold brew;breakfast;24/7
Meridian Idaho 83642,43.594248,-116.391571,Meridian Rd. - Corporate Dr,24/7;drive thru;cold brew
Merriam Kansas 66202,39.01554,-94.689579,Hen House Market-Merriam #31,cold brew
Merrick New York 115664644,40.66901,-73.554359,Merrick,24/7;breakfast
Merrillville Indiana 46410,41.485607,-87.338353,Hobart Crossing,drive thru;breakfast;24/7;cold brew
Merrillville Indiana 46410,41.485607,-87.338353,Radisson Merrillville,cold brew;24/7;breakfast;drive thru
Mesa Arizona 85201,33.430425,-111.846739,Albertsons-Mesa #942,24/7;cold brew
Mesa Arizona 85202,33.38403,-111.874782,Dobson - Freeway,breakfast;24/7
Mesa Arizona 85202,33.393005,-111.868054,Southern - Longmore  Mesa,24/7;drive thru;breakfast;cold brew
Mesa Arizona 85203,33.43833,-111.804209,Albertsons-Mesa #993,24/7
Mesa Arizona 85204,33.379081,-111.773054,Baseline - Gilbert,cold brew;breakfast;24/7
Mesa Arizona 85204,33.390773,-111.782842,Stapley - the Freeway - Mesa  AZ.,cold brew;breakfast;drive thru
Mesa Arizona 85204,33.39577,-111.755789,Val Vista - Baseline  Mesa,24/7;cold brew;breakfast;drive thru
Mesa Arizona 85206,33.397378,-111.713238,Safeway - Mesa #1637,drive thru;breakfast;cold brew
Mesa Arizona 85207,33.444085,-111.644149,Albertsons-Mesa #989,breakfast
Mesa Arizona 85208,33.40422,-111.635489,Power - Baseline,cold brew;drive thru;24/7
Mesa Arizona 85208,33.40422,-111.635489,Safeway-Mesa #2676,drive thru;24/7
Mesa Arizona 85212,33.34291,-111.63567,Albertsons-Mesa #1002,breakfast;cold brew;24/7
Mesa Arizona 85212,33.34291,-111.63567,Super Target Gilbert ST-1959,cold brew;drive thru;breakfast;24/7
Mesa Arizona 85213,33.44422,-111.770864,Safeway - Mesa #1567,breakfast;cold brew;drive thru
Mesa Arizona 85215,33.47334,-111.701209,Safeway-Mesa #2644,cold brew
Mesa Arizona 85215,33.481055,-111.683859,Power - McDowell  Mesa,cold brew
Mesa West Arizona 85202,33.378495,-111.876249,Target Mesa T-1429,drive thru
Mesquite Nevada 89027,36.80398,-114.067219,Virgin River Hotel - Casino,breakfast;24/7;drive thru;cold brew
Mesquite Nevada 89027,36.81133,-114.086979,Casablanca Hotel - Casino - Lobby,breakfast;drive thru;cold brew
Mesquite Nevada 89027,36.81133,-114.086979,Oasis Hotel - Casino,breakfast;cold brew;24/7;drive thru
Mesquite Texas 75150,32.811611,-96.631416,Town East Mall,cold brew
Mesquite Texas 75150,32.822845,-96.645499,Mesquite,drive thru;breakfast;24/7
Metairie Louisiana 70002,30.00866,-90.161199,Lakeside Mall - WA,24/7
Metairie Louisiana 70005,30.000797,-90.126931,424 Veterans Hwy,breakfast;cold brew
Methuen Massachusetts 01844,42.73011,-71.183679,Methuen The Loop,breakfast;cold brew;24/7
Miami Beach Florida 33139,25.780585,-80.137919,10th St. - West Ave.,breakfast;drive thru;24/7;cold brew
Miami Beach Florida 33139,25.782818,-80.140369,16th - Alton,breakfast
Miami Beach Florida 33139,25.790452,-80.132118,416 Lincoln Rd.,breakfast;drive thru
Miami Beach Florida 33139,25.790525,-80.133689,Lincoln - Merridian,breakfast
Miami Beach Florida 33139,25.790837,-80.134548,605 Lincoln Rd,24/7
Miami Beach Florida 33139,25.793095,-80.134904,Marriott South Beach-Miami,breakfast;24/7;cold brew
Miami Beach Florida 33160,25.957559,-80.1215,RK Centre North,drive thru
Miami Florida 33015,25.937105,-80.181504,Red Rd - NW 176th St,breakfast;24/7;cold brew;drive thru
Miami Florida 33122,25.79708,-80.301979,MIA - American Concourse A,24/7
Miami Florida 33122,25.79708,-80.301979,MIA - Main E Food Ct,24/7;cold brew;breakfast;drive thru
Miami Florida 33122,25.79708,-80.301979,MIA - Miami American Air Ticket,cold brew;drive thru
Miami Florida 33122,25.79708,-80.301979,MIA - Miami Term D - E Bridge,drive thru;cold brew;breakfast
Miami Florida 33122,25.79708,-80.301979,MIA - Miami Term E,24/7;drive thru;cold brew
Miami Florida 33122,25.79708,-80.301979,MIA - Miami Term H Gate 4,cold brew
Miami Florida 33122,25.79708,-80.301979,MIA - Miami Terminal B,24/7;drive thru;breakfast;cold brew
Miami Florida 33131,25.768189,-80.190094,JW Marriott Miami Lobby,breakfast;cold brew;24/7;drive thru
Miami Florida 33132,25.717273,-80.245626,Bayside,24/7;drive thru
Miami Florida 33132,25.77706,-80.192859,SE 3rd Ave - 1st Street,cold brew
Miami Florida 33133,25.728985,-80.237419,Coconut Grove,drive thru;breakfast;cold brew;24/7
Miami Florida 33136,25.77421,-80.194503,47 W. Flagler St,24/7;cold brew;breakfast
Miami Florida 33143,25.688522,-80.324038,Sunset - 87th,cold brew;drive thru
Miami Florida 33143,25.702115,-80.297339,Target Miami Dadeland T-1039,cold brew
Miami Florida 33144,25.76205,-80.295829,Tamiami Plaza,drive thru;cold brew;24/7;breakfast
Miami Florida 33156,25.66473,-80.324329,Dadeland Mall Kiosk,drive thru;cold brew;24/7
Miami Florida 33156,25.66473,-80.324329,Dadeland Mall Macy's West,drive thru
Miami Florida 33156,25.66473,-80.324329,Dixie Ludlam,cold brew
Miami Florida 33156,25.66473,-80.324329,Greenery Mall,cold brew;drive thru;24/7;breakfast
Miami Florida 331564445,25.728979,-80.237442,Suniland Plaza,breakfast;cold brew;drive thru;24/7
Miami Florida 33172,25.879141,-80.218437,Dolphin Mall,cold brew;24/7
Miami Florida 33176,25.632764,-80.33901,14795 S. Dixie Hwy.,drive thru;24/7;cold brew;breakfast
Miami Florida 33176,25.67045,-80.343109,The Falls Mall,breakfast;24/7;cold brew;drive thru
Miami Florida 33176,25.672102,-80.370539,10834 SW 104th Street,24/7;cold brew
Miami Florida 33178,25.818625,-80.355329,Doral Plaza,breakfast
Miami Florida 33186,25.6269,-80.394894,SW 152nd St - SW 137th Ave,breakfast;cold brew
Miami Florida 33189,25.565863,-80.340164,Old Cutler Rd - SW 92nd Ave,breakfast;cold brew
Miami Lakes Florida 33016,25.913128,-80.330801,8012 NW 154th St,breakfast;cold brew;24/7
Michigan City Indiana 46360,41.693585,-86.809474,Michigan City-Franklin - Rte 20,breakfast;drive thru;cold brew;24/7
Middle River Maryland 21220,39.340289,-76.416766,Target Middle River T-1970,24/7;drive thru;breakfast
Middleton Wisconsin 53562,43.095231,-89.50993,Madison Greenway Station,24/7
Middleton Wisconsin 53562,43.14054,-89.521399,Middleton-Century - Frank Lloyd Wri,24/7;cold brew
Middletown New Jersey 07748,40.38162,-74.092839,Rte 35-Middletown,24/7;breakfast;drive thru;cold brew
Middletown Rhode Island 02842,41.520555,-71.287594,Aquidneck Centre,24/7
Midland Michigan 48642,43.657035,-84.247199,Midland  M-10 - Eastman,cold brew;24/7
Midland Texas 79701,31.964673,-102.106662,Rankin Hwy - I-20,breakfast
Midland Texas 79705,32.02844,-102.127709,Midkiff - Wadley,cold brew;drive thru
Midlothian Virginia 23112,37.463785,-77.673919,Swift Creek,drive thru;cold brew;breakfast
Midwest City Oklahoma 73110,35.45761,-97.398527,Target Midwest City T-2061,24/7;cold brew
Milford Connecticut 06460,41.225019,-73.057314,Target Milford T-2045,24/7;drive thru;cold brew
Milford Michigan 48381,42.566631,-83.614764,Milford,breakfast;24/7
Milford Ohio 45150,39.182571,-84.27243,Milford  OH - SR 28,cold brew
Mill Creek Washington 98012,47.854801,-122.207896,Mill Creek Town Center,24/7;breakfast;drive thru
Mill Creek Washington 980121228,30.162643,-96.409271,Albertsons-Mill Creek #458,cold brew
Mill Valley California 94941,37.896766,-122.536095,Shoreline - Almonte - Mill Valley,breakfast
Mill Valley California 94941,37.907625,-122.548169,Strawberry Village,cold brew;24/7
Mill Valley California 949412929,37.89481,-122.530273,45 Camino Alto,breakfast
Millbrae California 94030,37.60276,-122.395444,Millbrae Square,24/7;cold brew
Millburn New Jersey 07041,40.724335,-74.302059,Millburn,cold brew;24/7;drive thru;breakfast
Millcreek Washington 98012,47.856078,-122.221136,Olsons - Mill Creek,breakfast
Miller Place New York 11764,40.920956,-72.98812,Miller Place,breakfast
Millington Tennessee 38053,35.31846,-89.934479,Hwy 51 - Millington,drive thru;24/7;breakfast;cold brew
Milltown New Jersey 08850,40.453086,-74.434487,ACME-Milltown #7916,24/7
Milltown New Jersey 08850,40.453086,-74.434487,Joyce Kilmer Travel Plaza,cold brew;drive thru;24/7
Milpitas California 95035,37.41428,-121.900467,Great Mall of the Bay Area-Milpitas,cold brew;breakfast
Milpitas California 95035,37.422035,-121.921289,Cypress - Bellew,cold brew;breakfast;drive thru;24/7
Milpitas California 95035,37.422346,-121.931509,Jacklin - Escuela - Milpitas,cold brew;24/7;breakfast
Milpitas California 95035,37.432539,-121.898065,Calaveras - Park Victoria - Milpita,24/7
Milpitas California 95035,37.432539,-121.898065,McCarthy Ranch,breakfast;drive thru;cold brew
Milpitas California 95035,37.432539,-121.898065,Milpitas II,breakfast;cold brew
Milpitas California 95035,37.446831,-121.917582,California - Dixon Landing,24/7;cold brew;drive thru
Milton Massachusetts 02186,42.253485,-71.079157,East Milton Square(552 Adams St),24/7;drive thru
Milton Ontario L9T 3H5,43.511035,-79.883889,Milton CTC - D T,24/7
Milton Washington 98354,47.249639,-122.312668,Albertsons-Milton #472,cold brew
Milwaukee Wisconsin 53202,43.04181,-87.906844,Third Ward,24/7;cold brew
Milwaukee Wisconsin 53202,43.04632,-87.899734,East Pointe Commons,24/7;cold brew;breakfast;drive thru
Milwaukee Wisconsin 53202,43.04632,-87.899734,Red Arrow - Water - State,drive thru;24/7;cold brew
Milwaukee Wisconsin 53202,43.058457,-87.887012,Brady - Farwell,cold brew
Milwaukee Wisconsin 53203,43.03949,-87.916044,Hilton Milwaukee,breakfast;drive thru;cold brew;24/7
Milwaukee Wisconsin 53207,42.981015,-87.901129,MKE GMIA Concourse D  Rotunda,24/7;drive thru
Milwaukee Wisconsin 53207,42.981015,-87.901129,MKE GMIA Main Term  Food Ct,drive thru;24/7;cold brew;breakfast
Milwaukee Wisconsin 53207,42.981015,-87.901129,MKE GMIA Main Terminal,24/7;cold brew
Milwaukee Wisconsin 53207,42.98817,-87.883669,Oklahoma - KK,cold brew
Milwaukee Wisconsin 53212,43.07106,-87.909474,Webster - Downer,breakfast
Milwaukee Wisconsin 53214,43.01516,-87.967482,West Milwaukee-Miller Park Way,cold brew;breakfast
Milwaukee Wisconsin 53215,42.988544,-87.947762,27th - Oklahoma,breakfast;cold brew
Milwaukee Wisconsin 53216,43.087595,-87.983209,Midtown Center-56th - Capitol (UCO),drive thru;24/7
Milwaukee Wisconsin 53233,43.04181,-87.906844,Marquette,breakfast
Milwaukie Oregon 97015,45.41803,-122.539659,Safeway-Milwaukie #2696,cold brew;24/7;breakfast
Milwaukie Oregon 97222,45.44515,-122.641524,Milwaukie Marketplace,breakfast;cold brew;drive thru
Milwaukie Oregon 97222,45.46183,-122.6159,Oak Grove,cold brew;drive thru
Mineola New York 11051,40.832384,-73.70086,Mineola-Old Country Rd.,cold brew
Minneapolis Minnesota 55402,44.975245,-93.269924,One Financial Plaza,breakfast;24/7
Minneapolis Minnesota 55402,44.975922,-93.272186,9th - Nicollet,24/7;breakfast;drive thru;cold brew
Minneapolis Minnesota 55402,44.976034,-93.270196,City Center,drive thru;24/7;breakfast;cold brew
Minneapolis Minnesota 55402,44.976034,-93.270196,IDS Center,breakfast
Minneapolis Minnesota 55402,44.976034,-93.270196,Marshall Fields Minneapolis Lr Lvl,24/7;breakfast;cold brew;drive thru
Minneapolis Minnesota 55402,44.979035,-93.264929,City Center Doppio,breakfast;drive thru;24/7
Minneapolis Minnesota 55403,44.970153,-93.284991,Block E,breakfast;cold brew
Minneapolis Minnesota 55403,44.970153,-93.284991,Double Tree Hotel Minneapolis,breakfast;24/7
Minneapolis Minnesota 55403,44.970153,-93.284991,Target Minneapolis T-1375,cold brew;breakfast;24/7
Minneapolis Minnesota 55404,44.96268,-93.270064,Nicollet - Franklin,breakfast;drive thru
Minneapolis Minnesota 55405,44.960835,-93.313881,22nd - Hennepin,24/7;drive thru
Minneapolis Minnesota 55408,44.94028,-93.302654,Calhoun Square,drive thru;breakfast;cold brew;24/7
Minneapolis Minnesota 55413,44.99775,-93.248618,Rainbow Foods - Quarry #8868,drive thru
Minneapolis Minnesota 55414,44.979035,-93.264929,U of MN - Coffman Union Bldg,breakfast;drive thru;24/7;cold brew
Minneapolis Minnesota 55414,44.979259,-93.233126,University of Minnesota,cold brew;24/7;breakfast;drive thru
Minneapolis Minnesota 55419,44.908138,-93.288261,54th - Lyndale,drive thru
Minneapolis Minnesota 55428,44.92612,-93.377574,Target Crystal T-3,cold brew;drive thru
Minneapolis Minnesota 55454,44.97001,-93.246789,25th - Riverside,drive thru;breakfast;24/7
Minnetonka Minnesota 55345,44.915552,-93.485835,Super Target Minnetonka ST-1356,cold brew
Minnetonka Minnesota 55345,44.91648,-93.495529,Minnetonka-Hwy 7 - CO Rd 101,24/7;drive thru;breakfast;cold brew
Minot North Dakota 58701,48.167805,-101.307669,Minot-Broadway - Burdick,24/7
Mira Loma California 91752,33.990151,-117.538233,Target Mira Loma T-1961,cold brew;drive thru
Mira Mesa California 92126,32.893606,-117.132855,Mira Mesa,breakfast;drive thru;24/7;cold brew
Miramar Florida 33027,25.98228,-80.340039,Dykes Rd - Miramar Pkwy,breakfast;24/7;drive thru
Miramar Florida 33029,26.002827,-80.398208,Super Target Miramar ST-1512,drive thru
Mishawaka Indiana 46503,41.66017,-86.172579,Super Target Mishawaka ST-1445,24/7;breakfast;drive thru;cold brew
Mishawaka Indiana 46544,41.666355,-86.163574,Martins-Mishawaka #12,drive thru;cold brew;breakfast
Mishawaka Indiana 46545,41.70929,-86.196894,Douglas - Main,cold brew;drive thru;breakfast
Mission Hills California 91341,34.283897,-118.438665,Devonshire - The 405 Fwy  Mission H,breakfast;drive thru;cold brew
Mission Viejo California 92691,33.61941,-117.677638,Albertsons - Mission Viejo #6549,breakfast;drive thru
Mission Viejo California 92691,33.61941,-117.677638,Albertsons-Mission Viejo #6517,drive thru;24/7
Mission Viejo California 92691,33.61941,-117.677638,Mission Viejo,24/7;breakfast;cold brew;drive thru
Mission Viejo California 92691,33.61941,-117.677638,Mission Viejo II,breakfast;cold brew
Mission Viejo California 92692,33.61941,-117.677638,Pavillions-Mission Viejo #2210,drive thru;cold brew;breakfast
Mission Viejo California 926923701,33.557186,-117.663979,Marguerite - College Drive  Mission,drive thru;cold brew;24/7
Mississauga Ontario L4V 1Y9,43.696273,-79.617586,YYZ Toronto Term 1  Mktplace EF2-5,cold brew;24/7;breakfast;drive thru
Mississauga Ontario L4V 1Y9,43.696273,-79.617586,YYZ Toronto Term 1  Yorkvlle ED3-1A,drive thru;breakfast
Mississauga Ontario L4V 1Y9,43.699195,-79.608705,YYZ Toronto Term 3  Beaches,breakfast;cold brew;24/7;drive thru
Mississauga Ontario L5B 1M8,43.570746,-79.603121,2100 Hurontario Street,breakfast
Mississauga Ontario L5B 2C9,43.588285,-79.643724,Square One Shopping Ctr,cold brew;drive thru
Mississauga Ontario L5B 4C1,43.588285,-79.643724,Square One Chapters,24/7;cold brew
Mississauga Ontario L5J 2Y4,43.515225,-79.625359,Southdown - Lakeshore,breakfast;drive thru
Mississauga Ontario L5K 1P9,43.539948,-79.662572,1900 Dundas St. W.,breakfast;24/7;cold brew
Mississauga Ontario L5L 5X8,43.539637,-79.688841,403-Dundas Chptrs(aka ErinMls),cold brew;breakfast;drive thru;24/7
Mississauga Ontario L5M 1L5,43.58374,-79.716554,Queen - Thomas - Streetsville,24/7;drive thru;breakfast
Mississauga Ontario L5N 8P7,43.58458,-79.761174,Winston Churchill - Argentia,24/7
Mississauga Ontario L6J 4Z3,43.511395,-79.693959,Dundas  Ridgeway,cold brew
Missoula Montana 59801,46.855853,-114.014219,2510 Reserve Street- Missoula,drive thru;24/7;cold brew;breakfast
Missoula Montana 59801,46.85605,-114.014219,Albertsons-Missoula #2010,cold brew;breakfast
Missoula Montana 59801,46.85605,-114.014219,Safeway-Missoula #1573,breakfast
Missoula Montana 59808,46.878675,-113.885484,Missoula-1-90 and Reserve,drive thru;breakfast;cold brew;24/7
Missouri City Texas 77459,29.5478,-95.542229,Super Target Missouri City ST-1359,24/7;cold brew
MIssouri City Texas 77459,29.57384,-95.573029,Murphy Rd - Hwy 6,cold brew;breakfast;drive thru
Mobile Alabama 36608,30.690071,-88.195259,Airport Blvd - Downtowner,cold brew
Mobile Alabama 36608,30.690071,-88.195259,Airport Blvd - Schillinger,24/7;cold brew;drive thru
Mobile Alabama 36644,30.686394,-88.053241,Mobile Government,breakfast;24/7;cold brew;drive thru
Mobile Alabama 36695,30.64922,-88.233014,Super Target Mobile ST-1376,24/7;breakfast
Modesto California 95350,37.6383,-120.999589,McHenry - Briggsmore - Modesto,cold brew;drive thru;24/7
Modesto California 95350,37.6718,-121.006169,Briggsmore - Prescott - Modesto,cold brew
Modesto California 95350,37.6718,-121.006169,O'Briens Market - Roseburg,breakfast;drive thru
Modesto California 95354,37.64247,-120.973199,Downey - I Street - Modesto,cold brew;24/7;breakfast;drive thru
Modesto California 953540824,37.64069,-121.000717,1021 10th Street - Modesto,24/7;drive thru;breakfast
Modesto California 95355,37.672885,-120.948579,Coffee - Floyd - Modesto,24/7;breakfast
Modesto California 95355,37.691835,-120.921569,Century Center,drive thru;cold brew
Modesto California 95356,37.685969,-121.052124,Vintage Faire Mall - Modesto,drive thru;24/7;breakfast
Modesto California 95356,37.698531,-121.069988,Highway 99 - Pelandale - Modesto,breakfast
Modesto California 95356,37.6998,-121.021569,O'Briens Market - Modesto,cold brew;breakfast
Modesto California 95356,37.74328,-121.014399,Modesto Promenade,24/7;drive thru
Modesto California 953560532,37.649632,-120.99263,Target Modesto NW T-938,24/7;drive thru;cold brew
Moline Illinois 61265,41.466853,-90.517443,Moline-John Deere - 41st,drive thru;breakfast;24/7;cold brew
Monaca Pennsylvania 15061,40.640317,-80.365289,Monaca,24/7
Monaca Pennsylvania 15061,40.673565,-80.291645,Target Monaca T-2100,breakfast
Monona Wisconsin 53716,43.06508,-89.315709,Madison - Monona Broadway,drive thru;cold brew
Monroe New York 10926,41.305789,-74.147652,Target Monroe T-2024,24/7;drive thru;cold brew;breakfast
Monroe North Carolina 28110,35.029361,-80.561916,Target Monroe  T-2074,breakfast;cold brew
Monroe Township New Jersey 08094,39.683845,-74.982404,Monroe,breakfast;drive thru
Monroe Washington 98272,47.852405,-121.981509,Monroe Plaza,cold brew;24/7;breakfast
Monroe Washington 98272,47.864735,-121.988409,Rt. 2 - 522 Monroe,drive thru;breakfast
Monroeville Pennsylvania 15146,40.408455,-79.802032,Giant Eagle Mkt-Monroeville #60,cold brew;drive thru;24/7
Monrovia California 91016,34.131285,-117.992859,Monrovia,breakfast;drive thru
Monrovia California 91016,34.14427,-118.000929,Vons-Monrovia #2200,drive thru;cold brew
Monrovia California 91016,34.147555,-117.998779,Foothill - Myrtle - Monrovia,breakfast;cold brew
Montclair California 91763,34.074005,-117.692539,Montclair Promenade,drive thru;24/7;breakfast;cold brew
Montclair New Jersey 07042,40.823345,-74.226594,Bloomfield,cold brew;breakfast;24/7;drive thru
Montebello California 90640,34.018288,-118.115562,Beverly and Montebello  Montebello,cold brew;24/7
Montebello California 90640,34.03597,-118.087452,Montebello Town Center Mall,24/7
Monterey California 93940,36.591,-121.902714,Safeway - Monterey #953,breakfast;cold brew
Monterey California 93940,36.598458,-121.894635,461 Alvarado - Monterey,breakfast;24/7;drive thru
Monterey California 93940,36.60567,-121.859239,Del Monte,drive thru;24/7;breakfast
Monterey California 939401037,36.597591,-121.896759,Cannery Row - Monterey,cold brew;24/7;breakfast
Monterey Park California 91754,34.059792,-118.126514,Atlantic Square,cold brew
Monterey Park California 917541580,34.059769,-118.126511,Atlantic - Garvey Blvd,drive thru
Montgomery Alabama 36106,32.35012,-86.295369,Zelda Rd  Carter Hill Rd,cold brew;drive thru
Montgomery Alabama 36107,32.38012,-86.300629,Eastern Blvd - Montgomery,drive thru;24/7;cold brew
Montgomery Alabama 36117,32.36797,-86.129094,I-85 - Taylor Rd,drive thru;cold brew;breakfast;24/7
Montgomeryville Pennsylvania 18936,40.235331,-75.240116,Montgomeryville,cold brew
Montreal Quebec H2J 1Y2,45.52984,-73.582459,CVI - Mont Royal   Le Plateau,cold brew;breakfast
Montreal Quebec H2L 2H4,45.512331,-73.554363,CVI-Ste Catherine East,24/7;drive thru;cold brew
Montreal Quebec H2V 4G3,45.51406,-73.611104,CVI - Parc - Laurier,drive thru;cold brew
Montreal Quebec H2X 3K4,45.516295,-73.566054,CVI - St. Denis,breakfast;drive thru;24/7
Montreal Quebec H3A 1L8,45.504252,-73.575487,CVI-Cours Mont Royal,breakfast
Montreal Quebec H3A 3J5,45.504252,-73.575487,Montreal Trust,24/7;breakfast;cold brew;drive thru
Montreal Quebec H3B 1K4,45.501,-73.568339,Chapters-St. Catherine,drive thru;24/7;breakfast
Montreal Quebec H3G 1P8,45.495485,-73.577394,CVI-Ste-Catherine Crescent,24/7;breakfast;drive thru
Montreal Quebec H3H 1L7,45.49627,-73.587027,CVI - Le Faubourg,breakfast;cold brew;drive thru;24/7
Montreal Quebec H3T 1Y3,45.501048,-73.620221,St. Mary's Hospital  Lobby,drive thru;breakfast;24/7
Montreal Quebec H3Z 1H2,45.48496,-73.596559,CVI-Westmount,24/7
Montreal Quebec H3Z 3B8,45.489795,-73.586194,CVI - Plaza Alexis Nihon,24/7;cold brew;drive thru
Montreal Quebec H4A 1C7,45.472212,-73.615067,CVI - Monkland,24/7;breakfast;drive thru;cold brew
Montreal Quebec H5A 1G1,45.499642,-73.566124,CVI - Bonaventure,drive thru;24/7;cold brew;breakfast
Montreal Quebec H9R 1Z9,45.448025,-73.817314,CVI - Sources,cold brew;24/7;breakfast;drive thru
Montreal Quebec H9S 5S5,45.438915,-73.730179,Complexe Pointe Claire,24/7;breakfast;cold brew
Montreal Quebec J4V 2H9,45.491991,-73.486692,CVI-Taschereau,breakfast;cold brew;24/7
Montrose Colorado 81401,38.4493,-107.866299,Montrose-Hwy 550 - Venture Way,drive thru
Monument Colorado 80132,39.106745,-104.864659,Monument  I-25,24/7
Monument Colorado 801328437,39.091511,-104.871567,Safeway-Monument #1440,drive thru;breakfast;24/7
Moon Township Pennsylvania 15108,40.517225,-80.163589,Moon Township,cold brew;breakfast
Moorestown New Jersey 08057,39.96687,-74.943034,Moorestown-Wright's Hardware,drive thru;24/7;breakfast;cold brew
Mooresville North Carolina 28117,35.5728,-80.892259,Super Target Mooresville ST-1505,cold brew;drive thru
Mooresville North Carolina 28117,35.582525,-80.814689,Mooresville,24/7;drive thru;cold brew;breakfast
Moorpark California 93021,34.281765,-118.882119,Moorpark,24/7;breakfast;drive thru
Moorpark California 93021,34.281765,-118.882119,Vons - Moorpark #1735,24/7;drive thru;breakfast
Moraga California 94556,37.841381,-122.127144,Safeway - Moraga #969,24/7;drive thru;cold brew;breakfast
Moraga California 945564575,37.860569,-122.125832,Moraga - Rheem - Moraga,drive thru;cold brew
Moreno Valley California 92553,33.941175,-117.244204,Day - The 60 Fwy  Moreno Valley,cold brew;drive thru;24/7;breakfast
Moreno Valley California 925535265,33.940769,-117.259499,Frederick - Hwy 60  Moreno Valley,24/7;drive thru;cold brew;breakfast
Moreno Valley California 925554411,33.940769,-117.259499,Moreno Beach - Hwy 60  Moreno Valle,breakfast
Moreno Valley California 925577422,33.91658,-117.261147,Hemlock - Perris  Moreno Valley,cold brew
Morgan Hill California 95037,37.13163,-121.649019,Cochrane - Monterey - Morgan Hill,breakfast;24/7;drive thru
Morgan Hill California 95037,37.13163,-121.649019,Dunne - Walnut Grove - Morgan Hill,breakfast
Morgan Hill California 95037,37.13163,-121.649019,Safeway-Morgan Hill #1455,drive thru;24/7;cold brew
Morgan Hill California 95037,37.13163,-121.649019,Safeway-Morgan Hill #1891,breakfast;cold brew
Morgan Hill California 95037,37.18284,-121.704524,Morgan Hill - Vineyard Blvd. Monter,drive thru;cold brew
Morgantown West Virginia 26505,39.658988,-79.988613,Morgantown,cold brew
Morgantown West Virginia 26534,39.64466,-79.988009,Target Morgantown T-1949,cold brew
Morris Plains New Jersey 07950,40.816145,-74.489694,ACME-Morris Plains #7924,drive thru;breakfast;24/7
Morristown New Jersey 07960,40.8079,-74.463364,Morristown,cold brew;24/7;breakfast
Morrisville North Carolina 27560,35.818516,-78.837174,Harris Teeter-Morrisville #104,24/7
Morrisville North Carolina 27560,35.822686,-78.847233,Davis Commons,breakfast;cold brew
Morrow Bay California 93442,35.378687,-120.851348,Albertson-Morrow Bay #6345,24/7;cold brew
Morton Grove Illinois 60053,42.038165,-87.780464,Prairie View Plaza,breakfast;drive thru;cold brew;24/7
Moscow Idaho 83843,46.732571,-117.027786,Palouse Mall,cold brew
Moses Lake Washington 98837,47.201596,-119.369911,Moses Lake,breakfast;drive thru
Moses Lake Washington 98837,47.201596,-119.369911,Penn Plaza- Moses Lake,drive thru;cold brew;24/7;breakfast
Moses Lake Washington 98837,47.201596,-119.369911,Safeway-Moses Lake #3252,breakfast;cold brew
Mount Airy Maryland 21771,39.41346,-77.145839,Safeway-Mt. Airy #1815,drive thru;breakfast;cold brew;24/7
Mount Dora Florida 32757,28.80099,-81.643684,Target Dora T-2062,drive thru;cold brew;24/7
Mount Kisco New York 10549,41.238591,-73.747128,Mt. Kisco,cold brew
Mount Lake Terrace Washington 98043,47.79202,-122.305449,Albertsons-Mt Lake Terrace #414,24/7;breakfast;drive thru
Mount Laurel New Jersey 08054,39.96046,-74.929974,Mount Laurel Centerton Square,drive thru;breakfast
Mount Laurel New Jersey 08054,39.96046,-74.929974,Target Mount Laurel T-1917,cold brew;breakfast
Mount Nebo Pennsylvania 15237,40.54995,-80.035504,Target Mount Nebo T-2077,cold brew;drive thru;24/7
Mount Pleasant South Carolina 29464,32.79125,-79.879139,Coleman - Vincent,24/7;cold brew;breakfast
Mount Pleasant South Carolina 29464,32.80582,-79.859194,BI LO - Mt Pleasant #286,drive thru;breakfast;cold brew
Mount Pleasant South Carolina 29464,32.848585,-79.862179,Belle Hall,24/7
Mount Pleasant South Carolina 294643400,33.168175,-94.9785,Houston Northcutt,24/7
Mount Prospect Illinois 60056,42.068296,-87.921295,Mt. Prospect,24/7;cold brew;breakfast;drive thru
Mount Prospect Illinois 600561100,42.06538,-87.935402,Rand Rd. - Mt. Prospect,drive thru;cold brew;24/7
Mount Vernon New York 10550,40.9067,-73.835709,Target Mt Vernon T-1887,24/7;cold brew;breakfast
Mount Vernon Washington 98273,48.42098,-122.336969,Mt.Vernon Haggens,drive thru;24/7;cold brew
Mount Vernon Washington 98273,48.42453,-122.338269,Safeway-Mt Vernon #1472,24/7
Mount Vernon Washington 98273,48.481632,-122.243432,Skagit Valley,breakfast;cold brew;drive thru
Mountain Brook Alabama 25223,33.5021,-86.755494,Cahaba - Hollywood,breakfast;24/7
Mountain View California 94040,37.37987,-122.085239,Miramonte - Cuesta - Mtn. View,breakfast;24/7;drive thru;cold brew
Mountain View California 94040,37.387937,-122.089545,Mountain View,24/7;cold brew;breakfast;drive thru
Mountain View California 94040,37.387937,-122.089545,Safeway-Mountain View #1108,breakfast;24/7
Mountain View California 94041,37.388582,-122.076298,Castro  High School - Mtn. View,cold brew;breakfast;24/7
Mountain View California 94043,37.404588,-122.075593,Rengstorff - Middlefield - Mountain,drive thru;breakfast;24/7
Mt Holly New Jersey 08060,39.99855,-74.783839,ACME-Mt Holly #7982,24/7
Mt Kisco New York 10549,41.20455,-73.730019,Target Mt Kisco T-1954,drive thru;breakfast
Mt Pleasant South Carolina 29464,32.80582,-79.859194,Bilo-Mt Pleasant #101,drive thru;breakfast;24/7;cold brew
Mt Pleasant South Carolina 29464,32.80582,-79.859194,Bilo-Mt Pleasant #410,24/7;breakfast
Mt Pleasant South Carolina 29466,32.839835,-79.818919,US 17 - James Nelson,24/7;drive thru;breakfast;cold brew
Mt Vernon Ohio 43050,40.38482,-82.484464,Kroger-Mt Vernon #820,drive thru;breakfast;cold brew
Mukilteo Washington 98275,47.904952,-122.295778,Harbour Pointe Retail Town Center,24/7
Mukilteo Washington 98275,47.950095,-122.288229,QFC - Mukilteo #832,breakfast;drive thru;24/7
Muncie Indiana 47303,40.219105,-85.348979,McGalliard - Reserve,drive thru;cold brew;breakfast
Mundelein Illinois 60060,42.26344,-88.018809,Mundelein - Long Medows Commons,breakfast
Mundelein Illinois 60060,42.26344,-88.018809,Super Target Mundelein ST-1912,breakfast
Munster Indiana 46321,41.54792,-87.501159,Target Munster T-1913,drive thru;breakfast
Murfreesboro Tennessee 37129,35.845973,-86.423101,Hwy 96  Mall Circle Dr.,cold brew;breakfast;drive thru;24/7
Murphy Texas 75094,33.011513,-96.626959,FM 544 - Murphy Rd,cold brew;breakfast;drive thru
Murphy Texas 75094,33.021199,-96.613789,Albertsons-Plano #4101,cold brew;24/7
Murray Utah 84107,40.642815,-111.889122,5900 S - State Street,drive thru;24/7;cold brew;breakfast
Murrells Inlet South Carolina 29576,33.572709,-79.036961,Piggly Wiggly - Murrells Inlet #54,24/7;cold brew
Murrieta California 92562,33.559603,-117.199931,Los Alamos - Hancock  Murrieta,24/7;drive thru;breakfast
Murrieta California 925622267,33.571377,-117.236893,Washington - Calle Del Oso Oro  Mur,drive thru;cold brew;24/7
Murrieta California 925628907,33.556046,-117.204659,Madison - Los Alamos  Murri,cold brew;breakfast
Murrieta California 92591,33.523494,-117.161637,Winchester - Murrieta Hot Springs,breakfast;drive thru;24/7
Murrieta California 92591,33.530776,-117.13233,Vons-Murrieta #2660,24/7;drive thru;cold brew
Murrietta California 92562,33.534221,-117.171038,California Oaks Road - I-15  Murrie,cold brew
Muskgeon Michigan 49444,43.160141,-86.187918,Muskegon,breakfast;drive thru;24/7;cold brew
Myrtle Beach South Carolina 29572,33.792735,-78.758034,Long Bay Resort,drive thru;breakfast
Myrtle Beach South Carolina 29577,33.69357,-78.882675,CoastalGrand Mall,cold brew;24/7;breakfast
Myrtle Beach South Carolina 29577,33.697646,-78.896302,Target Myrtle Beach T-963,cold brew
Myrtle Beach South Carolina 29577,33.697646,-78.896302,The Breakers Resort Paradise Towers,breakfast;drive thru;cold brew
Mystic Connecticut 06378,41.33592,-71.906424,Mystic Outlet,cold brew;drive thru;24/7;breakfast
Napa California 94558,38.334447,-122.296926,Albertsons-Napa #7231,cold brew
Napa California 94558,38.334447,-122.296926,Safeway-Napa #2449,drive thru;24/7;breakfast
Napa California 94558,38.334447,-122.296926,Target Napa North T-1438,cold brew;drive thru;breakfast;24/7
Napa California 94558,38.339009,-122.261297,Silverado Plaza - Napa,drive thru;24/7;cold brew;breakfast
Napa California 94558,38.429503,-122.246675,Napa,24/7;breakfast;drive thru;cold brew
Napa California 94559,38.281905,-122.299524,Soscol  Hwy 121-Napa,drive thru;breakfast
Naperville Illinois 60540,41.763269,-88.144078,Dominick's - Naperville #3115,cold brew;drive thru
Naperville Illinois 60540,41.765225,-88.166754,Naperville,breakfast;cold brew;drive thru
Naperville Illinois 60540,41.765225,-88.166754,Naperville - West,cold brew;drive thru;24/7;breakfast
Naperville Illinois 605403914,41.770512,-88.153008,Super Target Naperville ST-840,24/7
Naperville Illinois 605404990,41.770512,-88.153008,River Square - Naperville,drive thru;cold brew;breakfast;24/7
Naperville Illinois 60563,41.79469,-88.167054,Dominick's - Naperville #1141,24/7;breakfast
Naperville Illinois 60563,41.796315,-88.126163,Iroquois Center,breakfast;24/7;drive thru
Naperville Illinois 60563,41.814551,-88.113887,Albertsons-Naperville #3185,cold brew;24/7
Naperville Illinois 60564,41.7053,-88.198399,Dominick's-Naperville #1693,drive thru;24/7;breakfast
Naperville Illinois 60564,41.742055,-88.205884,I-59 - Aurora D T,drive thru;cold brew
Naperville Illinois 60565,41.748766,-88.117309,75th Street - Naperville,24/7;breakfast;drive thru;cold brew
Naples Florida 34101,26.14182,-81.794589,US 41 - Golden Gate Pkwy.,cold brew;drive thru
Naples Florida 34102,26.14182,-81.794589,Central Ave - US 41,drive thru;cold brew;24/7
Naples Florida 34102,26.152531,-81.79787,796 Fifth Ave,cold brew
Naples Florida 34104,26.14878,-81.718639,Radio Rd - Santa Barbara Blvd,drive thru;24/7;breakfast
Naples Florida 34105,26.27245,-81.801589,Immokalee - 41,breakfast
Naples Florida 34108,26.24395,-81.805649,Albertsons-Naples #4417,24/7;cold brew
Naples Florida 34109,26.24048,-81.767829,Target Naples T-899,cold brew
Naples Florida 34110,26.277685,-81.778199,Audubon Plaza,drive thru;breakfast;24/7
Naples Florida 34119,26.2899,-81.742674,I-75 - Pine Ridge,drive thru
Nashua New Hampshire 03060,42.702049,-71.440727,Pheasant Lane Mall,24/7;breakfast;drive thru;cold brew
Nashua New Hampshire 03060,42.758365,-71.464209,Nashua  Webster Sq (NH),drive thru;cold brew
Nashua New Hampshire 03063,42.765968,-71.494573,Nashua Mall Power Center,drive thru;cold brew;breakfast;24/7
Nashville Tennessee 37203,36.14479,-86.815014,West End Ave - 30th Ave So,drive thru;breakfast;cold brew
Nashville Tennessee 37203,36.146472,-86.808989,2525 West End,24/7;breakfast;drive thru
Nashville Tennessee 37203,36.156811,-86.805548,402 21st Avenue,24/7;cold brew;breakfast
Nashville Tennessee 37205,36.121017,-86.85304,White Bridge  Harding,breakfast;cold brew
Nashville Tennessee 37205,36.129956,-86.843769,St. Thomas Hospital Lobby,24/7;breakfast
Nashville Tennessee 37211,36.12253,-86.718775,Old Hickory  Edmundson,drive thru
Nashville Tennessee 37214,36.156098,-86.658012,Opry Mills Mall,24/7;cold brew;breakfast;drive thru
Nashville Tennessee 37215,36.095309,-86.826998,Kroger - Nashville #895,drive thru;24/7
Nashville Tennessee 37215,36.1035,-86.802664,Green Hills,breakfast;drive thru
Nashville Tennessee 37215,36.1035,-86.802664,The Mall at Green Hills,cold brew
Nashville Tennessee 37215,36.108148,-86.816375,The Mall  Green Hills,24/7
Nashville Tennessee 37219,36.167549,-86.783928,5th - Church,cold brew;breakfast;drive thru;24/7
Nashville Tennessee 37219,36.168068,-86.783969,DoubleTree Nashville Downtown,drive thru;cold brew
Nashville Tennessee 37221,36.093465,-87.023304,Bellevue-Hwy 70,breakfast;cold brew;drive thru;24/7
Nassau Bay Texas 77058,29.548415,-95.098339,Nasa Road 1 - Nassau Bay,drive thru
Natick Massachusetts 01760,42.284115,-71.345489,Natick Reloc,24/7
National City California 91950,32.651361,-117.068022,Sweetwater - The 805 Fwy  National,drive thru;24/7;breakfast;cold brew
National City California 91950,32.65354,-117.098244,Plaza - Grove  National City (UCO),24/7
National City California 91950,32.65354,-117.098244,Plaza Bonita  National City,breakfast;cold brew
Needham Massachusetts 02194,42.28107,-71.236054,Needham,cold brew;24/7;breakfast
Nepean Ontario K2G 5W5,45.334021,-75.72633,529 West Hunt Club Road,cold brew;24/7
Nepean Ontario K2H 8X3,45.328595,-75.820149,Stafford Centre,breakfast
New Albany Indiana 47150,38.307305,-85.841279,Kroger - New Albany #396,drive thru;cold brew;24/7
New Albany Ohio 43054,40.0939,-82.822864,Kroger-New Albany #881,breakfast;drive thru;cold brew;24/7
New Albany Ohio 430549791,40.079651,-82.809196,Library Square-New Albany,24/7
New Berlin Wisconsin 53151,42.975375,-88.118559,New Berlin-Moorland - National,cold brew
New Braunfels Texas 78130,29.681745,-98.14287,I-35 - Walnut Ave,drive thru
New Brunswick New Jersey 08901,40.49243,-74.444769,New Brunswick,24/7;breakfast;drive thru
New Canaan Connecticut 06840,41.151563,-73.483958,New Canaan,cold brew
New Fairfield Connecticut 06812,41.472787,-73.494253,New Fairfield,drive thru;24/7;cold brew;breakfast
New Haven Connecticut 06510,41.307115,-72.924959,New Haven   Chapel Street,drive thru
New Hope Pennsylvania 18938,40.382452,-75.010977,New Hope,drive thru;24/7;cold brew;breakfast
New Hudson Michigan 48165,42.513944,-83.626639,Lyon Towne Center,24/7;breakfast
New Hyde Park New York 11040,40.738685,-73.681884,New Hyde Park,drive thru;24/7;breakfast
New Hyde Park New York 110404614,40.733521,-73.680641,New Hyde Park Village,cold brew
New Kensington Pennsylvania 15068,40.564588,-79.770741,Giant Eagle Mkt-New Kensington #8,cold brew;24/7;breakfast;drive thru
New Lennox Illinois 60451,41.51211,-87.968869,Target New Lenox T-2028,breakfast
New Lenox Illinois 60451,41.506125,-87.905179,New Lenox-Rte. 30 - Joliet Hwy,24/7
New London Connecticut 06320,41.356385,-72.096449,Pfizer-New London Campus,cold brew;breakfast
New Milford Connecticut 06776,41.580852,-73.403916,New Milford,24/7;drive thru;breakfast;cold brew
New Orleans Louisiana 70103,29.95369,-90.077714,New Orleans Convention Ctr,cold brew;24/7;drive thru
New Orleans Louisiana 70118,29.941834,-90.129592,7700 Maple Street,cold brew
New Orleans Louisiana 70130,29.936507,-90.06168,Harrahs Casino New Orleans,24/7;cold brew;breakfast
New Orleans Louisiana 70130,29.937759,-90.071463,Magazine - Nashville,24/7
New Orleans Louisiana 70130,29.937759,-90.071463,Sheraton Lobby,drive thru
New Orleans Louisiana 701301112,29.956738,-90.074509,Canal Place,24/7;cold brew;breakfast;drive thru
New Orleans Louisiana 77379,30.03001,-95.538739,Magazine - Washington,drive thru;cold brew;24/7;breakfast
New Paltz New York 12561,41.698733,-74.191026,New Paltz,breakfast;cold brew;drive thru
New Port Richey Florida 34655,28.205945,-82.664929,Target Seven Springs T-1967,cold brew;breakfast;drive thru;24/7
New Port Richey Florida 34655,28.21017,-82.679739,Little Rd - SR 54,24/7
New Rochelle New York 10804,40.94029,-73.800469,Wykagyl,24/7;breakfast
New Stanton Pennsylvania 15672,40.232195,-79.615137,PA New Stanton Travel Plaza,drive thru;breakfast
New York New York 10001,40.719647,-74.00536,27th - Sixth,24/7
New York New York 10001,40.739928,-74.00631,15th - Ninth,24/7
New York New York 10001,40.7419,-74.008624,33rd - Tenth,drive thru;cold brew;24/7
New York New York 10001,40.74777,-73.985049,33rd Street and 5th Avenue (Old Ban,drive thru;24/7
New York New York 10001,40.750325,-73.996853,Herald Square- Macy's,24/7;breakfast
New York New York 10001,40.750325,-73.996853,Javitz Convention Ctr Taxi North,breakfast;drive thru;cold brew
New York New York 10002,40.714512,-73.992951,Allen - Delancey,cold brew
New York New York 10003,40.72443,-73.989159,2nd Ave. - 9th Street,24/7;cold brew
New York New York 10003,40.7298,-73.991099,Astor Place,cold brew;24/7
New York New York 10003,40.731392,-73.988403,17th - First (Stuyvesant Town),cold brew;24/7;breakfast;drive thru
New York New York 10003,40.73236,-73.989089,NY Plaza,breakfast;drive thru;24/7;cold brew
New York New York 10003,40.734793,-73.989993,Union Square,breakfast;cold brew
New York New York 10003,40.735,-73.989094,15th - Third,cold brew;breakfast;24/7;drive thru
New York New York 100035901,40.731346,-73.995201,8th - University,cold brew;breakfast
New York New York 10004,40.70359,-74.013754,Battery Park Plaza,drive thru;24/7;cold brew;breakfast
New York New York 10004,40.705282,-74.011318,55 Broad Street,breakfast;24/7;drive thru;cold brew
New York New York 10005,40.704705,-74.009194,Pearl - Maiden,drive thru;breakfast;cold brew;24/7
New York New York 10005,40.705096,-74.007034,100 Wall St (New World),drive thru
New York New York 10005,40.706502,-74.009969,45 Wall Street,drive thru;24/7;breakfast;cold brew
New York New York 10005,40.70896,-74.010114,Liberty - Nassau,cold brew;drive thru;breakfast
New York New York 10006,41.772266,-74.651878,165 Broadway - 1 Liberty,breakfast;24/7;drive thru;cold brew
New York New York 100061604,40.714531,-74.007133,Broadway - Thames,drive thru;24/7;cold brew
New York New York 10007,40.710399,-74.009515,195 Broadway,breakfast
New York New York 10007,40.713037,-74.009638,100 Church Street,breakfast;cold brew;drive thru;24/7
New York New York 10007,40.71552,-74.009229,Chambers and West Broadway,24/7
New York New York 100071814,40.715088,-74.006714,Broadway - Reade,breakfast;cold brew
New York New York 10010,40.737695,-73.982509,22nd St. - Sixth Ave.,breakfast;24/7;cold brew
New York New York 10010,40.73836,-73.982024,23rd - 3rd,drive thru;cold brew;breakfast
New York New York 10010,40.73836,-73.982024,23rd - Park,breakfast;drive thru;24/7
New York New York 100102710,40.741375,-73.987427,24th - 6th,cold brew
New York New York 10011,40.735205,-73.998409,6th - Waverly (Waverly Place),breakfast;24/7;drive thru
New York New York 10011,40.737955,-73.998264,14th - Sixth,drive thru;breakfast
New York New York 10011,40.7453,-73.998489,West 23rd and 8th,cold brew;drive thru;24/7
New York New York 100111602,40.7379,-74.004646,19th - 8th,breakfast;cold brew;24/7;drive thru
New York New York 100115108,40.73727,-74.004921,8th - 16th,24/7;cold brew
New York New York 10012,40.72239,-73.997678,72 Spring,24/7;breakfast
New York New York 10012,40.7272,-73.995259,Broadway and Bond,cold brew;breakfast;drive thru;24/7
New York New York 10012,40.729431,-73.997322,New York University,24/7
New York New York 10013,40.715495,-74.005199,Broadway - Grand,drive thru;24/7
New York New York 10013,40.71601,-74.002699,Lafayette - Worth,cold brew;breakfast;24/7
New York New York 10013,40.71642,-73.996629,Canal and Centre,cold brew;breakfast;drive thru;24/7
New York New York 100131278,42.805889,-76.845284,Spring and Varick,24/7;cold brew;drive thru;breakfast
New York New York 10014,40.7331,-74.002354,Sheridan Square (72 Grove Street),cold brew;breakfast;24/7
New York New York 10014,40.734385,-73.999791,Greenwich Avenue,24/7;drive thru;cold brew;breakfast
New York New York 10016,40.744965,-73.986044,29th - Park-Park Ave. South,cold brew
New York New York 10016,40.745018,-73.986851,261 5th Avenue,cold brew;24/7;breakfast;drive thru
New York New York 10016,40.74905,-73.982019,36th and Madison,cold brew;breakfast;24/7;drive thru
New York New York 10016,40.750585,-73.979909,39th - Park,drive thru;cold brew;breakfast;24/7
New York New York 10016,40.756356,-73.976884,400 Madison Avenue (New World),breakfast;cold brew
New York New York 100168103,40.744678,-73.986931,3rd - 28th,cold brew;24/7;breakfast;drive thru
New York New York 10017,40.745565,-73.977739,East 34th and Park,drive thru;cold brew;24/7
New York New York 10017,40.74992,-73.974504,41st - 3rd,24/7;cold brew;breakfast;drive thru
New York New York 10017,40.751154,-73.97573,150 E. 42nd Street,cold brew
New York New York 10017,40.751484,-73.990313,450 7th Avenue,24/7;drive thru
New York New York 10017,40.751935,-73.975129,43rd St - Third Ave,breakfast;cold brew;drive thru
New York New York 10017,40.752295,-73.978079,42nd - Park,breakfast;drive thru;cold brew
New York New York 10017,40.752377,-73.973272,54th - Lexington,24/7;drive thru;breakfast
New York New York 10017,40.753175,-73.97499,450 Lexington Ave.,cold brew
New York New York 10017,40.753681,-73.978433,335 Madison Ave.,breakfast;cold brew;24/7;drive thru
New York New York 10017,40.755268,-73.97946,545 Fifth Ave.,breakfast;cold brew;24/7;drive thru
New York New York 10017,40.756285,-73.975744,48th - 3rd,cold brew;drive thru;breakfast;24/7
New York New York 10017,40.756285,-73.975744,48th - Lexington,drive thru;breakfast
New York New York 10017,40.756285,-73.975744,48th - Park,cold brew;24/7;breakfast
New York New York 10017,42.90004,-75.509109,41st - Madison,breakfast;drive thru;cold brew
New York New York 100175623,40.752682,-73.977524,Grand Central Station,24/7
New York New York 100176502,40.740334,-73.984329,40th - Lexington (360 Lex),cold brew
New York New York 10018,40.752249,-73.987375,1372 Broadway,breakfast;cold brew;24/7
New York New York 10018,40.75346,-73.994404,35th - 7th,24/7
New York New York 10018,40.753668,-73.988476,525 Seventh Avenue (New World),breakfast
New York New York 10018,40.75533,-73.991179,39th and 8th,drive thru;breakfast;cold brew;24/7
New York New York 10018,40.757173,-73.991698,41st and Broadway,breakfast;cold brew;drive thru;24/7
New York New York 10019,40.706532,-74.012496,54th - Broadway,24/7;drive thru
New York New York 10019,40.73827,-74.000095,52nd - Seventh,cold brew;drive thru;breakfast
New York New York 10019,40.738529,-74.003471,58th - 8th,drive thru
New York New York 10019,40.75657,-73.986139,West 43rd and Broadway,drive thru;cold brew;breakfast;24/7
New York New York 10019,40.759925,-73.982494,49th - 8th-World Wide Plaza,cold brew;drive thru;24/7
New York New York 10019,40.762203,-73.983346,1656 Broadway,drive thru;breakfast
New York New York 10019,40.762345,-73.976524,West 55th - 7th,drive thru
New York New York 10019,40.76354,-73.985189,52nd Street and 8th Ave,cold brew;breakfast
New York New York 10019,40.763847,-73.978522,120 W. 56th,breakfast
New York New York 10019,40.76668,-73.984869,W. 56th - 6th,24/7;breakfast
New York New York 10019,40.770185,-73.991104,57th - Seventh,drive thru;cold brew
New York New York 10019,40.770185,-73.991104,57th btwn 8th - 9th,cold brew;24/7;breakfast
New York New York 100197416,40.714531,-74.007133,Worldwide Plaza II,cold brew;breakfast;24/7
New York New York 10020,40.75899,-73.978569,Rockefeller Center Subway,24/7;cold brew
New York New York 10021,40.593955,-73.795254,Third  66th,breakfast;cold brew
New York New York 10021,40.72094,-74.005653,80th - York,drive thru;24/7;breakfast;cold brew
New York New York 10021,40.765114,-73.973003,60th - First,breakfast;24/7
New York New York 10021,40.766805,-73.956724,1st Avenue - 75th St.,drive thru
New York New York 10021,40.773767,-73.965704,3rd - 74th,drive thru;cold brew
New York New York 100210401,42.239601,-74.361412,Lexington - 78th,cold brew;24/7;drive thru;breakfast
New York New York 100212904,40.774872,-73.965073,76th - Second,breakfast;cold brew;24/7;drive thru
New York New York 10022,40.740578,-73.984154,50th - Lexington,drive thru;breakfast;24/7
New York New York 10022,40.740592,-73.983766,57th - Lexington,cold brew;breakfast
New York New York 10022,40.756065,-73.964559,1st Avenue  54th Street,breakfast
New York New York 10022,40.756315,-73.97061,830 Third Ave (New World),drive thru;cold brew;breakfast;24/7
New York New York 10022,40.758369,-73.967033,50th - Second,cold brew
New York New York 10022,40.75885,-73.974064,52nd - Lexington,breakfast
New York New York 10022,40.759263,-73.968256,SONY,cold brew;breakfast;24/7;drive thru
New York New York 10022,40.759263,-73.968256,Trump Tower,breakfast;cold brew
New York New York 10022,40.76004,-73.972029,Park Avenue Plaza,cold brew;drive thru;24/7
New York New York 10022,40.761151,-73.96929,135 E 57 Street (New World),24/7;cold brew
New York New York 100226897,40.728367,-74.055161,Waldorf-Astoria,24/7;cold brew;drive thru
New York New York 10023,40.769297,-73.984788,2 Columbus Ave.,cold brew;breakfast
New York New York 10023,40.770916,-73.983727,76th - Columbus,breakfast
New York New York 10023,40.771635,-73.988574,60th - Broadway-II,drive thru;cold brew
New York New York 10023,40.775585,-73.978294,70th - Broadway,cold brew;24/7;drive thru
New York New York 10023,40.7775,-73.976874,73rd - Columbus,breakfast;cold brew
New York New York 10023,40.781068,-73.981071,2138 Broadway,cold brew;24/7;drive thru
New York New York 100235921,42.684139,-75.3722,Columbus  67th,24/7;drive thru
New York New York 10024,40.763191,-73.98307,Broadway  81st,drive thru
New York New York 10024,40.770992,-73.983688,86th - Columbus,breakfast;24/7;cold brew;drive thru
New York New York 10024,40.782445,-73.972674,81st - Columbus,24/7;cold brew
New York New York 10025,40.707952,-74.011729,95th - Broadway,cold brew;24/7;drive thru
New York New York 10025,40.763191,-73.98307,98th - Broadway,cold brew
New York New York 10025,40.763191,-73.98307,Broadway -102nd,24/7;cold brew
New York New York 10025,40.80516,-73.967014,111th - Broadway,24/7
New York New York 10027,40.806095,-73.963379,B'way - 114 Street (New World),cold brew
New York New York 10027,40.80647,-73.942339,125th Street and Lennox (UCO),drive thru;breakfast;cold brew
New York New York 10028,40.720421,-74.005019,42nd - 6th,breakfast;drive thru;cold brew;24/7
New York New York 10028,40.77922,-73.959019,84th - Third Ave,24/7;cold brew;breakfast;drive thru
New York New York 10028,40.780907,-73.960693,85th - First,24/7;breakfast;drive thru;cold brew
New York New York 100283902,40.778141,-73.962692,Second  81st,drive thru;cold brew;24/7;breakfast
New York New York 10036,40.738361,-74.004096,43rd - 8th,cold brew;breakfast;drive thru;24/7
New York New York 10036,40.753571,-73.981361,42nd - Eighth,24/7;cold brew
New York New York 10036,40.754215,-73.982679,42nd - Eleventh,cold brew
New York New York 10036,40.756448,-73.978521,575 Fifth Avenue,drive thru;cold brew
New York New York 10036,40.757647,-73.982273,1185 6th,drive thru;cold brew
New York New York 10036,40.75818,-73.982159,47th - 9th,cold brew
New York New York 10036,40.75885,-73.988614,Marriott Marquis 8th Floor Lobby,drive thru;breakfast;cold brew
New York New York 10036,40.759136,-73.990262,Marriott Marquis-Lobby,cold brew;24/7;drive thru
New York New York 10036,40.7597,-73.993564,43rd - Ninth,24/7;cold brew
New York New York 10036,40.759827,-73.989769,45th - Broadway,cold brew;24/7;drive thru;breakfast
New York New York 10036,40.759932,-73.985066,1585 Broadway (47th),breakfast;cold brew;drive thru;24/7
New York New York 100366712,40.755203,-73.979347,45th St. - Sixth Ave.,breakfast;drive thru;24/7;cold brew
New York New York 10038,40.70842,-74.007346,100 Williams Street,24/7
New York New York 10038,40.711725,-74.007334,38 Park Row,drive thru
New York New York 10083,40.72942,-73.990578,Cooper Union,24/7
New York New York 10104,40.760952,-73.979598,1290 Ave. of the Americas,drive thru;24/7
New York New York 10105,40.714431,-74.007207,1345 Ave. of the Americas Acquisiti,drive thru;cold brew
New York New York 10111,40.714546,-74.007116,Rockefeller Center Concourse,24/7;breakfast
New York New York 10119,40.750118,-73.99189,Penn Station LIRR,24/7
New York New York 10119,40.751713,-73.992701,1 Penn Plaza,drive thru;breakfast;cold brew;24/7
New York New York 10128,40.781261,-73.957565,87th - Lexington,24/7;cold brew
New York New York 10128,40.824005,-73.812087,90th - First,cold brew
New York New York 101280712,40.712048,-73.995766,96th - Madison,breakfast;24/7
New York New York 101283618,40.785374,-73.957367,92nd - 3rd,cold brew;breakfast;drive thru
New York New York 10169,40.714546,-74.007116,45th - Park Avenue,breakfast;24/7
New York New York 10281,40.714057,-74.014984,250 Vesey Street  World Financial,drive thru;cold brew
New York New York 20120,40.690171,-73.844314,93rd and Broadway,24/7;breakfast;drive thru;cold brew
Newark California 94560,37.53083,-122.011887,NewPark Mall - Newark,cold brew
Newark California 94560,37.536286,-122.027092,Safeway - Newark #1224,breakfast;cold brew;24/7;drive thru
Newark California 94560,37.536286,-122.027092,Stevenson - Balentine - Newark,cold brew;breakfast;24/7
Newark California 94560,37.536286,-122.027092,Thornton - Sycamore - Newark,24/7;cold brew;breakfast;drive thru
Newark California 94560,37.5364,-122.029684,Newark Marketplace,24/7;breakfast;cold brew;drive thru
Newark Delaware 19702,39.589167,-75.74195,Glasgow,cold brew;drive thru;breakfast;24/7
Newark Delaware 19702,39.642,-75.698956,Delaware House Travel Plaza,drive thru
Newark Delaware 19702,39.642,-75.698956,Safeway-Newark #4030,breakfast;drive thru;cold brew;24/7
Newark Delaware 19702,39.680122,-75.648703,Christiana Mall (DE),cold brew
Newark Delaware 19711,39.703016,-75.738453,ACME-Newark #7806,cold brew;breakfast;drive thru;24/7
Newark New Jersey 07102,40.73197,-74.174184,Broad Street  Newark,cold brew;24/7;drive thru
Newark New Jersey 07102,40.73197,-74.174184,Rutgers U Newark Robeson Stdnt Ctr,cold brew;24/7;breakfast;drive thru
Newark New Jersey 07114,40.73197,-74.174184,EWR -  Newark Term A  Space A33,cold brew;drive thru;24/7
Newark New Jersey 07114,40.73197,-74.174184,EWR - Newark Concourse C  Space 86,cold brew;24/7;drive thru;breakfast
Newark New Jersey 07114,40.73197,-74.174184,EWR - Newark Int'l Terminal,24/7;breakfast;cold brew;drive thru
Newark New Jersey 07114,40.73197,-74.174184,EWR - Newark Term A  Space 2,drive thru;breakfast;cold brew;24/7
Newark New Jersey 07114,40.73197,-74.174184,EWR - Newark Term A Conc A1 Rotunda,24/7;drive thru;breakfast
Newark New Jersey 07114,40.73197,-74.174184,EWR - Newark Term B  Int'l Arrivals,cold brew;24/7;breakfast;drive thru
Newark New Jersey 07114,40.73197,-74.174184,EWR - Newark Term C  Space B-50,drive thru;24/7
Newark New Jersey 07114,40.73197,-74.174184,EWR- NewarkTerm B  Space B4 Presecu,24/7
Newberg Oregon 97132,45.30897,-122.968739,Fred Meyer - Newberg #220,drive thru;cold brew;breakfast
Newburgh Indiana 47630,37.995945,-87.378964,SR 261 - Hwy 66,24/7;drive thru;cold brew
Newburgh New York 12550,41.523039,-74.041729,Target Newburgh T-2076,cold brew;drive thru
Newbury Park California 91300,34.188061,-118.941513,Ventu Park - Hillcrest,breakfast;24/7;drive thru;cold brew
Newbury Park California 91320,34.176121,-118.940572,Albertsons-Newbury Park #6391,breakfast;cold brew
Newbury Park California 91320,34.176121,-118.940572,Reino Road - Kimber Drive,24/7;breakfast
Newbury Park California 91320,34.176121,-118.940572,Vons-Newbury Park #1793,drive thru;cold brew;breakfast;24/7
Newburyport Massachusetts 01950,42.811978,-70.872638,Newburyport,breakfast
Newcastle Washington 98059,47.537636,-122.164986,Coal Creek Village,breakfast;drive thru;24/7;cold brew
Newcastle Washington 98059,47.537636,-122.164986,Safeway-Newcastle #558,breakfast;drive thru;cold brew;24/7
Newington Connecticut 06111,41.697017,-72.73119,Newington  Main Street,24/7;drive thru;cold brew
Newnan Georgia 30265,33.39664,-84.744498,Hwy 34  I-85,drive thru
Newport Beach California 92660,33.61534,-117.865664,Mac Arthur - Campus,cold brew;24/7;drive thru
Newport Beach California 92660,33.61883,-117.885949,Jamboree - Birch  Newport Beach,drive thru;24/7
Newport Beach California 92660,33.62576,-117.904769,Westcliff Plaza,breakfast
Newport Beach California 92660,33.626925,-117.880048,Vons-Newport Beach #1912,breakfast;24/7;drive thru;cold brew
Newport Beach California 92660,33.652875,-117.873834,Fashion Island,drive thru;cold brew;24/7;breakfast
Newport Beach California 92660,33.652875,-117.873834,Marriott Newport Beach Lobby,breakfast
Newport Beach California 92660,33.65522,-117.865779,Bristol - Jamboree  Newport Beach,drive thru;breakfast
Newport Beach California 926606937,33.61655,-117.930351,Fashion Island - Relocation,cold brew
Newport Beach California 92662,33.60635,-117.893449,Albertsons-Newport Beach #6577,24/7;breakfast;drive thru
Newport Beach California 92662,33.60698,-117.888469,Balboa Island,24/7;breakfast;drive thru;cold brew
Newport Beach California 92663,33.617258,-117.927641,Via Lido,breakfast
Newport Beach California 92663,33.621296,-117.93142,PCH - Bayside  Newport Beach,breakfast;drive thru;24/7
Newport Beach California 92663,33.621296,-117.93142,W. Coast Hwy - Riverside  N.B.,breakfast;cold brew
Newport California 92657,33.59874,-117.831289,Vons-Newport #1911,cold brew;breakfast
Newport Coast California 92657,33.59874,-117.831289,Crystal Cove - PCH  Newport Coast,24/7
Newport Kentucky 41071,39.064668,-84.469406,Newport,24/7;cold brew
Newport News Virginia 23602,36.980525,-76.429459,Farm Fresh-Newport News #231,cold brew
Newport News Virginia 23602,37.101921,-76.525242,Jefferson Commons,24/7;drive thru;breakfast
Newport News Virginia 23602,37.101921,-76.525242,Oyster Point Shoppes,cold brew
Newport News Virginia 23602,37.125912,-76.481867,Kiln Creek,cold brew;24/7;drive thru;breakfast
Newport News Virginia 23609,37.066865,-76.470424,Jefferson Plaza,24/7;drive thru;cold brew;breakfast
Newport Oregon 97365,44.634623,-124.04385,North Coast Hwy - 2nd St-Newport,drive thru;24/7
Newport Oregon 97365,44.652173,-124.051282,Fred Meyer-Newport #227,cold brew;24/7
Newport Rhode Island 02840,41.49122,-71.315324,Thames Street,breakfast;24/7
Newton Centre Massachusetts 02459,42.338495,-71.207074,Newton,breakfast
Newton Massachusetts 02162,42.338495,-71.207074,Newton Lower Falls,breakfast;drive thru
Newton Massachusetts 02164,42.338495,-71.207074,Newton Upper Falls,drive thru;cold brew
Newton Massachusetts 02458,42.362585,-71.202884,Newton Corner,drive thru
Newton Massachusetts 02459,42.338495,-71.207074,Newton Center,cold brew;drive thru
Newtonville Massachusetts 02160,42.350265,-71.206954,Newtonville,24/7
Newtown Connecticut 06470,41.411056,-73.307028,Newtown CT,24/7;cold brew;breakfast
Newtown Pennsylvania 18940,40.22878,-74.925669,ACME - Newtown #7913,drive thru
Newtown Pennsylvania 18940,40.289933,-74.939696,Newtown,24/7;cold brew;breakfast
Niagara Falls Ontario L2E 6W7,43.067999,-79.081701,Brock Plaza Hotel - Retail Strip,drive thru;cold brew;breakfast
Niagara Falls Ontario L2E 6W7,43.090696,-79.073332,Clifton Hill,24/7
Niagara Falls Ontario L2G 1V5,43.089385,-79.100964,Lundy's Lane - Niagara Falls,24/7;drive thru;cold brew;breakfast
Niagara Falls Ontario L2G 2A3,43.077051,-79.08814,Skylon Tower Base,cold brew;24/7;breakfast;drive thru
Niagara Falls Ontario L2G 2A3,43.077051,-79.08814,Skylon Tower Murray Street,cold brew;breakfast;drive thru;24/7
Niagara Falls Ontario L2G 3K7,43.077051,-79.08814,Sheraton on the Falls Lobby,24/7;breakfast;cold brew
Niagara Falls Ontario L2G 3W6,43.077051,-79.08814,Embassy Suites Niagara Falls,drive thru;cold brew;breakfast
Niagara Falls Ontario L2G 3W6,43.10663,-79.064239,Marriott Niagara Falls View,breakfast;24/7;drive thru
Niagara Falls Ontario L2G 7M9,43.082395,-79.082709,Casino Fallsview Blvd,cold brew;24/7;breakfast;drive thru
Niles Illinois 60714,42.01195,-87.775554,Touhy - Central,drive thru;cold brew;breakfast
Niles Illinois 60714,42.02963,-87.815589,Dominick's-Niles #1133,cold brew;24/7
Niles Illinois 60714,42.02963,-87.815589,Target Niles T-928,breakfast;drive thru
Niles Illinois 607141209,42.054234,-87.851326,Golf Rd. - Milwaukee,breakfast;24/7
Niles Michigan 49120,41.822278,-86.243737,Martin's-Niles #19,cold brew;drive thru;breakfast;24/7
Niles Ohio 44446,41.210941,-80.752708,Eastwood Mall,drive thru;cold brew;breakfast;24/7
Nipomo California 934448946,35.097149,-120.608231,Vons-Nipomo #1621,drive thru;24/7;cold brew;breakfast
Niskayuna New York 12309,42.81904,-73.885716,Niskayuna- Albany,drive thru;24/7
Nixa Missouri 65714,37.047412,-93.305669,Ramey-Price Cutter-Nixa #55,24/7;drive thru
Noblesville Indiana 46060,40.040741,-85.981489,Meijer-Noblesville #230,breakfast;24/7;drive thru;cold brew
Noblesville Indiana 46060,40.059605,-85.891471,SR 32 - SR 37 - Noblesville,drive thru;breakfast;24/7;cold brew
Norco California 91760,33.922929,-117.560987,Albertsons - Norco #6545,breakfast;cold brew;24/7
Norco California 928601380,33.937489,-117.557152,6th Street - Hamner  Norco,drive thru;cold brew
Norco California 928603113,33.937321,-117.560051,Hamner - Hidden Valley Pkwy.  Norco,24/7;cold brew
Norco California 928603117,33.937321,-117.560051,Target Norco T-736,breakfast
Norcross Georgia 30092,33.964135,-84.238544,Jay Bird Alley,breakfast;24/7;cold brew
Norcross Georgia 30093,33.905231,-84.183032,Indian Trail  Oak Brook Pkwy,cold brew;24/7;drive thru
Norfolk Virginia 23502,36.857121,-76.22077,Millenium Crossing,cold brew;breakfast
Norfolk Virginia 23507,36.86298,-76.300106,Ghent,cold brew
Norfolk Virginia 23510,36.846825,-76.285069,Selden Arcade,24/7;drive thru;cold brew;breakfast
Norfolk Virginia 23510,36.855355,-76.301699,Food Court  2nd Floor,drive thru;cold brew
Norfolk Virginia 23510,36.85585,-76.303054,Food Court  3rd Floor,24/7;drive thru;cold brew
Norfolk Virginia 23517,36.86743,-76.275639,21 West (Ghent),breakfast;cold brew
Norfolk Virginia 23529,36.888757,-76.303398,ODU - Bldg Arts - Letters Lobby,24/7;cold brew;drive thru;breakfast
Norfolk Virginia 23529,36.888757,-76.303398,ODU - Webb Center,24/7;breakfast
Normal Illinois 61761,40.510823,-88.994139,College Hills-Veterans - Von Maur,cold brew;breakfast
Norman Oklahoma 730696359,35.220749,-97.446617,Albertsons-Norman #2219,cold brew;24/7;breakfast
Norman Oklahoma 730696359,35.220749,-97.446617,Albertsons-Norman OK #2219,breakfast
Norman Oklahoma 73071,35.22385,-97.418326,Albertsons-Norman #2255,cold brew;24/7
Norman Oklahoma 73072,35.303936,-97.479836,36th - Robinson,24/7
Normandy Park Washington 98148,47.461427,-122.32651,Normandy Park,breakfast;drive thru;cold brew
Norristown Pennsylvania 19401,40.1257,-75.337499,Genuardis-Norristown #1003,breakfast;cold brew
Norristown Pennsylvania 19403,40.160963,-75.407029,Trooper,cold brew;drive thru;breakfast
North Andover Massachusetts 01845,42.642711,-71.084691,N Andover Rte 114,drive thru;breakfast;cold brew
North Attleboro Massachusetts 02760,41.944859,-71.347679,Emerald Square Mall,drive thru;breakfast;cold brew
North Bend Washington 98045,47.49327,-121.782669,QFC-North Bend #829,breakfast;24/7
North Bend Washington 980458292,37.160015,-113.459137,North Bend,breakfast;drive thru
North Bergen New Jersey 07087,40.77387,-74.024689,Target North Bergen Commons T-1865,24/7;drive thru;breakfast;cold brew
North Canton Ohio 44720,40.947385,-81.465244,The Strip - Canton,cold brew;breakfast;24/7
North Canton Ohio 447203335,40.875549,-81.402061,Washington Square Marketplace,cold brew;24/7;breakfast;drive thru
North Charlotte North Carolina 28216,35.349732,-80.851137,Northlake Mall,24/7
North East Maryland 21901,39.594515,-75.955128,Chesapeake House Travel Plaza,cold brew;drive thru
North East Maryland 21901,39.594515,-75.955128,LCRT-BRWCart(1)#75990 Ches House TP,drive thru
North Haven Connecticut 06473,41.3807,-72.860488,Target North Haven T-1916,drive thru;24/7;breakfast
North Haven Connecticut 06473,41.38543,-72.849174,North Haven,24/7;drive thru
North Highlands California 95660,38.643449,-121.379412,Watt - I-80 - North Highlands,breakfast;24/7
North Hills California 91343,34.23561,-118.482369,Nordhoff - Woodley,breakfast
North Hills California 91343,34.239265,-118.482319,Galpin Motors - Jaguar Showroom,cold brew;breakfast;drive thru
North Hills California 913434308,34.235634,-118.478523,Sepulveda - Nordhoff (UCO),cold brew
North Hollywood California 91601,34.16755,-118.372479,Lankershim - Magnolia - N. Hollywoo,24/7;breakfast;drive thru
North Hollywood California 916063013,34.19038,-118.394653,Victory - Coldwater  N. Hollywood,cold brew;24/7
North Kansas City Missouri 64116,39.142715,-94.573209,Harrahs North Kansas City,24/7
North Las Vegas Nevada 890310804,36.19199,-115.087662,Ann - Camino Al Norte,breakfast;cold brew;drive thru;24/7
North Las Vegas Nevada 89032,36.19896,-115.118548,North Mesa - Las Vegas,breakfast;cold brew;drive thru
North Las Vegas Nevada 89032,36.19896,-115.118548,Texas Hotel - Casino,24/7
North LIttle Rock Arkansas 72116,34.819495,-92.234624,JFK - McCain,drive thru;breakfast
North Miami Beach Florida 33181,25.893265,-80.150534,Keystone Plaza,cold brew;drive thru;24/7;breakfast
North Olmsted Ohio 44070,41.414125,-81.923415,Target North Olmsted T-2016,drive thru;breakfast;cold brew;24/7
North Olmsted Ohio 44070,41.414453,-81.924515,North Olmsted,drive thru;cold brew;24/7
North Olmsted Ohio 44070,41.418468,-81.909531,Great Northern Mall,cold brew;drive thru;breakfast;24/7
North Richland Hills Texas 76180,32.832811,-97.213919,Loop 820 - Rufe Snow,breakfast
North Richland Hills Texas 76180,32.838431,-97.2266,Grapevine Hwy - Precinct Line,24/7;cold brew
North Richland Hills Texas 76180,32.838431,-97.2266,SuperTarget N Richland Hlls ST-1514,cold brew;24/7;drive thru
North Wales Pennsylvania 19454,40.20928,-75.224944,English Village,cold brew
North Wales Pennsylvania 19454,40.222198,-75.241409,Montgomery Mall,24/7;breakfast;cold brew;drive thru
North York Ontario M2H 1S8,43.737451,-79.434221,274 Wilson Avenue,24/7;breakfast
North York Ontario M2J 5A7,43.779407,-79.347254,Fairview Mall  North York,breakfast;drive thru;24/7;cold brew
North York Ontario M3B 1Y2,43.753551,-79.356621,York Mills - Lesmill,drive thru;cold brew
Northampton Massachusetts 01060,42.35834,-72.640744,Northampton,breakfast
Northbrook Illinois 60062,42.12972,-87.831564,Northbrook Meadows,cold brew;drive thru
Northbrook Illinois 60062,42.12972,-87.831564,Sanders Court,drive thru;24/7;cold brew;breakfast
Northbrook Illinois 60062,42.12972,-87.831564,Village Square at Northbrook,cold brew;drive thru;breakfast;24/7
Northbrook Illinois 60062,42.152185,-87.817124,Northbrook Court,cold brew;drive thru
Northfield Illinois 60093,42.105203,-87.753639,Dominick's-Northfield #3062,drive thru;24/7
Northfield Illinois 60093,42.105211,-87.733645,Northfield,drive thru
Northfield Ohio 44067,41.31968,-81.543379,Target Northfield T-1841,breakfast;24/7
Northridge California 91324,34.23913,-118.550159,Northridge,breakfast;drive thru
Northridge California 91324,34.240035,-118.536079,Reseda - Plummer  Northridge,cold brew;drive thru
Northridge California 913242136,34.243156,-118.523132,Shirley - Plummer - Northridge,breakfast
Northridge California 91325,34.237645,-118.517379,Target Northridge T-2020,24/7;drive thru
Northridge California 91326,34.27715,-118.552389,Rinaldi - Corbin  Porter Ranch,cold brew;24/7
Northville Michigan 48167,42.430975,-83.485189,Downtown Northville,cold brew;breakfast;drive thru;24/7
Northville Michigan 48167,42.435475,-83.493807,8 Mi. - Haggerty Rd.,cold brew
Norwalk California 90650,33.899845,-118.104984,Firestone - 605 Frwy  Norwalk,24/7;drive thru
Norwalk California 90650,33.91561,-118.072519,Norwalk Entertainment Center - Norw,breakfast
Norwalk California 906502899,41.102318,-73.45755,Firestone - Pioneer  Norwalk,drive thru;breakfast;cold brew
Norwalk California 906503927,33.902328,-118.072021,Pioneer - Rosecrans  Norwalk,breakfast;cold brew;24/7;drive thru
Norwalk Connecticut 06067,41.668988,-72.637772,Norwalk  Dansk Plaza,cold brew;drive thru;24/7
Norwalk Connecticut 06851,41.147023,-73.426397,Norwalk  Rte 7,drive thru;breakfast
Norwood Massachusetts 02062,42.192315,-71.183644,Norwood Rte. 1 North,24/7;cold brew;drive thru
Novato California 94945,38.1136,-122.564639,San Marin - San Ramon - Novato,24/7;drive thru
Novato California 94945,38.1136,-122.564639,Vintage - Rowland - Novato,drive thru
Novato California 94947,38.095943,-122.58308,Safeway-Novato #979,24/7;cold brew;breakfast;drive thru
Novato California 949473253,38.103401,-122.573441,Novato,breakfast
Novi Michigan 48375,42.462797,-83.457947,Kroger-Novi #632,breakfast;24/7
Novi Michigan 48376,42.46626,-83.48628,The Great Indoors-Novi,cold brew;drive thru;breakfast
Novi Michigan 48377,42.494499,-83.465714,Twelve Oaks Mall Kiosk,cold brew;drive thru
Novi Michigan 48377,42.504807,-83.471229,Maples Plaza,24/7;cold brew;drive thru
Novi Michigan 48377,42.504807,-83.471229,Novi-North,drive thru;cold brew
Nutley New Jersey 07110,40.816835,-74.144019,Nutley,cold brew;24/7;breakfast;drive thru
NY New York 10019,40.756733,-73.978973,47th - Eighth,drive thru;24/7
NY New York 10022,40.758825,-73.975939,51st between Park - Madison,breakfast;24/7;cold brew
Nyack New York 10960,41.063125,-73.920732,Nyack,cold brew;24/7;drive thru
O'Fallon Illinois 62269,38.590641,-89.910858,Hart Food and Drug - O'Fallon #1236,breakfast;24/7
Oak Brook Illinois 60521,41.799775,-87.928129,Marshall Fields-Oak Brook,cold brew;drive thru;breakfast
Oak Brook Illinois 60523,41.84994,-87.957109,Oakbrook Center,24/7;cold brew;drive thru;breakfast
Oak Creek Wisconsin 53154,42.854672,-87.938338,Oak Creek-I-94 - Ryan Rd,cold brew
Oak Creek Wisconsin 53154,42.884678,-87.905555,Target Oak Creek T-1925,drive thru;breakfast;cold brew;24/7
Oak Harbor Washington 98227,48.317271,-122.655924,Oak Harbor,drive thru
Oak Harbor Washington 98277,48.30671,-122.643584,Albertsons-Oak Harbor #402,cold brew;24/7;breakfast;drive thru
Oak Harbor Washington 98277,48.30671,-122.643584,Safeway - Oak Harbor #3518,breakfast;drive thru
Oak Lawn Illinois 60453,41.704706,-87.756701,Oak Lawn-103rd - Cicero,breakfast;24/7
Oak Lawn Illinois 60453,41.7219,-87.751664,Oak Lawn,24/7;drive thru
Oak Park California 91377,34.180071,-118.770509,Kanan Rd. - Lindero Rd. - Thousand,drive thru;cold brew
Oak Park Illinois 60301,41.889205,-87.794524,Oak Park,breakfast;cold brew;drive thru;24/7
Oak Park Illinois 603022636,41.867729,-87.793648,Dominick's-Oak Park #1124,drive thru;24/7;cold brew;breakfast
Oak Ridge Tennessee 37840,36.041567,-84.379654,Oak Ridge Tpke - Main St,drive thru
Oakbrook Illinois 605232043,40.765915,-89.623573,Marriott Oakbrook,drive thru;cold brew;breakfast
Oakdale California 95361,37.77082,-120.840659,Yosemite - F Street - Oakdale,drive thru;cold brew;breakfast
Oakdale New York 11716,40.760135,-73.103279,Bohemia,24/7
Oakhurst California 93644,37.35048,-119.722514,Highway 49 - Highway 41 - Oakhurst,24/7;breakfast;drive thru;cold brew
Oakhurst California 93644,37.364803,-119.60035,Vons-Oakhurst #2409,breakfast;drive thru;24/7;cold brew
Oakhurst New Jersey 07755,40.26166,-74.041469,Route 35 - Oakhurst,breakfast
Oakland California 94601,37.77276,-122.226369,Fruitvale - I-880,breakfast;drive thru;24/7;cold brew
Oakland California 94607,37.806205,-122.293874,Broadway - 8th Street - Oakland,24/7
Oakland California 94607,37.811675,-122.293689,Oakland City Center,breakfast;cold brew;drive thru
Oakland California 94610,37.810889,-122.244099,3347 Lakeshore Avenue,breakfast
Oakland California 94611,37.82459,-122.232814,Rockridge,drive thru;24/7;cold brew;breakfast
Oakland California 94611,37.830229,-122.223511,4098 Piedmont Avenue - Oakland,drive thru
Oakland California 946112815,37.826447,-122.209511,2059 Mountain Blvd. - Oakland,breakfast;drive thru;24/7
Oakland California 94621,37.740493,-122.196393,Hegenberger - I-880 - Oakland(UCO),drive thru;24/7;cold brew;breakfast
Oakton Virginia 22124,38.87928,-77.301053,Oakton,breakfast
Oakville Ontario L6J 1H5,43.445636,-79.668592,195 Lakeshore,breakfast;cold brew;24/7
Oakville Ontario L6J 4Z2,43.511395,-79.693959,Dundas - Trafalgar,breakfast;24/7;drive thru;cold brew
Oakville Ontario L6J 7Z5,43.467752,-79.670606,Cornwall - Trafalgar - Oakville,breakfast
Oakville Ontario L6M 5A9,43.466175,-79.689584,Dundas - Third Line - Oakville,breakfast;cold brew;24/7
Oakwood Ohio 45419,39.726921,-84.178301,Oakwood,drive thru
Ocala Florida 33474,29.165266,-82.169555,2708 SW College Rd,breakfast;24/7
Ocean City Maryland 21842,38.334325,-75.098149,Ocean City  Route 50,breakfast
Ocean Township New Jersey 07755,40.27149,-74.015989,Neptune,breakfast
Oceanside California 92054,33.19291,-117.386659,Oceanside,breakfast;drive thru;cold brew
Oceanside California 92054,33.197955,-117.359979,Pacific Coast Plaza - Oceanside,breakfast;drive thru;cold brew;24/7
Oceanside California 920541452,33.203003,-117.333122,Mission - El Camino Real  Oceanside,24/7;breakfast
Oceanside California 92056,33.197756,-117.290614,College - Marron  Oceanside,drive thru
Oceanside California 92056,33.19861,-117.284369,Albertsons-Oceanside #6733,cold brew;24/7
Oceanside California 920566003,33.197159,-117.380562,Oceanside - College  Oceanside,drive thru;24/7;cold brew
Oceanside California 92057,33.242697,-117.298528,North Oceanside,breakfast;drive thru
Oceanside California 92057,33.242697,-117.298528,Vons-Oceanside #2360,drive thru
Oceanside California 920571216,33.237991,-117.312714,Old Grove - Mission  Oceanside,cold brew;24/7
Oceanside New York 11572,40.637107,-73.637629,The Sands (Oceanside),cold brew
Ocoee Florida 34761,28.551875,-81.513875,SR 50 - Blackwood Rd,cold brew;breakfast;24/7
Ocoee Florida 34761,28.57371,-81.530459,Turkey Lake Travel Plaza,24/7;cold brew;drive thru
Oconomowoc Wisconsin 53066,43.143402,-88.532318,Oconomowoc-Pabst Farms,cold brew
Odessa Texas 79761,31.84915,-102.375189,Medical Center Hospital Odessa Lbby,drive thru;breakfast
Odessa Texas 79762,31.910877,-102.358597,42nd - Grandview,breakfast
Okachobee Florida 34972,27.24373,-80.832758,Ft. Drum Travel Plaza,breakfast
Okemos Michigan 48864,42.682176,-84.432555,Okemos - Jolly,24/7;cold brew;drive thru;breakfast
Okemos Michigan 48864,42.728709,-84.413466,Marshall Fields-Meridian Mall,breakfast;24/7;cold brew;drive thru
Okemos Michigan 488641706,42.715118,-84.430252,Meijers-Okemos #25,breakfast;drive thru
Oklahoma City Oklahoma 73112,35.515461,-97.555272,Target Oklahoma City N T-43,breakfast;drive thru;cold brew
Oklahoma City Oklahoma 73112,35.518127,-97.574532,Northwest - Independence,cold brew;24/7;breakfast;drive thru
Oklahoma City Oklahoma 73116,35.536667,-97.557304,63rd - Western,drive thru;24/7;breakfast;cold brew
Oklahoma City Oklahoma 73118,35.522751,-97.544373,Penn Square Mall,cold brew;drive thru;breakfast;24/7
Oklahoma City Oklahoma 73127,35.460145,-97.686754,I-40 - MacArthur,cold brew
Oklahoma City Oklahoma 73132,35.538165,-97.636674,Rockwell - Northwest Hwy,drive thru
Oklahoma City Oklahoma 73132,35.55421,-97.638383,NW Expwy - MacArthur,drive thru;cold brew;breakfast;24/7
Oklahoma City Oklahoma 73132,35.55421,-97.638383,Target Oklahoma City T-1860,cold brew;drive thru
Oklahoma City Oklahoma 73134,35.612535,-97.549399,Pennsylvania - Memorial,24/7;breakfast
Oklahoma City Oklahoma 73142,35.596055,-97.620689,Memorial - MacArthur,cold brew;drive thru;24/7
Oklahoma City Oklahoma 73159,35.396069,-97.573784,I-240 - Pennsylvania,breakfast;24/7;cold brew;drive thru
Olathe Kansas 66062,38.863495,-94.769019,Super Target Olathe ST-1756,drive thru
Old Tappan New Jersey 07675,41.00838,-74.010653,Old Tappan,breakfast;24/7
Oldsmar Florida 34677,28.04858,-82.681851,Curlew Rd. - Tampa Rd.,drive thru;cold brew;24/7;breakfast
Olive  Branch Mississippi 38671,34.9626,-89.970054,Hwy 302 - Old Goodman Rd,breakfast;cold brew;24/7;drive thru
Olney Maryland 20832,39.150405,-77.068094,Olney Gardens,drive thru;cold brew
Olympia Washington 98051,47.352966,-121.982331,Downtown Olympia,breakfast;drive thru
Olympia Washington 98501,47.011528,-122.878189,Albertsons-Olympia #415,cold brew;breakfast;24/7;drive thru
Olympia Washington 98502,47.067593,-122.949961,Safeway-Olympia #1464,breakfast;drive thru;cold brew;24/7
Olympia Washington 98502,47.067593,-122.949961,Top Foods - Olympia,24/7;drive thru
Olympia Washington 98502,47.079612,-123.017709,Capital Mall,24/7;cold brew;breakfast;drive thru
Olympia Washington 98506,47.07331,-122.870885,Ralphs Thriftway-Olympia #664,drive thru
Olympia Washington 98516,47.083694,-122.778934,Safeway - Olympia #1173,cold brew
Olympia Washington 98516,47.083694,-122.778934,Safeway-Olympia #1952,24/7
Olympia Washington 98516,47.108414,-122.748769,Martin Way Station,drive thru;24/7;breakfast
Olympic Valley California 96146,39.19931,-120.219288,Intrawest - Squaw Valley,breakfast;24/7
Omaha Nebraska 68102,41.25859,-95.926619,15th - Douglas,drive thru;24/7
Omaha Nebraska 68114,41.24875,-96.024239,87th - Pacific,24/7
Omaha Nebraska 68114,41.25961,-96.023899,72nd - Dodge,24/7
Omaha Nebraska 68116,41.29724,-96.158119,Hy Vee Foods-Omaha #10,24/7;cold brew;drive thru;breakfast
Omaha Nebraska 68130,41.229538,-96.184593,173rd - Center,cold brew;drive thru;24/7
Omaha Nebraska 68130,41.234244,-96.190469,Super Target Omaha ST-1777,24/7;drive thru
Omaha Nebraska 68135,41.2052,-96.186809,Hy Vee Foods-Omaha #9,cold brew;breakfast;24/7;drive thru
Omaha Nebraska 68144,41.227545,-96.136454,Oakview Mall,24/7
Omaha Nebraska 68144,41.23769,-96.109669,125th - W. Center Rd.,24/7;drive thru;breakfast;cold brew
Omaha Nebraska 68154,41.263664,-96.158073,156th - Dodge,24/7;breakfast
Omaha Nebraska 68154,41.265488,-96.144165,147th - Maple,cold brew;breakfast;24/7
Omaha Nebraska 68154,41.265794,-96.090959,114th - West Dodge Rd,cold brew
Omaha Nebraska 68164,41.294994,-96.107047,Super Target Omaha ST-0530,breakfast;24/7
Omaha Nebraska 68164,41.299904,-96.100647,120th - Blondo,breakfast
Ontario California 91761,34.048187,-117.550132,Jurupa - I-15  Ontario,drive thru;24/7
Ontario California 91761,34.06329,-117.610989,Vineyard - Walnut  Ontario,cold brew
Ontario California 917610739,34.015514,-117.60215,Haven - Philadelphia  Ontario,cold brew;breakfast;drive thru;24/7
Ontario California 917617303,34.015514,-117.60215,Archibald - Riverside  Ontario,cold brew;24/7
Ontario California 917623708,34.015514,-117.60215,Holt - San Antonio  Ontario,drive thru;breakfast;cold brew
Ontario California 91764,34.070755,-117.575949,Haven - Concours  Ontario,cold brew;drive thru;breakfast;24/7
Ontario California 91764,34.076035,-117.596699,Day Break Plaza - Ontario,24/7
Ontario California 91764,34.076035,-117.596699,Ontario Mills Mall - Neighborhood 2,24/7;breakfast
Ontario California 917644600,34.06459,-117.647812,Archibald - Inland Empire,24/7
Ontario California 917645023,34.015514,-117.60215,Milliken - 4th  Ontario,cold brew;breakfast;drive thru
Opelika Alabama 36801,32.653058,-85.377347,Target Opelika T-1499,24/7
Opelika Alabama 36801,32.69872,-85.313998,I-85  Hwy 280,breakfast;24/7;cold brew
Orange California 92665,33.787865,-117.850399,Tustin - Meats Blockbuster,cold brew;breakfast;drive thru;24/7
Orange California 92865,33.83749,-117.842399,Vons-Orange #2335,cold brew;drive thru
Orange California 928661401,33.787842,-117.850403,Orange Plaza - Wells Fargo,cold brew;breakfast;24/7
Orange California 92867,33.813701,-117.822015,Albertsons-Orange #6534,drive thru;breakfast;24/7
Orange California 92868,33.77654,-117.866504,Main - Town and Country,drive thru;cold brew;breakfast;24/7
Orange California 92868,33.782283,-117.889482,The Block  Orange,24/7;drive thru;cold brew;breakfast
Orange California 92868,33.78894,-117.905444,Chapman - Main  Orange,24/7;cold brew;breakfast;drive thru
Orange California 928681608,33.791149,-117.890152,Chapman - The City Drive  Orange,24/7;cold brew
Orange California 92869,33.791259,-117.795788,Albertsons-Orange #6585,cold brew
Orange California 928693847,33.787842,-117.850403,Chapman - Swidler  Orange,drive thru;cold brew;24/7
Orange Connecticut 06477,41.27363,-73.022669,Orange,drive thru
Orange Park Florida 32043,29.991865,-81.679414,Eagle Harbor,breakfast
Orange Park Florida 32073,30.170575,-81.737319,Super Target Orange Park ST-1503,breakfast;cold brew;drive thru
Orange Park Florida 32073,30.194453,-81.697984,Orange Park Mall,cold brew;drive thru;breakfast;24/7
Orangevale California 95662,38.681665,-121.197894,Albertsons - Orangevale #7297,24/7
Orangevale California 95662,38.6833,-121.225554,Greenback - Hazel - Orangevale,24/7
Orchard Lake Michigan 48323,42.568715,-83.361909,Orchard Lake Village,24/7;drive thru;cold brew
Orcutt California 93455,34.884626,-120.430369,Albertsons-Orcutt #1694 6394,cold brew;drive thru
Oregon City Oregon 97045,45.336535,-122.592784,Oregon City Haggens,breakfast;cold brew;drive thru;24/7
Oregon City Oregon 97045,45.336535,-122.592784,Oregon City II,drive thru;24/7;breakfast;cold brew
Oregon City Oregon 97045,45.365117,-122.584735,Oregon City,drive thru
Orem Utah 84097,40.29995,-111.676494,Unversity Mall- Orem,cold brew;breakfast
Orinda California 94563,37.88023,-122.177669,Moraga - Bryant - Orinda,breakfast;drive thru;24/7
Orinda California 94563,37.916712,-122.166601,Orinda,24/7;drive thru;breakfast;cold brew
Orland Park Illinois 60462,41.622141,-87.834535,Target Orland Park T-842,drive thru;24/7
Orland Park Illinois 604624701,41.615242,-87.8517,Orland Park,drive thru;breakfast;24/7
Orland Park Illinois 604625500,41.615242,-87.8517,Jewel Osco-Orland Park #3051,breakfast;drive thru
Orland Park Illinois 60467,41.5643,-87.889914,Orland Park-179th - Wolf,cold brew;24/7;drive thru
Orlando Florida 32801,28.53774,-81.377389,S. Orange - Crystal,breakfast;24/7
Orlando Florida 32801,28.53774,-81.377389,Thornton Park,breakfast;24/7;drive thru
Orlando Florida 32801,28.541341,-81.374379,The Grand Bohemian,cold brew;24/7;breakfast
Orlando Florida 32803,28.55345,-81.326354,East Colonial Dr - Maguire Rd,cold brew
Orlando Florida 32804,28.569565,-81.376594,Yale - Edgewater,breakfast
Orlando Florida 32809,28.450806,-81.396667,1411 Sand Lake Rd.,drive thru;24/7;cold brew;breakfast
Orlando Florida 32809,28.461995,-81.360209,Florida Mall Hotel,breakfast
Orlando Florida 32811,28.514795,-81.458845,2573 Kirkman Road,24/7;drive thru;cold brew;breakfast
Orlando Florida 32811,28.546714,-81.458012,Kirkman - Conroy,drive thru;cold brew;breakfast;24/7
Orlando Florida 32817,28.58442,-81.214654,Alafaya - Corporate Blvd,24/7;breakfast;drive thru
Orlando Florida 32818,28.579293,-81.484873,Super Target Orlando ST-1781,breakfast;drive thru
Orlando Florida 32819,28.46089,-81.475569,Universal Citywalk Orlando-2nd Flr,24/7;breakfast;drive thru;cold brew
Orlando Florida 32819,28.468502,-81.515302,Doubletree Hotel  Universal Studio,24/7;cold brew;drive thru;breakfast
Orlando Florida 32819,28.468502,-81.515302,Lighthouse Plaza,breakfast;cold brew;drive thru
Orlando Florida 32819,28.468502,-81.515302,Marketplace at Dr. Phillips,drive thru;breakfast;24/7
Orlando Florida 32819,28.468502,-81.515302,Pointe Orlando,cold brew;24/7;breakfast
Orlando Florida 32819,28.477735,-81.474035,Universal Orlando - Louies,24/7;breakfast
Orlando Florida 32821,28.414135,-81.442249,Lower Level-Marriott Orlando WC,breakfast;drive thru;cold brew
Orlando Florida 32821,28.414135,-81.442249,Orlando Premium Outlet,breakfast
Orlando Florida 32821,28.414135,-81.442249,Upper Level Gift Shop,breakfast
Orlando Florida 32822,28.503205,-81.310319,Lee Vista - SR 436,24/7;drive thru
Orlando Florida 32826,28.586012,-81.186642,Super Target Orlando ST-1760,drive thru;24/7;cold brew;breakfast
Orlando Florida 32827,28.42233,-81.28848,MCO - Orlando Airside Four,breakfast;24/7;drive thru
Orlando Florida 32827,28.42233,-81.28848,MCO - Orlando Airside One,breakfast;cold brew;drive thru
Orlando Florida 32827,28.45079,-81.294547,MCO - Orlando Main Term Htl Atrium,breakfast;cold brew;drive thru
Orlando Florida 32828,28.53497,-81.172333,Orlando Waterford,24/7;drive thru;breakfast
Orlando Florida 32835,28.522886,-81.484799,Albertsons-Orlando #4463,24/7;breakfast
Orlando Florida 32837,28.352966,-81.421062,Hunters Creek Commons,24/7
Orlando Florida 32837,28.38113,-81.417237,Super Target Orlando ST-1790,breakfast
Orlando Florida 32837,28.53774,-81.377389,JW Marriott Grand Lakes - Lobby,drive thru;cold brew
Orlando Florida 32839,28.488279,-81.409329,Super Target Orlando Milenia T-1518,breakfast;drive thru;24/7;cold brew
Orlando Florida 32839,28.495496,-81.388714,The Mall at Millenia,breakfast;24/7;drive thru;cold brew
Ormond Beach Florida 32176,29.285613,-81.036899,Granada - A1A,24/7
Oro Valley Arizona 85737,32.398722,-110.980081,Safeway-Oro Valley #1521,breakfast
Oro Valley Arizona 85737,32.400668,-110.955847,1st - Oracle  Oro Valley,cold brew;24/7
Orting Washington 98360,47.09305,-122.194279,Safeway-Orting #1844,24/7
Osage Beach Missouri 65049,38.201499,-92.685179,Hy Vee Foods-Osage Beach,breakfast
Osage Beach Missouri 65049,38.201499,-92.685179,Target Osage Beach T-1914,cold brew
Osage Beach Missouri 65065,38.133229,-92.646311,US-54 - SR-42,breakfast
Oshawa Ontario L1J 2K5,43.89162,-78.879818,Chapters - Oshawa Centre,cold brew;24/7;breakfast;drive thru
Oshkosh Wisconsin 54902,43.995865,-88.553169,Target Oshkosh T-807,24/7
Oshkosh Wisconsin 54902,44.024925,-88.58207,Oshkosh-Hwy 41 - 9th,drive thru
Ossining New York 10562,41.196288,-73.846144,Ossining,drive thru;24/7;breakfast
Oswego Illinois 60543,41.68633,-88.334072,Dominick's-Oswego #1957,24/7
Ottawa Ontario K1G 1A4,45.40006,-75.624045,1910 St. Laurent,24/7;cold brew;drive thru
Ottawa Ontario K1G 4H1,45.390436,-75.757572,421 Richmond Road,breakfast;drive thru;24/7;cold brew
Ottawa Ontario K1N 5W8,45.433527,-75.673352,Rideau Street Chapters,drive thru;breakfast
Ottawa Ontario K1P 5K8,45.4215,-75.691894,Lord Elgin Hotel,drive thru
Ottawa Ontario K1P 5N7,45.419292,-75.699626,129 Bank Street,24/7;cold brew;breakfast;drive thru
Ottawa Ontario K1P 5R7,45.4215,-75.691894,Ottawa Marriott,breakfast;24/7
Ottawa Ontario K1P 6K7,45.421237,-75.695902,81 Metcalfe Street,drive thru
Ottawa Ontario K1P 6L2,45.4215,-75.691894,Met Life Centre,cold brew;drive thru
Ottawa Ontario K1S 3V5,45.401022,-75.688182,Bank - Third,24/7;drive thru;breakfast;cold brew
Ottawa Ontario K1S 3X6,45.40753,-75.690959,Bank - Hopewell,breakfast;drive thru
Ottawa Ontario K1V 1G6,45.282452,-75.668571,South Keys Chapters,breakfast;drive thru;24/7
Ottawa Ontario K2C 3S4,45.34334,-75.78649,Pinecrest Chapters,24/7;cold brew;breakfast;drive thru
Overland Park Kansas 66208,38.91302,-94.666909,119th - Glenwood,24/7
Overland Park Kansas 66210,38.92365,-94.704508,Corporate Woods,drive thru
Overland Park Kansas 66210,38.92365,-94.704508,Hen House #34 - Overland Park,breakfast
Overland Park Kansas 66210,38.92365,-94.704508,Marriott Overland Park,drive thru
Overland Park Kansas 66213,38.89974,-94.706012,135th - Metcalf,24/7;drive thru
Overland Park Kansas 66213,38.89974,-94.706012,Super Target Overland Park ST-1757,cold brew;breakfast;24/7
Overland Park Kansas 66213,38.909371,-94.725061,119th St. - Hwy 69,24/7;cold brew
Overland Park Kansas 66214,38.960185,-94.715069,Target Overland Park W T-2043,breakfast
Overland Park Kansas 66233,38.85461,-94.709634,151st - Marty St,cold brew;drive thru
Oviedo Florida 327659305,28.652531,-81.20282,Target Oviedo T-897,cold brew;24/7;drive thru;breakfast
Owasso Oklahoma 74055,36.28538,-95.827209,Target Owasso T-2095,drive thru;cold brew;24/7;breakfast
Owatonna Minnesota 55060,44.08164,-93.220934,Owatonna-Selby - Bridge,cold brew;breakfast
Owensboro Kentucky 42301,37.71988,-87.124719,Frederica - Booth,cold brew;breakfast;24/7
Owings Mills Maryland 21117,39.418321,-76.76615,St. Thomas S C,cold brew;drive thru
Owings Mills Maryland 21117,39.419522,-76.778458,Owings Mills,24/7;breakfast;drive thru;cold brew
Oxford Alabama 36203,33.610935,-85.772759,I-20 - Hwy 21,cold brew;drive thru;24/7;breakfast
Oxford Michigan 48371,42.824695,-83.267079,Oxford  MI,breakfast;drive thru;cold brew;24/7
Oxford Mississippi 38655,34.365826,-89.509629,Kroger-Oxford #473,24/7;cold brew
Oxford Ohio 450561817,39.51012,-84.734428,Oxford - Miami University,cold brew;breakfast;24/7;drive thru
Oxnard California 930035313,34.152752,-119.217842,Saviers - Channel Islands  Oxnard,breakfast;drive thru;cold brew;24/7
Oxnard California 93030,34.20034,-119.180439,Vineyard - Esplanade - Oxnard,cold brew;24/7;drive thru;breakfast
Oxnard California 93030,34.206435,-119.174049,Albertsons-Oxnard #6217,drive thru;breakfast
Oxnard California 93030,34.2181,-119.177382,Vons-Oxnard #2436,breakfast;cold brew
Oxnard California 93030,34.218225,-119.177229,Esplanade - Hwy 1  Oxnard,cold brew;24/7
Oxnard California 930307157,34.152752,-119.217842,5th - B Street  Oxnard,24/7;drive thru
Oxnard California 930335617,34.152752,-119.217842,Channel Islands - Rose  Oxnard,cold brew;24/7;drive thru;breakfast
Oxon Hill Maryland 20745,38.814192,-76.998128,Rivertowne Commons  (UCO),drive thru
Ozark Missouri 65721,37.02129,-93.206334,Ramey-Price Cutter-Ozark,drive thru
Pacific Beach California 921093012,32.795124,-117.235023,Garnet - Fanuel  Pacific Beach,breakfast
Pacific Palisades California 90272,34.039197,-118.556325,Pacific Palisades,24/7;cold brew;breakfast;drive thru
Pacifica California 94044,37.563641,-122.512647,Hwy 1 - Linda Mar - Linda Mar,cold brew;drive thru;breakfast;24/7
Pacifica California 94044,37.61949,-122.485218,Hickey - Skyline - Pacifica,drive thru;cold brew;breakfast;24/7
Paducah Kentucky 42003,37.036376,-88.664631,Lourdes Hospital,drive thru;24/7;breakfast
Pahrump Nevada 89048,36.175605,-115.997869,Albertsons-Pahrump #6041,cold brew;breakfast
Palatine Illinois 60067,42.124273,-88.078592,Palatine Metra Station,breakfast
Palatine Illinois 60067,42.132551,-88.097495,Rand - Dundee,breakfast;cold brew;24/7
Palm Beach Florida 33410,26.83272,-80.105319,Garden Square Shops,cold brew;breakfast;24/7
Palm Beach Florida 33410,26.848665,-80.074739,Gardens Mall Kiosk,drive thru
Palm Beach Gardens Florida 33410,26.81629,-80.097784,Northlake Blvd - I-95,24/7;cold brew;drive thru;breakfast
Palm Beach Gardens Florida 33410,26.829937,-80.081608,PGA - US Hwy 1,cold brew
Palm Beach Gardens Florida 33410,26.848665,-80.074739,Gardens Mall,breakfast
Palm Beach Gardens Florida 33418,26.834969,-80.120904,PGA - Turnpike,drive thru;cold brew;breakfast;24/7
Palm Coast Florida 32137,29.554433,-81.214529,Albertsons-Palm Coast #4469,24/7;cold brew;breakfast;drive thru
Palm Desert California 92211,33.763065,-116.324469,Albertsons-Palm Desert #6567,breakfast
Palm Desert California 922111411,33.728931,-116.380318,Varner - Washington  Palm Desert,breakfast;24/7;drive thru
Palm Desert California 922118006,33.728931,-116.380318,Washington - 42nd. Ave.  Palm Deser,24/7;drive thru;cold brew
Palm Desert California 92260,33.728913,-116.380319,111 Town Center - Palm Desert,breakfast
Palm Desert California 92260,33.728913,-116.380319,Marriott Desert Springs,drive thru
Palm Desert California 922603306,33.728931,-116.380318,Target Palm Desert T-940,breakfast;drive thru;24/7
Palm Desert California 922603324,33.728931,-116.380318,Palm Desert Town Center Mall,breakfast;cold brew;drive thru
Palm Desert California 922603801,33.728848,-116.365028,Hwy. 111 - Deep Canyon,cold brew;drive thru;24/7
Palm Harbor Florida 34684,28.07988,-82.739294,Hwy 19 - Nebraska Ave.,drive thru;breakfast;24/7
Palm Harbor Florida 34685,28.100457,-82.690441,4940 Ridgemoor Plaza,24/7
Palm Springs California 92262,33.833465,-116.528209,Sunrise - Ramon  Palm Springs,drive thru;24/7
Palm Springs California 92262,33.86135,-116.527152,Palm Springs,24/7;breakfast;drive thru
Palm Springs California 92262,33.89066,-116.618864,Albertsons-Palm Springs #6569,24/7;drive thru;breakfast;cold brew
Palm Springs California 92264,33.801111,-116.495046,Sunny Dunes - Hwy 111,cold brew;breakfast
Palmdale California 935504515,34.57848,-118.116432,Palmdale - 3rd  Palmdale,cold brew;24/7;drive thru;breakfast
Palmdale California 93551,34.587015,-118.146661,Vons-Palmdale #3017,drive thru
Palmdale California 93551,34.5882,-118.148489,Avenue P - Highway 14  Palmdale,cold brew;drive thru;24/7;breakfast
Palmdale California 93551,34.6024,-118.183174,Albertsons-Palmdale #6333,cold brew
Palmdale California 935513003,34.577538,-118.133522,10th - Hwy 14  Palmdale,24/7;cold brew;drive thru
Palmdale California 93552,34.562084,-118.037219,Albertsons-Palmdale #6303,breakfast;cold brew;drive thru;24/7
Palo Alto California 94301,37.445,-122.162514,University Avenue,cold brew;24/7
Palo Alto California 94303,37.463737,-122.151264,Donohoe - East Bayshore (UCO),cold brew
Palo Alto California 94304,37.442355,-122.170544,Stanford Shopping Center -Palo Alto,drive thru;breakfast;24/7
Palo Alto California 94306,37.415675,-122.12748,El Camino - El Camino Way,breakfast
Palo Alto California 94306,37.418268,-122.131026,Colorado - Middlefield - Palo Alto,cold brew;drive thru;breakfast;24/7
Palo Alto California 94306,37.426838,-122.144216,361 California - Palo Alto,cold brew;drive thru;24/7
Palo Alto California 94306,37.427552,-122.149258,2000 El Camino - Palo Alto,24/7;cold brew
Palos Heights Illinois 60463,41.66264,-87.790769,Dominick's - Palos Heights #1051,cold brew;breakfast;drive thru
Palos Park Illinois 60464,41.67219,-87.815419,Palos Park,breakfast;24/7;cold brew;drive thru
Panama City Florida 32405,30.207745,-85.649694,Hwy 77 - 23rd St,cold brew;breakfast
Paoli Pennsylvania 19301,40.04015,-75.496679,Paoli,drive thru
Papillon Nebraska 68046,41.14654,-96.045789,Super Target Papillon ST-0532,cold brew;drive thru
Paramount California 907235426,33.885406,-118.160782,Paramount - Jackson  Paramount,breakfast
Paramus New Jersey 07652,40.919865,-74.068314,Rt. 4 - Paramus,24/7;cold brew;drive thru;breakfast
Paramus New Jersey 07652,40.9206,-74.077112,Garden State Plaza,24/7;drive thru;breakfast
Paramus New Jersey 07652,40.933146,-74.070631,Rte 17N - Paramus,cold brew;drive thru;breakfast;24/7
Paramus New Jersey 07652,40.955915,-74.069579,Paramus,breakfast;cold brew;24/7;drive thru
Park City Utah 84060,40.68045,-111.501659,Albertsons-Park City #365,24/7
Park City Utah 84098,40.727569,-111.552148,Kimball Junction- Park City,cold brew
Park City Utah 94098,40.660638,-111.498972,Park Ave - Iron Horse,breakfast;24/7;drive thru;cold brew
Park Ridge Illinois 60068,42.008369,-87.830661,Downtown Parkridge,24/7
Park Ridge Illinois 60068,42.012725,-87.841299,Jewell Osco-Park Ridge #3481,cold brew;breakfast
Park Ridge Illinois 60068,42.012725,-87.841299,Northwest Hwy. - Park Ridge,24/7;breakfast;cold brew
Parker Colorado 80134,39.50422,-104.777324,Safeway-Parker #1446,breakfast
Parker Colorado 80134,39.531157,-104.830064,Parker - Hilltop,24/7;drive thru;breakfast;cold brew
Parkland Florida 33073,26.31475,-80.202304,Shops at Parkland,drive thru
Parkridge Illinois 60068,42.012725,-87.841299,Dominick's-Parkridge #1032,breakfast;24/7;drive thru
Parma Ohio 44129,41.3955,-81.735259,Parma - Day - Ridge,breakfast
Pasadena California 91030,34.115805,-118.152129,South Pasadena - Wells Fargo,breakfast
Pasadena California 91101,34.145165,-118.144259,Colorado - Los Robles  Pasadena,breakfast;cold brew;24/7
Pasadena California 91101,34.14582,-118.145124,Pasadena,24/7
Pasadena California 91101,34.14722,-118.139079,Target Pasadena T-883,cold brew
Pasadena California 911012610,34.147228,-118.144241,Pasadena Lake - Wells Fargo,breakfast
Pasadena California 911033383,34.153255,-118.155548,Fair Oaks - Orange Grove  Pasadena,cold brew;breakfast;24/7;drive thru
Pasadena California 911041617,34.147228,-118.144241,Vons-Pasadena #2139,24/7;cold brew
Pasadena California 911041647,34.147228,-118.144241,Washington - Allen  Pasadena,breakfast;drive thru;24/7;cold brew
Pasadena California 91105,34.13714,-118.164808,Fairoaks - California - Pasadena,breakfast;24/7
Pasadena California 91105,34.138565,-118.154124,Old Town Pasadena,cold brew;breakfast
Pasadena California 911053005,34.147228,-118.144241,Vons-Pasadena #2152,drive thru;24/7;breakfast;cold brew
Pasadena California 91106,34.14595,-118.126364,Colorado - Bonnie  Pasadena,24/7;drive thru
Pasadena California 911061955,34.148014,-118.093811,Hill - Walnut  East Pasadena,drive thru;24/7;breakfast;cold brew
Pasadena California 91107,34.17174,-118.082089,Sierra Madre Villa - Foothill,drive thru;cold brew;24/7
Pasadena California 91107,34.174838,-118.071537,Hastings Ranch,drive thru
Pasadena California 911073644,34.147228,-118.144241,Vons-Pasadena #2257,24/7;drive thru;cold brew;breakfast
Pasadena California 911075516,34.112774,-118.125252,Huntington Drive - San Gabriel,drive thru;24/7
Pasadena Texas 77504,29.64751,-95.187662,Spencer Hwy - Burke Rd.(Pasadena),drive thru;breakfast;24/7
Pasadena Texas 77504,29.64751,-95.187662,Super Target Pasadena ST-1396,cold brew;breakfast;24/7;drive thru
Pasadena Texas 77505,29.648875,-95.157469,Beltway 8 - Fairmont Pkwy,24/7
Pasco Washington 99301,46.26703,-119.105098,Tuscany Plaza- Pasco,24/7;breakfast;drive thru;cold brew
Paso Robles California 93446,35.646252,-120.645424,Albertsons-Paso Robles #6314,breakfast;cold brew
Paso Robles California 934463218,35.623932,-120.685364,Creston - Sherwood  Paso Robles,cold brew;drive thru;breakfast
Paso Robles California 934469604,35.625092,-120.691238,46 West - US 101  Paso Robles,24/7;cold brew;breakfast;drive thru
Patterson California 95363,37.47266,-121.129359,Sperry - Rogers - Patterson,drive thru;breakfast
Pattersonville New York 12137,42.884264,-74.080435,NY Thruway Pattersonville Travel Pl,24/7;breakfast
Pawleys Island South Carolina 29585,33.460131,-79.129324,Litchfield Beach - Golf Resort,cold brew
Payson Arizona 85541,34.194399,-111.220049,Safeway-Payson #1536,24/7;breakfast;cold brew;drive thru
Peabody Massachusetts 01960,42.54205,-70.97896,Peabody,drive thru
Peabody Massachusetts 01960,42.542515,-70.918124,North Shore Mall,24/7;breakfast
Peachtree City Georgia 30269,33.385462,-84.562591,Kroger-Peachtree City #422,cold brew;24/7;drive thru;breakfast
Peachtree City Georgia 302693124,33.385464,-84.562592,Peachtree City,drive thru;cold brew
Pearl Mississippi 39208,32.268261,-90.093274,Bass Pro Shops - Pearl,breakfast;cold brew;drive thru;24/7
Pearl Mississippi 39208,32.273942,-90.055869,I-20 - Pearson,drive thru;24/7
Pearland Texas 77581,29.559445,-95.318329,FM 518 - FM 288,24/7
Pearland Texas 77584,29.551722,-95.357579,Super Target Pearland ST-1459,breakfast
Pembroke Pines Florida 33026,26.025761,-80.295741,Target Pembroke Pines T-920,24/7;cold brew;breakfast;drive thru
Pembroke Pines Florida 33027,25.99458,-80.311654,Flamingo Falls,drive thru;24/7;breakfast;cold brew
Pembroke Pines Florida 38367,35.06848,-88.609239,Pine - Douglas,24/7;breakfast;drive thru
Penfield New York 14526,43.167205,-77.436974,Penfield,drive thru;cold brew
Pennington New Jersey 08534,40.376683,-74.780544,Hopewell,24/7;breakfast;drive thru;cold brew
Pennsgrove New Jersey 08069,39.716675,-75.470964,John Fenwick Travel Plaza,drive thru
Pensacola Florida 32503,30.46011,-87.214494,Bayou Blvd - 9th Ave.,drive thru;cold brew;breakfast;24/7
Peoria Arizona 85345,33.57442,-112.243949,Safeway-Peoria #1662,24/7;cold brew
Peoria Arizona 85381,33.60964,-112.232225,Albertsons-Peoria #998,cold brew;breakfast;drive thru
Peoria Arizona 85381,33.6164,-112.220034,75th Avenue - Thurderbird  Peoria,cold brew
Peoria Arizona 853822125,33.58094,-112.242302,Albertsons-Peoria #991,cold brew;breakfast;drive thru;24/7
Peoria Arizona 853824713,33.58094,-112.242302,91st - Bell  Peoria,drive thru;breakfast;24/7
Peoria Illinois 61614,40.75558,-89.607988,Peoria-University - Glen,cold brew;drive thru;breakfast
Peoria Illinois 61614,40.75558,-89.607988,Target Peoria T-871,cold brew;24/7;drive thru;breakfast
Peoria Illinois 61615,40.76632,-89.643389,Peoria-War Memorial - Grand Prairie,cold brew;breakfast
Perris California 92571,33.7816,-117.212539,Nuevo - I-215  Perris,drive thru;cold brew;24/7
Perry Hall Maryland 21128,39.423318,-76.45637,Safeway-Perry Hall #1758,24/7;cold brew
Perrysburg Ohio 43551,41.49458,-83.566854,Kroger-Perrysburg #939,drive thru;24/7
Perrysburgh Ohio 43551,41.55671,-83.628899,Levis Commons,drive thru;breakfast;24/7
Petaluma California 94952,38.25093,-122.862725,Albertsons-Petaluma #7037,24/7;breakfast;drive thru;cold brew
Petaluma California 94952,38.25093,-122.862725,Petaluma,24/7;breakfast;drive thru;cold brew
Petaluma California 94954,38.251935,-122.630729,N. McDowell - E. Washington,24/7
Petaluma California 94954,38.252233,-122.617316,Lakeville - McDowell - Petaluma,cold brew;breakfast;24/7;drive thru
Petaluma California 94954,38.252233,-122.617316,Old Redwood - North McDowell - Peta,24/7;drive thru;breakfast
Petaluma California 94954,38.263935,-122.653094,Safeway-Petaluma #796,breakfast;drive thru
Peterborough Ontario K9J 1Z5,44.30073,-78.321309,Chapters - Peterborough,drive thru;breakfast;24/7;cold brew
Pewaukee Wisconsin 53072,43.08224,-88.259859,Pewaukee Capitol Drive,cold brew;breakfast;24/7
Philadelphia Pennsylvania 19102,39.95269,-75.165268,15th - Latimer,drive thru;cold brew
Philadelphia Pennsylvania 19102,39.95269,-75.165268,16th - Walnut,breakfast;drive thru;cold brew;24/7
Philadelphia Pennsylvania 19102,39.95329,-75.165074,Center Square,24/7;cold brew
Philadelphia Pennsylvania 19102,39.95329,-75.165074,The Bellevue,breakfast;drive thru;24/7;cold brew
Philadelphia Pennsylvania 19103,39.95271,-75.174309,Broad - Pine Streets,cold brew;breakfast;24/7;drive thru
Philadelphia Pennsylvania 19103,39.954435,-75.173049,20th - Market,drive thru;cold brew;24/7;breakfast
Philadelphia Pennsylvania 19103,39.95481,-75.166359,16th - Arch,breakfast
Philadelphia Pennsylvania 19103,40.031792,-75.169396,10 Penn Center,cold brew;drive thru
Philadelphia Pennsylvania 19104,39.960535,-75.200319,University of Pennsylvania - 1920 C,24/7;breakfast
Philadelphia Pennsylvania 191043401,39.952251,-75.162369,Shopps  Penn (Tuscany),drive thru
Philadelphia Pennsylvania 19106,39.94821,-75.142469,10th - Chestnut,drive thru;breakfast
Philadelphia Pennsylvania 19106,39.949635,-75.147415,4th - South,drive thru;24/7
Philadelphia Pennsylvania 19106,39.956841,-75.180901,3rd - Arch,drive thru;breakfast;cold brew;24/7
Philadelphia Pennsylvania 19107,39.94809,-75.154249,8th - Walnut,drive thru;cold brew
Philadelphia Pennsylvania 19107,39.952064,-75.160013,1201 Market,cold brew;drive thru
Philadelphia Pennsylvania 19118,40.081835,-75.219359,Germantown Ave.,breakfast
Philadelphia Pennsylvania 19122,39.97784,-75.145159,Temple U Bell Tech Ctr,24/7;cold brew
Philadelphia Pennsylvania 19130,39.959905,-75.164509,Callowhill Street,cold brew;24/7
Philadelphia Pennsylvania 19134,39.99196,-75.111128,Target Philadelphia BridesbrgT-2075,breakfast;drive thru;cold brew
Philadelphia Pennsylvania 19147,39.93691,-75.158289,9th - South,breakfast;cold brew
Philadelphia Pennsylvania 19148,39.920555,-75.149904,Broad - Jackson,cold brew;drive thru;24/7
Phoenix Arizona 85003,33.44826,-112.076414,Phoenix City Hall,breakfast
Phoenix Arizona 85003,33.465622,-112.074074,7th - McDowell,breakfast
Phoenix Arizona 85004,33.446072,-112.072243,America West Arena,breakfast;24/7
Phoenix Arizona 85004,33.45611,-112.073849,Central - Adams (Crown Plaza),drive thru
Phoenix Arizona 850043925,33.451267,-112.07412,3rd - Van Buren St.  Phoenix,cold brew;drive thru;breakfast
Phoenix Arizona 85009,33.456395,-112.123819,Albertsons-Phoenix #1004,breakfast
Phoenix Arizona 85013,33.50915,-112.082489,Park Central Mall - Phoenix,cold brew;drive thru;breakfast;24/7
Phoenix Arizona 85013,33.50915,-112.082489,Safeway-Phoenix #174,cold brew;drive thru;breakfast;24/7
Phoenix Arizona 85013,33.526838,-112.085009,St Joseph Hospital,cold brew;24/7;breakfast;drive thru
Phoenix Arizona 850131903,33.448261,-112.076408,7th Avenue - Missouri  Phoenix,cold brew
Phoenix Arizona 85016,33.507675,-112.029754,Esplanade,drive thru;breakfast;cold brew;24/7
Phoenix Arizona 85016,33.507786,-112.02744,16th - Camelback,24/7;breakfast;drive thru;cold brew
Phoenix Arizona 85016,33.50923,-112.031869,Safeway - Phoenix #2042,24/7;cold brew
Phoenix Arizona 85016,33.529293,-112.028417,24th St. - Camelback  Phoenix,24/7;cold brew;breakfast
Phoenix Arizona 850162514,33.448261,-112.076408,16th Street - Bethany Home  Phoenix,drive thru;cold brew;breakfast
Phoenix Arizona 850171916,33.448261,-112.076408,35th Ave - Bethany Home  Phoenix,cold brew;24/7
Phoenix Arizona 85018,33.49887,-111.986864,Safeway - Phoenix #2716,cold brew
Phoenix Arizona 85018,33.49887,-111.986864,Target Phoenix T-950,drive thru;24/7;breakfast;cold brew
Phoenix Arizona 850185333,33.494953,-112.07428,44th - Indian School Road,breakfast;24/7
Phoenix Arizona 85020,33.56093,-112.056734,Safeway-Phoenix #1515,24/7;breakfast
Phoenix Arizona 85021,33.575275,-112.099639,19th - Northern - Phoenix,breakfast;drive thru;cold brew
Phoenix Arizona 850225309,33.607376,-112.074738,7th - Thunderbird  Phoenix,breakfast;drive thru;24/7;cold brew
Phoenix Arizona 850226317,33.448261,-112.076408,3rd Street - Bell Rd  Phoenix,breakfast;24/7;cold brew;drive thru
Phoenix Arizona 85026,33.44826,-112.076409,PHX-Term 3 FS-1 North,drive thru;breakfast;24/7;cold brew
Phoenix Arizona 85027,33.66861,-112.107249,Loop 101 - Beardsley,drive thru;24/7;breakfast
Phoenix Arizona 85027,33.70444,-112.115543,Happy Valley - I-17  Phoenix,breakfast
Phoenix Arizona 85028,33.59361,-111.97997,Tatum - Shea,drive thru;24/7;cold brew;breakfast
Phoenix Arizona 85032,33.599899,-111.98468,Paradise Valley Mall,breakfast;cold brew;drive thru
Phoenix Arizona 85032,33.61323,-111.977794,Tatum - Bell,cold brew;breakfast;24/7
Phoenix Arizona 85032,33.61323,-111.977794,Tatum - Thunderbird,24/7;breakfast;cold brew;drive thru
Phoenix Arizona 85032,33.6248,-112.002509,Albertsons-Phoenix #985,drive thru
Phoenix Arizona 85032,33.6248,-112.002509,Safeway-Phoenix #413,breakfast
Phoenix Arizona 850324749,33.448261,-112.076408,40th Street - Greenway  Phoenix,breakfast;24/7
Phoenix Arizona 85034,33.437785,-112.024809,PHX Terminal 4 N-3,breakfast;24/7;drive thru
Phoenix Arizona 85034,33.437785,-112.024809,PHX- N-2,breakfast;drive thru
Phoenix Arizona 85034,33.437785,-112.024809,PHX-Term 4  Concourse A,24/7;drive thru;cold brew
Phoenix Arizona 85034,33.437785,-112.024809,PHX-Term 4  Concourse C  S-4,drive thru;breakfast;cold brew
Phoenix Arizona 85034,33.437785,-112.024809,PHX-Term 4  Main Gate 2,cold brew;breakfast
Phoenix Arizona 85034,33.437785,-112.024809,PHX-Term 4  S-2,breakfast;cold brew;24/7
Phoenix Arizona 85034,33.437785,-112.024809,PHX-Termina 4,cold brew;drive thru;breakfast;24/7
Phoenix Arizona 85034,33.437785,-112.024809,PHX-Terminal 3,24/7;cold brew
Phoenix Arizona 85035,33.472475,-112.196499,Target Phoenix T-851,breakfast
Phoenix Arizona 850375006,33.448261,-112.076408,99th Avenue - Camelback  Phoenix,cold brew;drive thru;breakfast;24/7
Phoenix Arizona 85040,33.40281,-112.026999,Target S. Mountain Phoenix T-1905,drive thru;24/7;breakfast
Phoenix Arizona 850426952,33.448261,-112.076408,24th St - Baseline  Phoenix,24/7
Phoenix Arizona 85044,33.33304,-111.989859,Safeway-Phoenix #1201,drive thru;cold brew;24/7;breakfast
Phoenix Arizona 85044,33.33304,-111.989859,Safeway-Phoenix #752,24/7
Phoenix Arizona 850480424,33.253948,-111.768303,46th - Chandler,24/7;drive thru;cold brew;breakfast
Phoenix Arizona 85050,33.672156,-112.003534,Tatum - Loop 101  Phoenix,24/7;cold brew
Phoenix Arizona 85050,33.67695,-112.000889,Albertsons-Phoenix #1025,breakfast
Phoenix Arizona 850504202,33.448261,-112.076408,Tatum - Rose Garden  Phoenix,cold brew;24/7;breakfast;drive thru
Phoenix Arizona 850535341,33.448261,-112.076408,43rd Avenue - Thunderbird  Phoenix,24/7;breakfast;drive thru
Phoenix Arizona 85054,33.44826,-112.076414,Marriott Desert Ridge - Lobby,drive thru;24/7;breakfast
Phoenix Arizona 85250,33.52226,-111.921179,Hilton Village,breakfast;cold brew;drive thru;24/7
Phoenix Arizona 85308,33.667675,-112.185837,67th - Beardsley,24/7;drive thru;breakfast;cold brew
Phoenix Arizona 85331,33.764195,-111.978139,48th - Carefree Hwy  N. Phoenix,24/7;cold brew;breakfast
Phoenix Arizona 85331,33.790164,-111.964539,Safeway-Phoenix #1543,drive thru;breakfast
Phoenix Maryland 21131,39.517656,-76.617262,Safeway-Phoenix #1399,drive thru;breakfast;24/7
Pickering Ontario L1V 3M9,43.832804,-79.089123,Liverpool - 2,cold brew
Pickerington Ohio 43147,39.874875,-82.780134,Kroger-Pickerington #538,24/7
Pico Rivera California 90660,33.98706,-118.104314,Washington - Rosemead  Pico Rivera,breakfast;24/7
Pikesville Maryland 21208,39.38887,-76.742265,Safeway-Pikesville #1994,24/7;breakfast;cold brew
Pinecrest Florida 33156,25.686115,-80.311263,9001 S. Dixie Hwy.,24/7;breakfast;cold brew;drive thru
Pinellas Park Florida 33780,27.830625,-82.679656,Park Blvd - US Hwy 19,24/7;breakfast;cold brew;drive thru
Pinellas Park Florida 34665,27.84286,-82.702529,Target Pinellas Park T-2064,drive thru;24/7
Pineville North Carolina 28134,35.083172,-80.879807,Carolina Place Mall,cold brew;drive thru
Pinole California 94564,38.008258,-122.310983,Pinole,24/7;cold brew
Pinole California 945642250,38.014881,-122.290062,Target Pinole T-737,breakfast;24/7
Piscataway New Jersey 08854,40.539255,-74.471489,Piscataway,24/7;breakfast;drive thru;cold brew
Pismo Beach California 93449,35.136598,-120.623616,Five Cities Drive - 101 Fwy  Pismo,breakfast
Pittsburg California 94565,38.01548,-121.909069,Buchanan - Loveridge - Pittsburg,drive thru;24/7
Pittsburg California 94565,38.01548,-121.909069,California - Loveridge - Pittsburg,cold brew
Pittsburg California 94565,38.01548,-121.909069,Railroad - Leland - Pittsburg,breakfast;cold brew;24/7;drive thru
Pittsburg Kansas 66762,37.410606,-94.704781,29th - Broadway,drive thru;breakfast;24/7
Pittsburgh California 94565,38.01548,-121.909069,Albertsons-Pittsburg #792 7092,drive thru;24/7;breakfast;cold brew
Pittsburgh Pennsylvania 15146,40.43638,-79.780204,Miracle Mile S.C.,drive thru;cold brew
Pittsburgh Pennsylvania 15203,40.42614,-79.977854,Southside,drive thru;24/7;cold brew
Pittsburgh Pennsylvania 15205,40.439021,-80.086532,Giant Eagle Mkt-Pittsburgh #34,drive thru;cold brew;breakfast
Pittsburgh Pennsylvania 15205,40.45592,-80.160664,Robinson Town Centre,24/7
Pittsburgh Pennsylvania 15213,40.43681,-79.963539,Forbes - Craig,cold brew;breakfast;24/7;drive thru
Pittsburgh Pennsylvania 15213,40.43772,-79.953449,Forbes - Atwood,breakfast;cold brew;24/7
Pittsburgh Pennsylvania 15213,40.446762,-79.942305,Robinson Town Centre Mall,24/7;drive thru
Pittsburgh Pennsylvania 15217,40.430775,-79.92336,Murray Avenue,drive thru;cold brew;breakfast
Pittsburgh Pennsylvania 15217,40.43995,-79.932509,Squirrel Hill,24/7;drive thru;cold brew;breakfast
Pittsburgh Pennsylvania 15219,40.43831,-79.997459,OMNI William Penn,breakfast;drive thru;24/7
Pittsburgh Pennsylvania 15219,40.43831,-79.997459,U.S. Steel Tower,24/7;drive thru;breakfast
Pittsburgh Pennsylvania 152191120,40.438301,-79.997437,Station Square-Bessemer Court,drive thru;breakfast;24/7;cold brew
Pittsburgh Pennsylvania 15220,40.41832,-80.046464,Mt. Lebanon (Greentree),24/7;breakfast;drive thru;cold brew
Pittsburgh Pennsylvania 15220,40.429395,-80.039852,Greentree,cold brew;24/7;drive thru;breakfast
Pittsburgh Pennsylvania 15222,40.440365,-80.002315,Market Square,breakfast;drive thru;24/7
Pittsburgh Pennsylvania 15222,40.442195,-79.999859,One Oliver Plaza,drive thru;breakfast;24/7;cold brew
Pittsburgh Pennsylvania 15222,40.44361,-80.002555,Sixth St.,24/7;cold brew;breakfast;drive thru
Pittsburgh Pennsylvania 15224,40.460323,-79.946521,Liberty - Baum,breakfast;cold brew
Pittsburgh Pennsylvania 15224,40.46035,-79.951259,Bloomfield Liberty Ave.,breakfast
Pittsburgh Pennsylvania 15228,40.383599,-80.043809,Galleria at Mt. Lebanon,24/7;breakfast;drive thru;cold brew
Pittsburgh Pennsylvania 152322224,40.438301,-79.997437,Shady Side,24/7
Pittsburgh Pennsylvania 15235,40.446115,-79.850604,Monroeville,24/7;cold brew;drive thru
Pittsburgh Pennsylvania 15237,40.57717,-80.026302,McKnight - Siebert,24/7;breakfast
Pittsburgh Pennsylvania 152383100,40.511688,-80.090057,Giant Eagle Mkt-Pittsburgh #72,24/7;breakfast;drive thru
Pittsburgh Pennsylvania 15275,40.455051,-80.183818,Robinson  Lafayette Plaza,breakfast;drive thru
Pittsburgh Pennsylvania 15282,40.43831,-79.997459,Duquesne University - Student Ctr,drive thru;cold brew
Pittsfield Massachusetts 01201,42.409175,-73.314439,Pittsfield,breakfast;24/7;cold brew;drive thru
Pittsford New York 14534,43.063093,-77.469813,Pittsford,24/7;drive thru;breakfast;cold brew
Placerville California 95667,38.71761,-120.836059,Missouri Flat - Hwy 50 -Placerville,breakfast
Placerville California 95667,38.723025,-120.834189,Albertsons-Placerville #7256,drive thru;24/7
Placerville California 95667,38.723025,-120.834189,Main - Bedford - Placerville,cold brew
Placerville California 95667,38.723025,-120.834189,Safeway-Placerville #1724,breakfast;24/7;drive thru
Placerville California 95667,38.730981,-120.786735,1228 Broadway - Placerville,24/7;breakfast;cold brew
Plainfield Illinois 60544,41.62286,-88.184799,Plainfield-127th - Route 59,drive thru;cold brew;24/7
Plainfield Illinois 60544,41.681259,-88.166534,Albertsons-Plainfield #3190,cold brew;breakfast
Plainfield Indiana 46168,39.704395,-86.397759,Plainfield Commons,breakfast;drive thru
Plainview New York 11803,40.77636,-73.466224,Plainview Centre,drive thru;breakfast;24/7;cold brew
Plainville Connecticut 06062,41.686105,-72.888479,Plainville,drive thru
Plainville Massachusetts 02762,42.00634,-71.336914,Target Plainville T-1930,cold brew;drive thru
Plano Texas 75023,33.07182,-96.763909,Legacy - Coit (BB),breakfast;24/7;cold brew;drive thru
Plano Texas 75024,33.05638,-96.776489,Spring Creek - Coit,breakfast;cold brew;24/7;drive thru
Plano Texas 75024,33.065375,-96.824761,Legacy - Dallas N. Tollway,cold brew;24/7;breakfast
Plano Texas 75024,33.104418,-96.786061,Preston - Hwy 121,drive thru;breakfast
Plano Texas 75074,33.03158,-96.675204,Kroger-Plano #563,drive thru;breakfast
Plano Texas 75075,33.00425,-96.732699,Coit - Hwy. 190,breakfast;cold brew;24/7;drive thru
Plano Texas 75075,33.019459,-96.733818,15th - Custer,24/7;cold brew;breakfast
Plano Texas 75075,33.02214,-96.736429,Creekwalk Village,breakfast;drive thru;24/7;cold brew
Plano Texas 75075,33.02214,-96.736429,Target Plano T-67,cold brew;breakfast;drive thru;24/7
Plano Texas 75075,33.024455,-96.733729,Custer - Parker,breakfast;24/7;drive thru;cold brew
Plano Texas 75093,33.028896,-96.814898,The Shops at Willow Bend,cold brew
Plano Texas 75093,33.036664,-96.806713,SuperTarget West Plano ST-1764 #333,breakfast
Plano Texas 75093,33.036705,-96.794709,Preston - 544 (B-N),24/7
Plano Texas 75093,33.036705,-96.794709,Preston - Lorimar,drive thru
Plano Texas 75093,33.036705,-96.794709,Preston - Old Shephard,cold brew;24/7
Plano Texas 75093,33.036709,-96.813538,Park - Tollway,24/7
Plano Texas 75093,33.042189,-96.791873,Parker - Alma,cold brew
Plano Texas 75093,33.042189,-96.791873,Parker - Tollway,drive thru;24/7
Plano Texas 75825,33.020785,-96.699214,Kroger-Plano #598,24/7;drive thru
Plantation Florida 33317,26.12739,-80.245151,Plantation Towne Square,24/7
Plantation Florida 33322,26.14854,-80.274549,Sunrise Jacaranda Square,cold brew
Plantation Florida 33324,26.129008,-80.269676,Cleary - Nob Hill,drive thru
Pleasant Hill California 94523,37.949907,-122.059498,Albertsons-Pleasant Hill #7062,breakfast;24/7;cold brew;drive thru
Pleasant Hill California 94523,37.949907,-122.059498,Safeway - Pleasant Hill #1541,24/7
Pleasant Hill California 94523,37.953515,-122.074819,Contra Costa - Gregory - Pleasant H,cold brew;24/7;drive thru
Pleasant Hill California 94523,37.97829,-122.064957,I-680 - Monument - Pleasant Hill,breakfast;drive thru;cold brew
Pleasanton California 94566,37.665165,-121.878429,Albertsons-Pleasanton #7002,cold brew;24/7;drive thru
Pleasanton California 94566,37.665165,-121.878429,Safeway-Pleasanton #1502,cold brew;24/7;drive thru;breakfast
Pleasanton California 94588,37.658034,-121.87722,Johnson - Owens - Pleasanton,drive thru
Pleasanton California 94588,37.662045,-121.864868,Amador Center (aka Amador Plaza),drive thru;cold brew
Pleasanton California 94588,37.693199,-121.923912,Stoneridge Mall - Pleasanton,breakfast;cold brew;drive thru
Pleasanton California 94588,37.70182,-121.895596,Pleasanton (The Crossroads),drive thru
Plymouth Indiana 46563,41.329381,-86.376049,Martins-Plymouth #22,breakfast;cold brew;drive thru;24/7
Plymouth Meeting Pennsylvania 19462,40.11293,-75.285156,Plymouth Meeting Mall,breakfast;24/7;cold brew
Plymouth Meeting Pennsylvania 19462,40.128805,-75.307689,Plymouth Meeting,drive thru;breakfast;24/7
Plymouth Michigan 48170,42.356757,-83.485994,Mayflower Centre,breakfast
Plymouth Michigan 48170,42.375675,-83.451944,Kroger-Plymouth #670,cold brew;24/7
Plymouth Minnesota 55350,44.943849,-94.525114,Rockford Square,24/7;breakfast;drive thru;cold brew
Plymouth Minnesota 55441,45.009341,-93.427871,Super Target Plymouth ST-664,drive thru;24/7;cold brew
Plymouth Minnesota 55441,45.00972,-93.454644,Plymouth - Hwy 55 - NW Blvd.,24/7;cold brew;drive thru
Plymouth Minnesota 55447,45.018541,-93.475052,Plymouth Station,drive thru;breakfast;cold brew
Point Richmond California 94081,37.93781,-122.342709,Park Place - Washington,breakfast;24/7;drive thru
Pointe Claire Quebec H9R 5J2,45.448025,-73.817314,CVI-Fairview Pointe Claire,24/7;breakfast;cold brew
Poland Ohio 44514,41.023495,-80.613094,Boardman Youngstown,cold brew;24/7;drive thru
Pomona California 91766,34.041167,-117.798831,Temple - Mission  Pomona,cold brew
Pomona California 917661843,34.054642,-117.750038,Garey - Mission  Pomona,cold brew;24/7;drive thru;breakfast
Pomona California 91786,34.10569,-117.656059,Target Upland T-1834,cold brew;24/7;drive thru;breakfast
Pompano Beach Florida 33062,26.254643,-80.102427,Pompano Plaza,cold brew
Pompano Beach Florida 33062,26.254714,-80.100124,1800 N. Federal Hwy,cold brew;drive thru
Pompano Florida 33069,26.25172,-80.143534,Pompano Travel Plaza,drive thru;24/7
Ponte Vedra Beach Florida 32082,30.197991,-81.383257,Marriott Sawgrass,drive thru;24/7;cold brew;breakfast
Ponte Vedra Florida 32082,30.02352,-81.323539,SR A1A - Palm Valley,cold brew
Port Angeles Washington 98362,48.11872,-123.431329,Safeway-Port Angeles #1492,breakfast
Port Arthur Texas 77642,29.89932,-93.929379,Target Port Arthur T-1877,24/7;breakfast
Port Charlotte Florida 339481004,26.983419,-82.101631,Target Port Charlotte T-690,24/7
Port Chester New York 10573,41.005139,-73.682606,Rye Brook,cold brew;drive thru
Port Credit Ontario L5H 1E9,43.549744,-79.587551,111 Lakeshore Rd. West,24/7;cold brew;breakfast
Port Hueneme California 93041,34.179415,-119.221149,Mandalay Village,drive thru
Port Jefferson New York 11777,40.950555,-73.061484,Port Jefferson,breakfast;drive thru;cold brew;24/7
Port Orange Florida 321274757,29.159782,-81.020119,Super Target Port Orange ST-1795,cold brew;drive thru;breakfast
Port Orchard Washington 91360,34.2119,-118.873849,Safeway-Port Orchard #1082,breakfast;24/7
Port Orchard Washington 98366,47.5315,-122.598909,Albertsons-Port Orchard #475,cold brew;drive thru
Port Orchard Washington 98366,47.5315,-122.598909,Lund - Cathie   Pt.Orchard,cold brew;drive thru;24/7;breakfast
Port Orchard Washington 98367,47.541035,-122.638474,Albertsons-Port Orchard #419,24/7
Port St Lucie Florida 34986,27.27419,-80.363324,Albertsons - Port St. Lucie #4466,breakfast
Port Townsend Washington 98368,48.078112,-122.795582,Safeway-Port Townsend #538,24/7;drive thru
Port Washington New York 11050,40.833626,-73.695525,Port Washington,breakfast;drive thru;cold brew
Portage Indiana 46368,41.57827,-87.183124,Portage  IN-Willowcreek - Central,cold brew;breakfast
Portage Michigan 49024,42.21411,-85.618169,D - W Foods-Portage #436,breakfast
Porterville California 93257,36.06692,-119.037384,Henderson - Prospect - Porterville,breakfast
Portland Maine 04101,43.659145,-70.256654,Exchange Street-Portland  Maine,24/7;drive thru
Portland Maine 04101,43.659145,-70.256654,Hay Building,drive thru;24/7;breakfast;cold brew
Portland Maine 04102,43.659145,-70.256654,PWM - Main Term New Wing Post Sec,drive thru;cold brew;24/7;breakfast
Portland Maine 04103,43.686805,-70.291009,Northgate Plaza,24/7;cold brew;drive thru
Portland Oregon 97005,45.4955,-122.704192,Beaverton,drive thru;24/7;cold brew;breakfast
Portland Oregon 97021,45.45253,-121.130869,Doernbecher Hospital,cold brew;drive thru
Portland Oregon 97201,45.499401,-122.689537,9th - Park,drive thru;24/7;cold brew;breakfast
Portland Oregon 97201,45.509187,-122.687251,Safeway-Portland #2448,drive thru
Portland Oregon 97201,45.511795,-122.675629,Essex House,drive thru
Portland Oregon 97201,45.511795,-122.675629,Goose Hollow,24/7;breakfast
Portland Oregon 97201,45.511795,-122.675629,Hillsdale  OR,breakfast;cold brew
Portland Oregon 97201,45.511795,-122.675629,Macadam Avenue,drive thru
Portland Oregon 97201,45.620846,-122.538643,Park - Clay,cold brew;breakfast;24/7;drive thru
Portland Oregon 97202,45.464462,-122.661308,13th - Tacoma,cold brew
Portland Oregon 97202,45.48409,-122.640029,Safeway-Portland #1627,24/7;drive thru
Portland Oregon 97202,45.49032,-122.635964,Sellwood West Moreland,breakfast
Portland Oregon 97203,45.58891,-122.756719,St. Johns,breakfast;cold brew;24/7;drive thru
Portland Oregon 97203,45.591875,-122.726839,Safeway-St. Johns #1951,cold brew;drive thru
Portland Oregon 97204,45.515029,-122.675225,6th - Main - TI #824,24/7;cold brew;breakfast;drive thru
Portland Oregon 97204,45.517859,-122.67408,5th - Oak US Bank Tower,breakfast;cold brew;24/7
Portland Oregon 97204,45.517859,-122.67408,Pac-West,cold brew
Portland Oregon 97204,45.51815,-122.674149,6th - Washington,cold brew;breakfast;drive thru;24/7
Portland Oregon 97204,45.521925,-122.673559,One World Trade Center,cold brew;drive thru;24/7
Portland Oregon 97204,45.521925,-122.673559,Pioneer Place I,cold brew;drive thru;24/7
Portland Oregon 97204,45.521925,-122.673559,Pioneer Place II,cold brew
Portland Oregon 97205,45.516291,-122.67346,9th - Taylor,24/7;cold brew
Portland Oregon 97205,45.517075,-122.679657,6th and Salmon,breakfast
Portland Oregon 97205,45.52045,-122.695394,Governor Hotel Lobby,24/7;breakfast
Portland Oregon 97205,45.52045,-122.695394,Pioneer Courthouse,drive thru
Portland Oregon 97209,45.52864,-122.683859,Fred Meyer-Staduim #360,breakfast
Portland Oregon 97209,45.52864,-122.683859,Pearl District,drive thru
Portland Oregon 97209,45.52864,-122.683859,Pearl District - TI #816,cold brew
Portland Oregon 97209,45.52938,-122.680844,Kearney Plaza,breakfast;cold brew;drive thru
Portland Oregon 97210,45.523148,-122.710579,23rd - Burnside,drive thru;24/7
Portland Oregon 97210,45.52871,-122.698574,NW 23rd Relocation,drive thru;cold brew
Portland Oregon 97210,45.530087,-122.682541,21st - Lovejoy,breakfast;cold brew
Portland Oregon 97210,45.531815,-122.705643,23rd - Overton,breakfast;drive thru;cold brew;24/7
Portland Oregon 97210,45.534545,-122.711569,Northwest - TI #803,24/7;drive thru;breakfast
Portland Oregon 97210,45.53829,-122.711114,29th - Yeon- Portland,breakfast;cold brew;24/7;drive thru
Portland Oregon 97212,45.548382,-122.666344,15th - Fremont,cold brew
Portland Oregon 97213,45.533685,-122.598119,Glisan Avenue,cold brew
Portland Oregon 97213,45.537635,-122.600019,Safeway-Portland #1447,drive thru
Portland Oregon 97213,45.544595,-122.620699,Beaumont,cold brew;breakfast;24/7;drive thru
Portland Oregon 97214,45.512465,-122.668019,Hawthorne,drive thru;cold brew;breakfast;24/7
Portland Oregon 97214,45.512465,-122.668019,Hawthorne II,cold brew;24/7
Portland Oregon 97214,45.51395,-122.644127,20th - Division,cold brew
Portland Oregon 97214,45.52286,-122.664819,28th - Burnside,cold brew
Portland Oregon 97216,45.51471,-122.559359,Target Portland T-1419,drive thru
Portland Oregon 97217,45.601545,-122.667779,Jantzen Beach (B-N),cold brew;breakfast;drive thru
Portland Oregon 97217,45.612926,-122.704637,Safeway-Portland #1223,cold brew;drive thru
Portland Oregon 972175528,45.594753,-122.726707,Fred Meyer-Portland #150(Interstate,24/7;cold brew;breakfast;drive thru
Portland Oregon 97218,45.56359,-122.599254,PDX Portland Int'l - Terminal B,cold brew;drive thru;breakfast;24/7
Portland Oregon 97219,45.457742,-122.70668,Barbur Blvd - Terwilliger-Portland,breakfast
Portland Oregon 97219,45.465601,-122.696179,Burlingame,24/7
Portland Oregon 97219,45.468729,-122.684302,Multnomah,cold brew;drive thru;breakfast;24/7
Portland Oregon 97219,45.47464,-122.707709,Barbur - Capitol,cold brew
Portland Oregon 97220,45.55494,-122.557769,Gateway,24/7
Portland Oregon 97221,45.496109,-122.727757,Albertsons-Portland #505,24/7
Portland Oregon 97223,45.425788,-122.765754,Washington Square Too,breakfast;drive thru;24/7;cold brew
Portland Oregon 97224,45.396265,-122.755099,Sequoia Pkwy,24/7;drive thru
Portland Oregon 97225,45.508221,-122.781913,Garden Home Marketplace,breakfast
Portland Oregon 97225,45.508221,-122.781913,Raleigh Hills,cold brew;24/7;drive thru
Portland Oregon 97225,45.521534,-122.804591,Safeway-Cedar Mill #1525,breakfast
Portland Oregon 97225,45.523089,-122.806218,Barnes - Miller,24/7;cold brew
Portland Oregon 97229,45.511795,-122.675629,Forest Heights- Portland,cold brew;breakfast
Portland Oregon 97229,45.544531,-122.817029,Albertsons-Portland #596,breakfast;cold brew
Portland Oregon 97229,45.55335,-122.836814,Bethany Village,drive thru
Portland Oregon 97232,45.526229,-122.622719,39th - Sandy,drive thru;breakfast
Portland Oregon 97232,45.52643,-122.621984,West Hollywood,breakfast;drive thru;cold brew
Portland Oregon 97232,45.527233,-122.650543,15th - Broadway,cold brew
Portland Oregon 97232,45.52892,-122.643419,MLK Blvd - Hassalo - Portland,cold brew;breakfast;24/7;drive thru
Portland Oregon 97232,45.52892,-122.643419,OCC -  Lobby,drive thru
Portland Oregon 97232,45.52892,-122.643419,OCC - Commons,cold brew;breakfast;drive thru
Portland Oregon 97232,45.533625,-122.656054,Lloyd Center,breakfast;24/7;drive thru;cold brew
Portland Oregon 97232,45.53502,-122.648959,Grand - Broadway,24/7;breakfast;drive thru;cold brew
Portland Oregon 97255,45.511795,-122.675629,Albertsons-Portland #582,24/7;breakfast;drive thru
Portland Oregon 97258,45.512941,-122.675648,1st Street - Columbia,24/7;cold brew;breakfast;drive thru
Portland Oregon 97266,45.477005,-122.549008,Clackamas  Town Center,breakfast;drive thru
Portland Oregon 97266,45.477005,-122.549008,Clackamas Crossing,24/7;breakfast
Portland Oregon 97266,45.477005,-122.549008,Division Center,24/7
Portland Oregon 97266,45.477005,-122.549008,Eastport Plaza,24/7;breakfast
Portland Oregon 97266,45.481905,-122.560629,Albertsons-Portland #509,24/7
Portland Oregon 97266,45.481905,-122.560629,Fred Meyer-Johnson Creek #153,drive thru;cold brew
Portsmouth New Hampshire 03801,43.070623,-70.77212,Portsmouth Market Square Cigar Stor,drive thru
Portsmouth Virginia 23701,36.81975,-76.381294,Farm Fresh-Portsmouth # 664,cold brew;24/7;breakfast
Post Falls Idaho 83877,47.71153,-116.948059,Post Falls-ID,24/7;cold brew;drive thru
Potomac Maryland 20854,39.017653,-77.208337,Cabin John Shopping Center,cold brew;breakfast;24/7
Potomac Maryland 20854,39.065685,-77.171909,Potomac,24/7;drive thru
Poughkeepsie New York 12601,41.695945,-73.92073,Poughkeepsie - IBM,drive thru;cold brew
Poughkeepsie New York 12601,41.702209,-73.940758,Mid-Hudson,cold brew;breakfast;24/7
Poughkeepsie New York 12603,41.696185,-73.891744,Arlington Square - Route 44,breakfast;24/7;drive thru;cold brew
Poulsbo Washington 98370,47.736285,-122.646819,Poulsbo,24/7;drive thru;cold brew;breakfast
Poway California 92064,32.948121,-117.059883,Poway - Oak Knoll  Poway,cold brew;24/7
Poway California 92064,32.973042,-117.040383,Poway - Community Rd.,drive thru;breakfast;cold brew;24/7
Poway California 920642803,32.954609,-117.041977,Pomerado - Twin Peaks  Poway,breakfast
Powell Ohio 43065,40.1584,-83.132369,Powell - Sawmill,drive thru;breakfast;cold brew
Prairie Village Kansas 66208,39.01517,-94.608814,Prairie Village,breakfast;24/7;cold brew
Prescott Arizona 86301,34.574903,-112.464844,Safeway-Prescott #245,cold brew;breakfast;drive thru
Prescott Arizona 863013020,34.574062,-112.46447,Montezuma - Sheldon  Prescott,breakfast;drive thru
Primm Nevada 89019,35.779205,-115.325089,Primadonna Resorts Travel Plaza,drive thru
Primm Nevada 89109,35.610603,-115.390703,Fashion Outlet - Las Vegas,cold brew
Prince Frederick Maryland 20678,38.553514,-76.596214,Prince Frederick,drive thru;24/7
Prince Frederick Maryland 20678,38.553514,-76.596214,Safeway-Prince Frederick #1731,24/7;drive thru
Princeton Junction New Jersey 08550,40.3163,-74.617095,ACME-Princeton Junction #7948,cold brew;breakfast
Princeton New Jersey 08450,40.349855,-74.659119,Princeton Market Fair,24/7;cold brew;breakfast;drive thru
Princeton New Jersey 08542,40.391353,-74.652659,Princeton,cold brew;24/7;breakfast;drive thru
Princeton West Virginia 24740,37.330722,-80.974521,Bluestone Travel Plaza,drive thru;24/7;breakfast
Prospect Kentucky 40059,38.340387,-85.618792,Prospect Village,cold brew;breakfast
Providence Rhode Island 02903,41.823875,-71.411994,Providence  One Financial,24/7;breakfast;cold brew;drive thru
Providence Rhode Island 02903,41.823875,-71.411994,Providence Biltmore Lobby,cold brew;breakfast;24/7;drive thru
Providence Rhode Island 02906,41.821395,-71.39986,Thayer Street,cold brew;24/7;drive thru
Providence Rhode Island 02906,41.823875,-71.411994,Wayland Sq. Providence,drive thru;breakfast
Prunedale California 93907,36.731698,-121.657108,Hwy 101 - Vierra Canyon - Prunedale,cold brew;24/7
Pueblo Colorado 81005,38.23283,-104.677019,Pueblo - Northern-Pueblo,drive thru;24/7
Pueblo Colorado 81008,38.311895,-104.646739,Hwy 50 - Outlook,24/7
Pueblo West Colorado 81007,38.35526,-104.768416,Safeway-Pueblo West #1760,breakfast;24/7;drive thru;cold brew
Pullman Washington 99163,46.67777,-117.270969,Safeway-Pullman #2639,cold brew;24/7
Pullman Washington 99163,46.730165,-117.181484,Pullman II,cold brew;24/7
Pullman Washington 99163,46.745622,-117.109248,Pullman,drive thru
Puyallup Washington 98371,47.19537,-122.317767,Fred Meyer - Puyallup #265,24/7
Puyallup Washington 98373,47.14889,-122.322834,43rd - Meridian - Puyallup,drive thru;breakfast;24/7
Puyallup Washington 98373,47.14889,-122.322834,Albertsons-Puyallup #468,24/7;drive thru
Puyallup Washington 98373,47.14889,-122.322834,Puyallup,24/7;cold brew;breakfast;drive thru
Puyallup Washington 98373,47.14889,-122.322834,Safeway-Puyallup #2640,drive thru;cold brew
Puyallup Washington 98373,47.15119,-122.302409,116th - Canyon Rd,24/7;breakfast
Puyallup Washington 98373,47.15663,-122.293529,37th - Meridian Puyallup,drive thru;24/7;cold brew
Puyallup Washington 98375,47.088947,-122.293694,176 - Meridian,breakfast;24/7;drive thru;cold brew
Quail Springs Oklahoma 73034,35.68412,-97.445929,Super Target Quail Springs ST-1397,24/7;breakfast;drive thru
Quakertown Pennsylvania 18951,40.478657,-75.248449,Quakertown,breakfast;24/7
Queen Creek Arizona 85242,33.231647,-111.640629,Safeway-Queen Creek #1819,breakfast;cold brew
Queensbury New York 12804,43.331473,-73.676736,Price Chopper-Queensbury #40,breakfast;drive thru
Queensbury New York 12804,43.331473,-73.676736,Target Queensbury T-1830,drive thru
Queensbury New York 12846,43.317724,-73.838322,Queensbury,breakfast;24/7
Quincy Massachusetts 02169,42.252285,-71.004164,Quincy  Monroe Place,cold brew;drive thru
Quincy Massachusetts 02169,42.260965,-70.995894,Quincy - Star Markets,drive thru
Racine Wisconsin 53406,42.728699,-87.858308,Racine-Washington -Greenbay,24/7;drive thru;cold brew;breakfast
Raleigh North Carolina 27604,35.809179,-78.614167,Capital Blvd.,cold brew;24/7
Raleigh North Carolina 27605,35.79047,-78.647089,Glenwood - Peace,cold brew;24/7;drive thru;breakfast
Raleigh North Carolina 27605,35.791409,-78.651851,Cameron Village - HT,drive thru;24/7;breakfast;cold brew
Raleigh North Carolina 27609,35.846204,-78.632725,Target Raleigh  Central T-1892,cold brew;drive thru;breakfast
Raleigh North Carolina 27609,35.859075,-78.655229,North Hills Center,24/7
Raleigh North Carolina 27609,35.859075,-78.655229,North Hills Plaza,24/7;cold brew;breakfast
Raleigh North Carolina 276099118,35.841251,-78.611839,Falls of Neuse,cold brew;breakfast;drive thru
Raleigh North Carolina 27610,35.69266,-78.552274,New Bern Commons,drive thru
Raleigh North Carolina 27612,35.864119,-78.683947,Crabtree Valley Mall,drive thru
Raleigh North Carolina 27612,35.864119,-78.683947,Old Raleigh Village,drive thru
Raleigh North Carolina 27612,35.864119,-78.683947,Pleasant Valley Promenade,cold brew;24/7
Raleigh North Carolina 27613,35.889305,-78.681294,Stonehenge,drive thru;24/7;breakfast;cold brew
Raleigh North Carolina 27614,35.94463,-78.546559,Wakefield Commons,24/7;breakfast
Raleigh North Carolina 27615,35.893191,-78.635932,Super Target Raleigh ST-1826,drive thru;24/7
Raleigh North Carolina 27615,35.899371,-78.651418,Village  Falls Pointe,breakfast;24/7
Raleigh North Carolina 27616,35.894867,-78.563703,Triangle Towne Mall,breakfast;cold brew
Ramona California 92065,33.033,-116.847109,Albertsons-Ramona #6725,drive thru;breakfast;cold brew
Ramsey New Jersey 07446,41.04899,-74.156432,Ramsey,24/7
Rancho Cordova California 95670,38.604603,-121.279026,Safeway-Rancho Cordova #1746,24/7;cold brew;drive thru;breakfast
Rancho Cordova California 95670,38.610001,-121.267496,Hwy 50  Zinfandel,24/7;breakfast
Rancho Cordova California 95670,38.632285,-121.219254,Tributary Point - Hazel - RC,24/7;drive thru
Rancho Cordova California 95742,38.592559,-121.222086,Sunrise - White Rock,drive thru;breakfast;24/7
Rancho Cucamonga California 91701,34.13248,-117.592694,Day Creek - Highland  Rancho Cucamo,drive thru;cold brew;breakfast;24/7
Rancho Cucamonga California 91701,34.13248,-117.592694,Vons-Rancho Cucamonga #2147,cold brew;24/7;drive thru;breakfast
Rancho Cucamonga California 917016328,34.091125,-117.560249,Baseline - Haven  Rancho Cucamonga,drive thru;24/7;cold brew;breakfast
Rancho Cucamonga California 91730,34.091117,-117.560273,Albertsons-Rancho Cucamonga #6523,drive thru
Rancho Cucamonga California 91730,34.091117,-117.560273,Rancho Cucamonga (B-N),cold brew
Rancho Cucamonga California 917303334,34.102631,-117.57383,Foothill - Vineyard  Rancho Cucamon,cold brew
Rancho Cucamonga California 917303694,34.102631,-117.57383,Foothill - Archibald  Rancho Cucamo,24/7;drive thru
Rancho Cucamonga California 917303859,34.091125,-117.560249,Foothill - Spruce  Rancho Cucamonga,breakfast;drive thru;24/7
Rancho Cucamonga California 91737,34.1467,-117.579659,Albertsons-Ranch Cucamonga #6520,cold brew
Rancho Cucamonga California 917398886,34.091125,-117.560249,Victoria Gardens  Rancho Cucamonga,24/7;breakfast
Rancho Cucamonga California 917399316,34.091125,-117.560249,Foothill - I-15  Rancho Cucamonga,drive thru;24/7;cold brew
Rancho Mirage California 92270,33.73239,-116.405509,Bob Hope Drive - Hwy 111  Rancho Mi,24/7;cold brew;drive thru
Rancho Mirage California 92270,33.757785,-116.412664,Country Club - Monterey Avenue  Ran,cold brew;breakfast;24/7
Rancho Mirage California 92270,33.770618,-116.446766,Vons-Rancho Mirage #3218,cold brew;breakfast;24/7;drive thru
Rancho Palos Verdes California 902755354,33.747204,-118.407242,Palos Verdes Dr. West - Hawthorne,drive thru;24/7
Rancho Santa Margarita California 92688,33.586749,-117.630002,Albertsons-Rancho Santa Margarita #,24/7;breakfast;drive thru
Rancho Santa Margarita California 92688,33.586749,-117.630002,Vons-Rancho Santa Marg. #2217,24/7;breakfast;cold brew;drive thru
Rancho Santa Margarita California 926882811,33.640339,-117.591629,Antonio - La Promesa  Rancho Sant,drive thru
Rancho Santa Margarita California 926882815,33.658218,-117.637238,Target Rancho Santa Margarita T-914,24/7;breakfast;cold brew
Rancho Santa Margarita California 926883923,33.63842,-117.60817,Santa Margarita Pkwy - 241,24/7
Rancho Santa Margarita California 926885599,33.634129,-117.603569,Oso - Antonio  Mission Viejo,cold brew;drive thru;24/7
Randolph New Jersey 07869,40.848608,-74.561712,Albertsons-Randolph #7927,breakfast;drive thru;cold brew;24/7
Rapid City South Dakota 57701,44.081165,-103.230889,Albertsons-Rapid City SD #845,breakfast;24/7;cold brew
Rapid City South Dakota 57701,44.081165,-103.230889,Rapid City-Rushmore Mall,24/7;breakfast;drive thru
Rapid City South Dakota 57701,44.081165,-103.230889,Safeway-Rapid City SD #1554,cold brew;drive thru;24/7
Reading Massachusetts 01867,42.526002,-71.103957,Reading Walkers Brook,breakfast;24/7;drive thru
Reading Massachusetts 01867,42.538205,-71.103559,Reading,cold brew;breakfast;24/7;drive thru
Red Bank New Jersey 07701,40.37296,-74.087429,Red Bank,24/7
Red Bluff California 96080,40.15252,-122.362371,Main - Luther - Red Bluff,24/7;drive thru;breakfast;cold brew
Redding California 96001,40.565999,-122.426187,Safeway-Redding #1954,drive thru;24/7;cold brew;breakfast
Redding California 96001,40.566092,-122.426315,1400 Eureka Way - Redding,breakfast;drive thru;24/7
Redding California 96002,40.54333,-122.330264,Cypress - Churn Creek- Redding,cold brew;24/7;drive thru;breakfast
Redding California 96003,40.6298,-122.340039,Lake - Hilltop - Redding,cold brew;24/7;drive thru
Redding California 96003,40.64346,-122.397299,SEC Hilltop Dana-Redding,24/7
Redford Michigan 48239,42.37946,-83.290354,Telegraph  Cathedral--Redfor,drive thru;cold brew;breakfast;24/7
Redlands California 92373,34.06304,-117.240949,Redlands - Alabama  Redlands,breakfast
Redlands California 923735814,34.051331,-117.151138,Albertsons-Redlands #6519,cold brew;24/7;drive thru
Redlands California 92374,34.0658,-117.169444,Target Redlands T-1869,cold brew
Redlands California 923742053,34.051331,-117.151138,Lugonia - Alabama  Redlands,drive thru;cold brew;breakfast
Redlands California 923743246,34.051331,-117.151138,Orange - Pearl- Redlands,breakfast;cold brew
Redmond Oregon 97756,44.27257,-121.175874,Nolan Town Center- Redmond,24/7
Redmond Oregon 97756,44.276895,-121.166694,Safeway-Redmond #1665,breakfast;drive thru
Redmond Washington 98052,47.668155,-122.133819,Fred Meyer - Redmond #664,drive thru
Redmond Washington 98052,47.671127,-122.110246,Bear Creek,drive thru;breakfast;cold brew
Redmond Washington 98052,47.673986,-122.121771,Redmond Center - Relocation,drive thru;24/7;cold brew;breakfast
Redmond Washington 98052,47.674105,-122.130419,Safeway - Redmond #464,24/7;cold brew;breakfast;drive thru
Redmond Washington 98052,47.67856,-122.130994,Overlake,cold brew;24/7;breakfast;drive thru
Redmond Washington 98052,47.67856,-122.130994,Overlake Village,breakfast;cold brew;drive thru
Redmond Washington 98052,47.67856,-122.130994,Redmond North,breakfast;drive thru;24/7
Redmond Washington 98052,47.67856,-122.130994,Redmond Town Center,24/7;drive thru
Redmond Washington 98052,47.67856,-122.130994,Redmond Town Center II,breakfast;cold brew
Redmond Washington 98052,47.67856,-122.130994,Safeco Financial Ops Guckenheimer,24/7;cold brew
Redmond Washington 98052,47.703585,-122.098639,Avondale - 116th - Redmond  WA,cold brew;breakfast;24/7;drive thru
Redmond Washington 980524458,47.689999,-122.085777,Redmond Retail,drive thru;cold brew;24/7
Redmond Washington 98053,47.698369,-122.072947,QFC-Redmond #878,cold brew;breakfast;drive thru
Redondo Beach California 90277,33.813486,-118.381757,Redondo Beach,drive thru;breakfast;24/7;cold brew
Redondo Beach California 90277,33.830091,-118.383963,Albertsons-Redondo Beach #6127,24/7;cold brew
Redondo Beach California 90277,33.830091,-118.383963,Pacific Coast Hwy - Diamond St.,breakfast
Redondo Beach California 90277,33.830091,-118.383963,Vons-Redondo Beach #2273,drive thru;24/7
Redondo Beach California 90278,33.87094,-118.369609,Artesia - Flagler - Redondo Bch.,24/7
Redondo Beach California 90278,33.87094,-118.369609,Target Redondo Beach T-1980,drive thru;breakfast;cold brew;24/7
Redondo Beach California 90278,33.87094,-118.369609,Vons - Redondo Beach #1623,drive thru
Redondo Beach California 90278,33.887615,-118.370189,South Bay Galleria - Redondo Beach,breakfast;cold brew;drive thru;24/7
Redwood City California 94061,37.463171,-122.23321,Albertsons-Redwood City #7127,breakfast
Redwood City California 94061,37.463171,-122.23321,Safeway-Redwood City #305,cold brew;breakfast;drive thru;24/7
Redwood City California 94061,37.484175,-122.227102,Woodside - Gordon - Redwood City,24/7
Redwood City California 94063,37.483789,-122.215109,El Camino - Whipple - Redwood City,24/7
Redwood City California 94063,37.483789,-122.215109,El Camino - Woodside - Redwood City,cold brew;drive thru
Redwood City California 94063,37.483789,-122.215109,Marsh - Florence - Redwood City,24/7;cold brew
Redwood City California 94063,37.484175,-122.227102,Veterans Pkwy - Walnut - Redwood Ci,24/7;breakfast;cold brew
Redwood City California 94063,37.48745,-122.226759,Redwood City,breakfast;24/7
Redwood City California 940632849,37.476833,-122.222542,Target Redwood City T-321,drive thru;24/7;cold brew;breakfast
Redwood City California 94065,37.517105,-122.253969,Redwood Shores,cold brew;24/7;drive thru;breakfast
Reedley California 93654,36.60409,-119.427739,Manning - Reed  Reedley,breakfast;24/7
Rehoboth Beach Delaware 19971,38.712822,-75.102997,Safeway-Rehoboth Beach #2706,cold brew
Rehoboth Delaware 19971,38.690765,-75.075474,Rehoboth,breakfast
Reno Nevada 89501,39.525994,-119.81265,Harrahs Reno Club Cappucino,breakfast;drive thru;cold brew
Reno Nevada 89501,39.525994,-119.81265,South Virginia - California - Reno,24/7;breakfast;drive thru;cold brew
Reno Nevada 89502,39.47118,-119.78624,Meadowood Mall,breakfast;24/7;cold brew
Reno Nevada 89503,39.52891,-119.819469,5th - Nevada - Reno,drive thru;cold brew;24/7;breakfast
Reno Nevada 89503,39.54987,-119.843619,North McCarran,24/7;drive thru;breakfast
Reno Nevada 89509,39.489816,-119.807107,McCarran - Lakeside - Reno,breakfast;24/7
Reno Nevada 89509,39.494625,-119.831929,Kietzke - S. Virginia - Reno,breakfast;drive thru;24/7
Reno Nevada 89509,39.494625,-119.831929,Plumb - Arlington - Reno,24/7;breakfast;cold brew
Reno Nevada 89509,39.49622,-119.860346,Caughlin - McCarran - Reno,24/7;breakfast
Reno Nevada 89511,39.412411,-119.795451,Damonte Ranch - Virginia - Reno,drive thru;24/7
Reno Nevada 89511,39.412411,-119.795451,S. Meadows - Double R - Reno,breakfast
Reno Nevada 89511,39.412411,-119.795451,S. Virginia - Sierra Center Pkwy -,breakfast;drive thru;24/7;cold brew
Reno Nevada 89523,39.528579,-119.898176,Robb - Mae Anne - Reno,24/7
Reno Nevada 89523,39.528579,-119.898176,Safeway - Reno #1210,breakfast
Renton Washington 98005,47.61356,-122.168309,Benson Plaza- Relocation,drive thru;breakfast;24/7
Renton Washington 98055,47.44112,-122.213624,East Valley Hwy - SW 43rd,cold brew;24/7;breakfast
Renton Washington 98055,47.448589,-122.201629,Safeway-Renton #1563,24/7
Renton Washington 98055,47.460127,-122.207112,Benson Plaza,breakfast;cold brew;24/7
Renton Washington 98055,47.46957,-122.210291,Renton Village,24/7;breakfast;cold brew
Renton Washington 98055,47.477519,-122.216043,439 Rainier Avenue South,cold brew
Renton Washington 98056,47.50925,-122.182431,Safeway-Renton (Highlands) #1468,cold brew;drive thru;24/7
Renton Washington 98058,47.44597,-122.14504,Albertsons-Renton #470,breakfast;drive thru
Renton Washington 98058,47.44597,-122.14504,Safeway-Renton #519,drive thru;cold brew;24/7;breakfast
Renton Washington 98058,47.449256,-122.083508,Fairwood,cold brew;breakfast;drive thru
Renton Washington 980594865,47.475239,-122.204933,Highland Marketplace,24/7;drive thru
Reseda California 91335,34.18292,-118.553444,Tampa - Victory  Reseda,cold brew;drive thru;breakfast
Reseda California 91335,34.190835,-118.536036,Reseda - Vanowen  Reseda,cold brew;24/7
Reston Virginia 20190,38.95349,-77.349759,Plaza America,breakfast
Reston Virginia 20190,38.959374,-77.354571,One Freedom Square,drive thru;24/7;cold brew;breakfast
Reston Virginia 20190,38.961526,-77.34645,Target Reston T-1088,breakfast;24/7;cold brew
Reston Virginia 20191,38.936933,-77.351431,Safeway - Reston #0005,drive thru;24/7;breakfast;cold brew
Reston Virginia 20191,38.936933,-77.351431,Safeway - Reston #1570,breakfast;24/7
Reston Virginia 20191,38.941284,-77.356968,South Lakes,breakfast;drive thru;cold brew
Reston Virginia 22090,38.965135,-77.355339,Spectrum,24/7;cold brew;breakfast;drive thru
Reston Virginia 22094,38.959337,-77.353023,Reston,24/7;drive thru;cold brew;breakfast
Revere Massachusetts 02151,42.40807,-71.013589,Target Revere T-1942,drive thru;breakfast
Reynoldsburg Ohio 43009,40.177221,-83.64417,Target Columbus East T-2086,cold brew;breakfast
Reynoldsburg Ohio 43068,39.97757,-82.792619,East Broad - Waggoner,24/7;cold brew
Rialto California 923763302,34.099651,-117.372864,Baseline - Riverside  Rialto ( UCO),drive thru;cold brew
Rialto California 923764686,34.099651,-117.372864,Foothill - Cedar  Rialto,24/7
Rialto California 923767707,34.099651,-117.372864,Riverside - Valley  Rialto (UCO),drive thru;cold brew;24/7
Richardson Texas 75080,32.95146,-96.750199,Beltline - Coit,cold brew;drive thru
Richardson Texas 75080,32.974876,-96.733719,75 - Campbell,drive thru;breakfast;cold brew;24/7
Richardson Texas 75080,32.975185,-96.732169,Campbell - Coit,drive thru;24/7
Richardson Texas 75080,32.986006,-96.728587,Custer - Renner,24/7;drive thru
Richardson Texas 75080,32.989819,-96.747002,University of Texas Dallas,24/7;breakfast;cold brew;drive thru
Richardson Texas 75081,32.93131,-96.717299,Buckingham - Jupiter,breakfast;drive thru
Richardson Texas 75081,32.948456,-96.706629,Super Target Richardson ST-1430,cold brew
Richfield Minnesota 55423,44.888305,-93.246754,Richfield-Lyndale - 77th,breakfast;drive thru
Richland Washington 99352,46.274065,-119.273729,Richland Fred Meyer,cold brew
Richland Washington 99352,46.274065,-119.273729,Washington Plaza Richland,breakfast;drive thru;cold brew;24/7
Richland Washington 99352,46.274065,-119.273729,Winco Shopping Center,breakfast;cold brew;drive thru
Richland Washington 99352,46.32741,-119.323178,Safeway-Richland #333,breakfast;24/7;cold brew;drive thru
Richmond California 94806,37.980145,-122.352674,Richmond - San Pablo (UCO),breakfast
Richmond Heights Missouri 63117,38.63583,-90.347509,St. Louis Galleria Relocation,breakfast;cold brew;24/7;drive thru
Richmond Heights Ohio 44143,41.55704,-81.497029,Richmond Town Square,drive thru;cold brew
Richmond Hill Ontario L4B 4V9,43.85754,-79.405399,Bayview - Hwy 7,drive thru;cold brew;breakfast
Richmond Hill Ontario L4C 3C7,43.87561,-79.443979,Richmond Heights,24/7
Richmond Texas 77469,29.61417,-95.739779,Randalls-Houston #2670,24/7;breakfast;cold brew
Richmond Virginia 20005,38.904344,-77.029598,Midlothian - Courthouse,drive thru;breakfast
Richmond Virginia 23113,37.51169,-77.614239,Huguenot - Robious,cold brew;drive thru;24/7
Richmond Virginia 23220,37.54916,-77.447814,Broad - Bowe,breakfast
Richmond Virginia 23225,37.517506,-77.506638,Target Richmond T-1931,drive thru;cold brew
Richmond Virginia 23226,37.56815,-77.526423,River Road 2,drive thru;breakfast;cold brew;24/7
Richmond Virginia 23226,37.597067,-77.536678,Three Chopt Road,cold brew;24/7;drive thru;breakfast
Richmond Virginia 23230,37.581119,-77.500202,Willow Lawn,24/7;cold brew;breakfast
Richmond Virginia 23230,37.5825,-77.489531,Carytown,breakfast;24/7
Richmond Virginia 23233,37.64828,-77.61404,Gayton Crossing,24/7
Richmond Virginia 23233,37.64828,-77.61404,Shoppes at Westgate,cold brew;breakfast;24/7;drive thru
Richmond Virginia 23233,37.64828,-77.61404,Short Pump Town Center,breakfast;cold brew
Richmond Virginia 23235,37.51779,-77.569019,Ukrops - Richmond #497,drive thru;24/7
Richmond Virginia 23235,37.53142,-77.560159,Shops at the Arboretum,drive thru;cold brew;24/7;breakfast
Richmond Virginia 23235,37.53142,-77.560159,Stony Point Fashion Park,breakfast
Richmond Virginia 23235,37.53142,-77.560159,Stratford Hills,cold brew
Richmond Virginia 23294,37.63285,-77.544871,West End Shops,cold brew;drive thru
Richmond Virginia 23323,36.756052,-76.335541,Farm Fresh-Richmond #576,24/7;drive thru;cold brew
Ridgecrest California 93555,35.62247,-117.651139,Albertsons-Ridgecrest #6331,breakfast;drive thru
Ridgecrest California 935553543,35.622478,-117.668861,China Lake - Drummond  Ridgecrest,drive thru
Ridgefield Connecticut 06877,41.28151,-73.498479,Ridgefield,24/7
Ridgeland Mississippi 39157,32.39997,-90.147994,County Line Rd - Ridgewood Ct,cold brew;24/7
Ridgewood New Jersey 07451,40.981515,-74.112613,Ridgewood,cold brew;24/7;drive thru;breakfast
Rifle Colorado 81650,39.500536,-107.930723,Rifle-I-70 - CO Rd 346,drive thru;24/7;breakfast
Ripon California 95366,37.74087,-121.135454,W. Main - Wilma Ave - Ripon,breakfast
Ripon California 95366,37.746465,-121.130529,Colony - Jack Tone - Ripon,24/7
River Forest Illinois 603051819,41.937679,-87.924568,Jewel Osco-River Forest #3223,drive thru;cold brew;breakfast
River Grove Illinois 60171,41.929056,-87.838337,Dominick's-River Grove #1727,cold brew;drive thru
Riverbank California 95367,37.736505,-120.935744,Oakdale - Patterson - Riverbank,cold brew
Riverbanks California 95367,37.726929,-120.944069,Target Modesto Riverbank T-2096,24/7;cold brew;breakfast;drive thru
Riverdale Utah 84405,41.175882,-112.007421,1140 W Riverdale Rd-Riverdale,24/7;drive thru;cold brew;breakfast
Riverhead New York 11901,40.94139,-72.637709,Riverhead  Tanger II,drive thru;cold brew;breakfast
Riverside California 925033528,33.897381,-117.497017,Magnolia - Harrison  Riverside,breakfast;24/7;drive thru
Riverside California 925034161,33.897381,-117.497017,Magnolia - Tyler Center  Riverside,breakfast;drive thru;24/7;cold brew
Riverside California 925034924,33.911671,-117.498871,Pierce - 91 Fwy  Riverside,drive thru;breakfast;cold brew;24/7
Riverside California 92505,33.898279,-117.476844,Vons-Riverside #2688,cold brew;24/7
Riverside California 92506,33.949843,-117.385704,Arlington - 91 Fwy  Riverside,drive thru;cold brew;breakfast;24/7
Riverside California 92506,33.961056,-117.3879,Vons-Riverside #2659,breakfast;cold brew;drive thru
Riverside California 925062608,33.983601,-117.379494,Arlington - Brockton  Riverside,cold brew;breakfast;24/7
Riverside California 92507,33.975902,-117.339582,1299 University  Riverside,breakfast;24/7;drive thru
Riverside California 92507,33.984278,-117.358435,University - Iowa - Riverside,drive thru;24/7
Riverside California 925076301,33.980637,-117.331139,Canyon Crest - Central  Riverside,24/7;drive thru;cold brew
Riverside California 92508,33.89309,-117.322699,Albertsons-Riverside #6514,cold brew;drive thru
Riverside California 92508,33.896965,-117.331279,Wood - Van Buren  Riverside,cold brew;24/7
Riverside California 92509,33.97012,-117.462199,Clay - Limonite  Riverside,breakfast;cold brew;24/7
Riverside Connecticut 06878,41.0416,-73.579518,Thruway   Riverside,drive thru;breakfast;24/7;cold brew
Riverside New Jersey 08075,40.0514,-74.957239,Target Delran T-2104,cold brew
Roanoke Rapids North Carolina 27870,36.460245,-77.655079,Roanoke Rapids,breakfast;drive thru;24/7;cold brew
Roanoke Texas 76262,32.97834,-97.271904,Albertsons-Roanoke #4149,24/7
Roanoke Virginia 24012,37.323166,-79.871159,Valley View,cold brew;24/7;breakfast
Roanoke Virginia 24018,37.22455,-80.017889,Kroger-Roanoke #401,drive thru;24/7;cold brew;breakfast
Rochester Hills Michigan 48307,42.683184,-83.137019,Hampton Corners,breakfast;24/7
Rochester Hills Michigan 48309,42.664819,-83.160492,Village of Rochester Hills,drive thru;cold brew
Rochester Michigan 48307,42.683184,-83.137019,Downtown Rochester,breakfast;24/7;drive thru;cold brew
Rochester Michigan 483071836,42.681908,-83.133614,Kroger-Rochester #492,drive thru;24/7;cold brew
Rochester Minnesota 55901,44.056338,-92.499628,Super Target Rochester ST-1351,breakfast;drive thru;cold brew
Rochester Minnesota 55902,43.98837,-92.468054,Kahler Grand Hotel,24/7;breakfast
Rochester Minnesota 55902,43.993458,-92.491449,Hy Vee Foods-Rochester #1,drive thru
Rochester New York 14607,43.150601,-77.590498,Monroe Ave.-Rochester,breakfast
Rochester New York 14618,43.1159,-77.573109,Clover Commons,cold brew;breakfast;drive thru
Rochester New York 14620,43.122405,-77.618564,Mt. Hope,breakfast;cold brew;drive thru;24/7
Rock Hill South Carolina 29732,34.977855,-81.066277,Celanese Road,24/7;cold brew
Rockaway New Jersey 07866,40.900116,-74.511513,ACME-Rockaway #7244 7942,breakfast;cold brew;24/7
Rockaway New Jersey 07866,40.900116,-74.511513,Rockaway  Ring Road,drive thru;cold brew
Rockaway New Jersey 07866,40.900116,-74.511513,Target Rockaway T-1864,drive thru;cold brew;breakfast
Rockaway New Jersey 07885,40.918098,-74.508522,Rockaway Townsquare Mall,24/7;drive thru;cold brew;breakfast
Rockford Illinois 61108,42.268594,-89.020074,Rockford-State - Trainer,24/7;breakfast
Rockford Illinois 61112,42.247679,-88.971553,Cherryvale Mall,cold brew;drive thru;24/7;breakfast
Rockford Illinois 61114,42.2669,-89.078354,Rockford,cold brew;24/7;breakfast
Rockford Michigan 49341,43.119079,-85.527172,D - W Foods-Rockford #221,breakfast
Rockford Michigan 49341,43.119079,-85.527172,Meijer-Rockford #226,breakfast;drive thru;24/7
Rocklin California 95677,38.780505,-121.265729,Stanford Ranch - Park - Rocklin,drive thru
Rocklin California 95677,38.78846,-121.218499,Safeway - Rocklin #1866,cold brew;24/7;drive thru
Rocklin California 95677,38.790075,-121.234404,Sunset - West Oaks - Rocklin,cold brew;drive thru;breakfast
Rocklin California 95677,38.795097,-121.214656,Highway 80 - Rocklin Road - Rocklin,24/7;breakfast
Rocklin California 95765,38.814687,-121.259052,Stanford Ranch - Sunset - Rocklin,drive thru;24/7;breakfast;cold brew
Rockville Center New York 11570,40.6673,-73.641189,Rockville Center,drive thru;breakfast;24/7;cold brew
Rockville Maryland 20850,39.082613,-77.146477,Safeway-Rockville #1956,24/7;breakfast;drive thru
Rockville Maryland 20850,39.09659,-77.193763,Fallsgrove,24/7;cold brew;breakfast;drive thru
Rockville Maryland 20852,39.052994,-77.096573,Congressional Plaza,drive thru
Rockville Maryland 20852,39.052994,-77.096573,Mid-Pike Plaza,cold brew
Rockville Maryland 20852,39.052994,-77.096573,Wintergreen Plaza,drive thru;breakfast;cold brew
Rockville Maryland 208521603,39.056774,-77.15683,Montrose Crossing,drive thru;24/7;cold brew;breakfast
Rockville Maryland 20854,39.017653,-77.208337,Potomac Woods Plaza,drive thru;24/7;breakfast;cold brew
Rockville Maryland 20877,39.142994,-77.184848,Safeway-Rockville #1715,cold brew;24/7;breakfast
Rockville Maryland 29853,33.40094,-81.416299,Safeway-Rockville #1668,cold brew
Rockwall Texas 75087,32.897725,-96.469684,FM 740 - I-30(Rockwall),24/7
Rockwall Texas 75087,32.922984,-96.410341,Travel Ctr of America Rockwall,drive thru
Rockwall Texas 75087,32.93563,-96.453879,Kroger - Rockwall #575,breakfast;drive thru;24/7
Rockwall Texas 75087,32.936228,-96.416647,Hwy. 66 - Lake Shore,drive thru
Rocky Hill Connecticut 06067,41.655145,-72.629474,Rocky Hill,drive thru;breakfast
Rocky River Ohio 44116,41.472773,-81.829047,Rocky River,breakfast;drive thru;cold brew;24/7
Rogers Minnesota 55374,45.19152,-93.563546,Super Target Rogers ST-1456,cold brew
Rohnert Park California 94928,38.34648,-122.694369,Cotati - Bodway - Rohnert Park,24/7;breakfast;drive thru
Rohnert Park California 94928,38.34648,-122.694369,Rohnert Park - Labath - Rohnert Pk,cold brew;breakfast
Rohnert Park California 94928,38.366711,-122.690804,Golf Course - Country Club,24/7
Rohnert Park California 949282404,38.343681,-122.712097,Rohnert Park - Commerce,drive thru
Rohnert Park California 949287907,38.343681,-122.712097,Target Rohnert Park T-852,24/7;cold brew
Rolling Hills California 90274,33.777109,-118.37861,Avenue of the Peninsula  Rolling Hi,cold brew;24/7;drive thru
Rolling Hills Estates California 90274,33.777109,-118.37861,Vons-Rolling Hills Estates #2233,cold brew;breakfast
Rolling Hills Estates California 90274,33.785023,-118.356281,Palos Verdes,cold brew
Rolling Meadows Illinois 60008,42.07575,-88.027299,Meijer-Rolling Meadows #228,drive thru;breakfast;cold brew
Rolling Meadows Illinois 60008,42.07575,-88.027299,Rolling Meadows-Golf - Algonquin,drive thru
Romeoville Illinois 60446,41.639835,-88.090669,Dominicks-Romeoville #1691,cold brew;drive thru
Romeoville Illinois 60646,41.98997,-87.742274,Romeoville Towne Center,cold brew
Roscoe Illinois 61073,42.412565,-89.035909,Kroger-Roscoe #855,drive thru
Roseburg Oregon 97470,43.19647,-123.353067,Safeway-Roseburg #1666,cold brew;24/7
Roseburg Oregon 97470,43.22435,-123.378299,Albertsons-Roseburg #515,24/7
Rosemead California 91770,34.04262,-118.085819,San Gabriel - Garvey  Rosemead,cold brew;breakfast;drive thru;24/7
Rosemead California 917702077,34.069576,-118.073196,Rosemead - The 10 Fwy  Rosemead,breakfast;24/7
Rosemont Illinois 60018,42.01153,-87.894305,Rosemont - River - Higgins,cold brew
Rosemount Minnesota 55068,44.73171,-93.140089,Rosemount - CR 42 - Hwy 3,24/7;cold brew;drive thru
Roseville California 95661,38.72512,-121.284719,Roseville,cold brew;24/7;breakfast
Roseville California 95661,38.72512,-121.284719,Roseville - Sunrise - Rosevill,drive thru;breakfast
Roseville California 95661,38.738519,-121.25028,Eureka - Lead Hill - Roseville,drive thru;24/7;cold brew
Roseville California 95661,38.748529,-121.284558,Douglas - Sierra College - Rosevill,drive thru
Roseville California 95678,38.748529,-121.284558,Cirby - Riverside - Roseville,breakfast;drive thru
Roseville California 95678,38.760096,-121.28873,Douglas - Harding - Roseville,24/7;cold brew;drive thru;breakfast
Roseville California 95678,38.760096,-121.28873,Fairway - Pleasant Grove -Roseville,24/7;breakfast
Roseville California 95678,38.76889,-121.265899,Galleria at Roseville - Roseville,breakfast;cold brew;drive thru;24/7
Roseville California 95678,38.773422,-121.274565,Safeway-Roseville #1617,cold brew;drive thru
Roseville California 95678,38.773422,-121.274565,Safeway-Roseville #1890,24/7;cold brew
Roseville California 95678,38.773422,-121.274565,Safeway-Roseville #1899,breakfast;24/7
Roseville California 95678,38.784105,-121.279414,Pleasant Grove - Hwy 65 - Roseville,cold brew;breakfast;drive thru
Roseville California 956781952,38.77636,-121.263809,Hwy 65 - Harding,breakfast;24/7
Roseville California 95747,38.727705,-121.35835,West Roseville,24/7
Roseville California 95747,38.748529,-121.284558,Woodcreek - Pleasant Grove - Rosevi,cold brew;drive thru
Roseville California 95747,38.77164,-121.341758,Safeway-Roseville #2620,drive thru;24/7
Roseville Michigan 48066,42.515625,-82.924909,12 Mile - Gratiot,24/7
Roseville Michigan 48066,42.515625,-82.924909,Roseville on Gratiot,drive thru;breakfast;24/7;cold brew
Roseville Minnesota 55113,44.99178,-93.184454,Fairdale Shoppes,drive thru;breakfast;24/7
Roseville Minnesota 55113,45.01103,-93.157639,Super Target Roseville ST-2101,24/7;cold brew;drive thru;breakfast
Roslyn Heights New York 115772321,40.789101,-73.640427,Roslyn Heights,drive thru;cold brew
Roslyn Pennsylvania 19001,40.12783,-75.128249,Genuardi-Roslyn #3035,breakfast
Roslyn Virginia 22209,38.89467,-77.07381,Rosslyn -  1501 N. 17th Street,cold brew;drive thru
Rossford Ohio 43460,41.604749,-83.563338,Meijer-Rossford #211,cold brew;drive thru;breakfast;24/7
Roswell Georgia 30075,34.046925,-84.386499,Super Target Roswell ST-1761,drive thru;cold brew;breakfast;24/7
Roswell Georgia 30075,34.068753,-84.426414,Hwy 92 - King Rd,cold brew;drive thru;24/7;breakfast
Roswell Georgia 30075,34.081789,-84.410036,Coleman Village,drive thru
Roswell Georgia 30076,33.992815,-84.281194,Holcomb Place,cold brew;24/7;drive thru;breakfast
Roswell Georgia 30076,34.043201,-84.321298,Roswell Marketplace,cold brew;drive thru;24/7;breakfast
Roswell New Mexico 882015635,33.394821,-104.522774,Albertsons-Roswell #990,24/7;drive thru;cold brew;breakfast
Round Rock Texas 78664,30.486464,-97.648394,Louis Henna - Greenlawn,cold brew;drive thru;24/7
Round Rock Texas 78664,30.498715,-97.636874,Randalls-Round Rock #2636,24/7;cold brew;drive thru;breakfast
Round Rock Texas 78681,30.489,-97.676984,IH-35 - FM 1325,breakfast;cold brew
Round Rock Texas 78681,30.489,-97.676984,IH-35 - Round Rock Ave,cold brew
Rowland Heights California 91748,33.982498,-117.898202,Target Rowland Heights T-222,breakfast
Rowland Heights California 91748,34.002233,-117.926606,Puente Hills,breakfast;cold brew;drive thru;24/7
Rowland Heights California 917483211,33.988468,-117.904778,Colima Rd. - Fairway Dr.,drive thru;cold brew
Rowlett Texas 75089,32.90296,-96.567287,Hwy. 66 - Dalrock,breakfast;cold brew;drive thru;24/7
Royal Oak Michigan 48067,42.488155,-83.142444,Royal Oak MI,cold brew;breakfast;drive thru
Royal Oak Michigan 48073,42.51806,-83.174599,Beaumont Hospital Royal Oak,24/7
Royal Oak Michigan 48073,42.518364,-83.168437,13 Mile - Woodward,cold brew;24/7
Royal Oak Michigan 480731001,42.488171,-83.142441,Meijers-Royal Oak #34,drive thru;24/7;cold brew
Royal Palm Beach Florida 33411,26.681835,-80.247059,Southern Blvd. - 441,cold brew;24/7
Rye New York 10708,40.936062,-73.831224,Rye,cold brew;breakfast;drive thru
S. Burlington Vermont 05403,44.458426,-73.134895,Williston Rd  S. Burlington,drive thru
Saanich British Columbia V8N 4G3,48.4601,-123.289574,Cadboro Bay,24/7;cold brew;drive thru;breakfast
Saanich British Columbia V8X 4V1,48.458885,-123.376629,Broadmead,cold brew;24/7;breakfast
Saco Maine 04072,43.49925,-70.444494,Saco,breakfast;cold brew;24/7
Sacramento California 93940,36.593435,-121.878119,Freeport - Sutterville - Sacramento,24/7;breakfast;cold brew;drive thru
Sacramento California 95814,38.56937,-121.490494,15th - H Street - Sacramento,24/7;cold brew;drive thru
Sacramento California 95814,38.57418,-121.491329,Sacramento Con Ctr-13th St Cafe,24/7;breakfast;cold brew;drive thru
Sacramento California 95814,38.5754,-121.481944,19th - J Street - Sacramento,cold brew;24/7;drive thru;breakfast
Sacramento California 95814,38.5754,-121.481944,Safeway-Sacramento - 19th #2684,drive thru;cold brew
Sacramento California 95814,38.579786,-121.491431,5th - I - Sacramento,breakfast;drive thru;cold brew
Sacramento California 95814,38.579786,-121.491431,Downtown Plaza - Sacramento,drive thru;24/7;cold brew;breakfast
Sacramento California 95814,38.579786,-121.491431,J Street - 26th Street - Sacramento,breakfast;24/7;drive thru;cold brew
Sacramento California 95814,38.579912,-121.491374,980 9th - Sacramento,cold brew
Sacramento California 95815,38.621841,-121.421582,Arden Fair Mall,drive thru;cold brew;breakfast
Sacramento California 95816,38.571499,-121.467275,Safeway-Sacramento #2242,breakfast;24/7;drive thru;cold brew
Sacramento California 95816,38.571542,-121.467437,3815 J Street - Sacramento,24/7;breakfast
Sacramento California 95817,38.550795,-121.45883,3rd - Broadway - Sacramento,breakfast;cold brew;drive thru;24/7
Sacramento California 95817,38.57906,-121.490999,Stockton - T Street - Sacramento,24/7;cold brew
Sacramento California 95818,38.56472,-121.492499,15th - Broadway - Sacramento,drive thru
Sacramento California 95819,38.55592,-121.426859,65th St. - Folsom - Sacramento,cold brew;drive thru;breakfast;24/7
Sacramento California 95819,38.563015,-121.435579,H Street - 56th Street - Sacramento,breakfast
Sacramento California 95819,38.568485,-121.440351,Albertsons-Sacramento #7236,cold brew
Sacramento California 95821,38.618545,-121.399814,Town - Country Village,cold brew;breakfast
Sacramento California 95821,38.62343,-121.382989,Watt - Kings Way - Sacramento,cold brew
Sacramento California 95822,38.57906,-121.490999,Calvine - Florin - Elk Grove,cold brew;breakfast
Sacramento California 95823,38.474355,-121.444149,Albertsons-Sacramento #7202,24/7;cold brew;drive thru;breakfast
Sacramento California 95823,38.474355,-121.444149,Center - Bruceville - Sacramento,24/7;drive thru
Sacramento California 95823,38.474355,-121.444149,Duckhorn - Arena - Sacramento,breakfast;cold brew;drive thru
Sacramento California 95823,38.474355,-121.444149,Gerber - Power Inn - Sacramento,24/7;breakfast
Sacramento California 95825,38.575556,-121.409831,Pavilions,drive thru;breakfast;24/7;cold brew
Sacramento California 95825,38.5914,-121.405481,Howe - Arden - Sacramento,24/7
Sacramento California 95825,38.5914,-121.405481,Howe - Fair Oaks - Sacramento,breakfast
Sacramento California 95825,38.5914,-121.405481,Safeway - Sacramento #1530,breakfast;drive thru;cold brew
Sacramento California 95826,38.57906,-121.490999,Folsom - Julliard - Sacramento,breakfast;drive thru;24/7;cold brew
Sacramento California 958265105,38.579048,-121.490982,Albertsons-Sacramento #7240,breakfast;drive thru;24/7
Sacramento California 95827,38.556988,-121.333449,Bradshaw - Old Placerville - Sacram,drive thru;24/7;cold brew;breakfast
Sacramento California 95828,38.48168,-121.399609,Albertsons-Sacramento #7298,breakfast
Sacramento California 95831,38.500562,-121.523352,Greenhaven  Florin,24/7
Sacramento California 95832,38.47421,-121.487749,Freeport - Meadowview - Sacramento,breakfast;drive thru
Sacramento California 95833,38.57906,-121.490999,Gateway Oaks - El Camino - Sacramen,cold brew;drive thru;breakfast
Sacramento California 95833,38.617316,-121.502502,Albertsons-Sacramento #7273,cold brew;breakfast;24/7
Sacramento California 95834,38.640522,-121.480169,I-80 - Truxel - Sacramento,cold brew;drive thru;breakfast
Sacramento California 95834,38.64293,-121.519399,Safeway-North Natomas #2697,breakfast;cold brew;24/7;drive thru
Sacramento California 95834,38.64293,-121.519399,Target Sacramento T-2115,cold brew;drive thru;breakfast;24/7
Sacramento California 95834,38.64293,-121.519399,Truxel - Natomas - Sacramento,cold brew;24/7;breakfast;drive thru
Sacramento California 95837,38.57906,-121.490999,SMF Sac Terminal B,cold brew;drive thru
Sacramento California 95837,38.69085,-121.594385,SMF Sac Term A Lower Level Baggage,breakfast;24/7;cold brew
Sacramento California 95837,38.69085,-121.594385,SMF Sac Terminal A  Food Court,cold brew;24/7
Sacramento California 95838,38.643322,-121.431808,Norwood - I-80 -  Sacramento,24/7;cold brew
Sacramento California 95841,38.66265,-121.344554,1601 P Street - Sacramento,breakfast
Sacramento California 95841,38.662741,-121.344681,Date - Madison - Sacramento,24/7;drive thru;cold brew;breakfast
Sacramento California 95858,38.57906,-121.490999,Calvine - Power Inn - Sacramento,cold brew
Sacramento California 95864,38.59585,-121.389639,Arden Plaza,24/7;cold brew;breakfast;drive thru
Sahuarita Arizona 85629,31.98719,-110.952494,Safeway-Sahuarita #1771,cold brew;drive thru;24/7
Saint Paul Minnesota 55118,44.90125,-93.10119,Super Target Saint Paul ST-2046,breakfast;cold brew;24/7;drive thru
Salem Massachusetts 01970,42.5224,-70.895809,Salem-Dodge Street,24/7;cold brew;breakfast;drive thru
Salem Oregon 97301,44.941212,-122.983162,Lancaster Mall,24/7;drive thru
Salem Oregon 97301,44.944426,-122.983294,1134 Lancaster Dr,breakfast;drive thru;24/7;cold brew
Salem Oregon 97301,44.948015,-123.006859,Safeway-Salem #1629,24/7;cold brew;breakfast
Salem Oregon 97301,44.95017,-122.982864,Liberty Plaza,drive thru;breakfast;cold brew
Salem Oregon 97302,44.904735,-123.047129,Safeway-Salem #1935,cold brew
Salem Oregon 97302,44.93323,-123.043854,South Salem,cold brew;breakfast;drive thru
Salem Oregon 973024682,39.76627,-84.208496,Fred Meyer - South Salem #355,drive thru
Salem Oregon 97303,45.00384,-123.023327,Salem Parkway- Salem,drive thru;breakfast;cold brew;24/7
Salem Oregon 97304,44.961419,-123.083444,Safeway-Salem #412,breakfast;cold brew;24/7
Salem Oregon 97304,44.961419,-123.083444,Wallace - Glen Creek- Salem,drive thru;24/7
Salem Oregon 97308,44.93323,-123.043849,Salem  OR,drive thru;cold brew
Salinas California 93901,36.65854,-121.657609,Main - San Joaquin - Salinas,cold brew;breakfast
Salinas California 93906,36.670845,-121.654834,Main - Boranda - Salinas,cold brew;breakfast
Salinas California 93906,36.695765,-121.631284,Constitution - Independence - Salin,drive thru;breakfast
Salinas California 93906,36.711267,-121.638591,Safeway-Salinas #2654,24/7
Salinas California 93906,36.711267,-121.638591,Target Salinas T-676,breakfast;drive thru;cold brew
Salinas California 93906,36.711267,-121.638591,Westridge S.C.-Salinas,24/7;cold brew
Salisbury Maryland 21801,38.365735,-75.595319,North Salisbury,cold brew;24/7;breakfast;drive thru
Salisbury North Carolina 28145,35.666934,-80.469354,Towne Creek Commons,breakfast
Salmon Creek Washington 98686,45.71335,-122.630169,Safeway-Salmon Creek #1842,cold brew;24/7
Salt Lake City Utah 84101,40.75522,-111.899684,Sheraton Salt Lake City - Lobby,cold brew;drive thru;24/7;breakfast
Salt Lake City Utah 84101,40.75522,-111.899684,The Gateway,cold brew
Salt Lake City Utah 84102,40.760437,-111.870903,700 East - 400 South - Salt Lake Ci,cold brew;24/7
Salt Lake City Utah 84105,40.738075,-111.860429,9th - 9th,breakfast
Salt Lake City Utah 841052809,40.759521,-111.888191,15th - 15th,cold brew
Salt Lake City Utah 84106,40.72525,-111.871399,2100 South 700 East,drive thru;breakfast;cold brew;24/7
Salt Lake City Utah 84108,40.744082,-111.832913,Foothill Village Store,drive thru
Salt Lake City Utah 84108,40.74481,-111.813186,Albertsons-Salt Lake City #371,24/7;breakfast;cold brew
Salt Lake City Utah 84111,40.754115,-111.884479,Marriott Gallivan Center,drive thru;24/7;cold brew
Salt Lake City Utah 84117,40.671425,-111.824564,Cottonwood I,cold brew;24/7;drive thru;breakfast
Salt Lake City Utah 84121,40.62658,-111.824759,Albertsons-Salt Lake City #395,drive thru;24/7
Salt Lake City Utah 84121,40.62658,-111.824759,Super Target Salt Lake City ST-1751,cold brew
Salt Lake City Utah 84122,40.75952,-111.888229,SLC Salt LK CTY Term 3 D E  Rotunda,drive thru;24/7
Salt Lake City Utah 84132,40.772827,-111.835139,U of Utah Med Center- ER Entrance,drive thru;breakfast
Sammamish Washington 98074,47.613435,-122.035494,Sammamish Highlands,cold brew;breakfast;24/7;drive thru
Sammamish Washington 98074,47.613435,-122.035494,Sammamish II,cold brew;breakfast
Sammamish Washington 98075,47.578842,-122.044328,Pine Lake Relocation,breakfast
San Angelo Texas 76901,31.447605,-100.475654,Sherwood - Ave. N,cold brew;breakfast
San Anselmo California 94960,37.975756,-122.562616,Safeway-San Anselmo #1723,drive thru;breakfast;cold brew
San Antonio Texas 78205,29.42449,-98.494624,Hear Music - Riverwalk,drive thru;cold brew;breakfast
San Antonio Texas 78205,29.42449,-98.494624,Rivercenter,cold brew
San Antonio Texas 78209,29.48005,-98.464724,Broadway - Joliet,cold brew;breakfast;24/7;drive thru
San Antonio Texas 78209,29.483929,-98.466439,The Quarry,24/7
San Antonio Texas 78209,29.494305,-98.468934,Nacogdoches - New Braunfels,breakfast;drive thru;24/7
San Antonio Texas 78213,29.53052,-98.514589,Lockhill Selma,cold brew;breakfast;24/7;drive thru
San Antonio Texas 78216,29.507605,-98.499289,San Pedro - Bitters,cold brew;24/7
San Antonio Texas 78216,29.507605,-98.499289,San Pedro - Rector,breakfast;24/7;cold brew
San Antonio Texas 78216,29.52757,-98.473234,SAT - Term 2  Main Gate Hold Area,24/7
San Antonio Texas 78216,29.534196,-98.492503,North Star Mall,24/7;breakfast;cold brew;drive thru
San Antonio Texas 78223,29.34632,-98.427629,Target San Antonio T-1852,breakfast
San Antonio Texas 78223,29.35184,-98.45793,SE Military - Goliad,drive thru;cold brew;24/7;breakfast
San Antonio Texas 78224,29.33404,-98.542629,Target San Antonio T-771,24/7
San Antonio Texas 78229,29.511201,-98.579964,Medical - Wurzbach,breakfast;24/7
San Antonio Texas 78230,29.392689,-98.705376,Fiesta Trail (B-N),cold brew
San Antonio Texas 78230,29.534828,-98.564301,The Colonade,drive thru;cold brew
San Antonio Texas 78230,29.54913,-98.579108,Huebner Oaks,cold brew;breakfast
San Antonio Texas 78232,29.58444,-98.475959,Target San Antonio (Bitters) T-176,drive thru;24/7
San Antonio Texas 78238,29.47179,-98.614082,Ingram Park Mall,breakfast;drive thru;24/7;cold brew
San Antonio Texas 78238,29.49259,-98.616619,Ingram Festival (B-N),24/7;cold brew;drive thru
San Antonio Texas 78245,29.41185,-98.700039,Target San Antonio T-1979,24/7;drive thru
San Antonio Texas 78248,29.460737,-98.507756,1604 - Blanco Road,cold brew
San Antonio Texas 78250,29.504889,-98.665931,Super Target San Antonio ST-1785,cold brew;breakfast
San Antonio Texas 78250,29.525748,-98.677077,Bandera - Gilbeau,cold brew;24/7;drive thru
San Antonio Texas 78257,29.675527,-98.635769,Boerne Stage Rd - I-10W,drive thru;24/7
San Antonio Texas 78258,29.648849,-98.496199,Super Target San Antonio ST-1354,24/7;breakfast
San Antonio Texas 78288,29.42449,-98.494624,USAA - B Courtyard,24/7;breakfast;drive thru;cold brew
San Antonio Texas 78288,29.42449,-98.494624,USAA - BSB Breakroom,24/7
San Antonio Texas 78288,29.42449,-98.494624,USAA Campus - Building H,breakfast;24/7
San Bernadino California 92407,34.197845,-117.370569,University - I-215  San Bernadino,cold brew;drive thru;breakfast
San Bernadino California 92408,34.07756,-117.241024,Waterman-Hospitality  SanBernardino,cold brew
San Bernardino California 92406,34.1055,-117.294139,CSU San Bernadino - Commons Bldg,24/7;breakfast;drive thru;cold brew
San Bernardino California 92406,34.1055,-117.294139,CSU San Bernadino Student Union Rel,cold brew;breakfast;24/7;drive thru
San Bernardino California 92407,34.190532,-117.346348,Little League Drive - Palm  San Ber,drive thru;breakfast;24/7;cold brew
San Bruno California 94066,37.624421,-122.413798,The Shops at Tanforan,breakfast
San Bruno California 94066,37.624752,-122.411394,501 San Mateo Avenue,breakfast;drive thru;24/7;cold brew
San Bruno California 94066,37.62483,-122.427929,Bayhill - Cherry - San Bruno,24/7;cold brew;breakfast
San Bruno California 94066,37.62483,-122.427929,El Camino - Sneath - San Bruno,24/7;cold brew
San Carlos California 94070,37.505499,-122.262618,San Carlos,drive thru;cold brew;24/7
San Clemente California 92672,33.440823,-117.639573,Albertsons-San Clemente #6509,cold brew;drive thru
San Clemente California 926724047,33.426098,-117.611412,300 S. El Camino Real - San Clement,breakfast;cold brew;24/7;drive thru
San Clemente California 92673,33.442115,-117.616489,Pico - La Pata  San Clemente,cold brew
San Clemente California 92673,33.461258,-117.615981,Albertsons-San Clemente #6563,breakfast;cold brew
San Clemente California 926732848,33.4286,-117.607307,San Clemente,drive thru;cold brew;breakfast;24/7
San Diego California 91915,32.6343,-116.951429,Olympic Parkway - Eastlake  Chula V,breakfast
San Diego California 92019,32.78473,-116.927929,Jamacha - Campo  El Cajon,cold brew;drive thru
San Diego California 92101,32.709924,-117.163776,1st - Market  San Diego,breakfast
San Diego California 92101,32.71413,-117.161064,Horton Plaza,breakfast
San Diego California 92101,32.715685,-117.161724,Broadway - Kettner  San Diego,drive thru;breakfast;cold brew
San Diego California 92101,32.715685,-117.161724,Embassy Suites San Diego Lobby,24/7;drive thru;breakfast
San Diego California 92101,32.715685,-117.161724,Marriott San Diego Marina,24/7;breakfast;cold brew
San Diego California 92101,32.715685,-117.161724,SAN Terminal 1 West Rotunda,breakfast
San Diego California 92101,32.715685,-117.161724,San Diego Convention Center,cold brew;24/7;breakfast;drive thru
San Diego California 92101,32.71764,-117.159882,525 B Street,breakfast;drive thru;24/7
San Diego California 92101,32.718315,-117.162009,SAN Terminal W-3,24/7;cold brew;breakfast;drive thru
San Diego California 92101,32.718315,-117.162009,San Diego Conv Ctr Lobby 3rd Loc,cold brew;breakfast;drive thru;24/7
San Diego California 92101,32.71876,-117.147904,SAN Terminal E-5,cold brew;breakfast;24/7;drive thru
San Diego California 92101,32.72144,-117.162919,SAN Terminal E-2,breakfast
San Diego California 92101,32.72144,-117.162919,San Diego Conv Ctr - Location 2,24/7
San Diego California 92101,32.72876,-117.161149,4th - Market  San Diego,24/7;drive thru
San Diego California 92101,32.731913,-117.171366,India - Hawthorn  San Diego,drive thru;24/7;breakfast
San Diego California 921011613,32.715698,-117.16172,5th - Laurel  San Diego,24/7
San Diego California 921016144,32.713718,-117.161186,Horton Plaza II,cold brew
San Diego California 921016308,32.715698,-117.16172,5th - F Street  San Diego,drive thru;breakfast;cold brew;24/7
San Diego California 921017233,32.715698,-117.16172,10th - Market  San Diego,24/7;drive thru;breakfast;cold brew
San Diego California 921022206,32.715698,-117.16172,28th - B Street  San Diego (UCO),24/7
San Diego California 92103,32.715685,-117.161724,Hillcrest,24/7;cold brew
San Diego California 92103,32.7469,-117.166419,University - Richmond - San Diego,drive thru
San Diego California 921032205,32.74987,-117.17363,Falcon - Washington  San Diego,drive thru
San Diego California 92104,32.715685,-117.161724,Vons-San Diego #2355,drive thru;24/7
San Diego California 921042929,32.715698,-117.16172,29th - University  San Diego (UCO),breakfast;cold brew;drive thru;24/7
San Diego California 92105,32.73932,-117.094432,Albertsons-San Diego #6801,breakfast;24/7;drive thru;cold brew
San Diego California 921052607,32.715698,-117.16172,Fairmount - University (UCO),breakfast;cold brew;24/7;drive thru
San Diego California 921055415,32.715698,-117.16172,Euclid - Federal  San Diego (UCO),cold brew;24/7
San Diego California 921073113,32.748974,-117.249207,Newport - Bacon  Ocean Beach,drive thru
San Diego California 92108,32.715685,-117.161724,Park in the Valley - San Diego,breakfast;cold brew;24/7;drive thru
San Diego California 92108,32.765615,-117.170579,Fashion Valley Mall - San Diego,breakfast
San Diego California 92108,32.771846,-117.156656,Frazee - Friars  San Diego,breakfast
San Diego California 92108,32.774846,-117.149434,Friars Mission,24/7;breakfast
San Diego California 921084737,32.766651,-117.177773,Friars Rd - Fenton Pkwy  San Diego,drive thru;24/7;breakfast
San Diego California 92109,32.74694,-117.160409,5TH and Robinson,drive thru;24/7;breakfast;cold brew
San Diego California 92109,32.781987,-117.236729,P.B. Marketplace,24/7;breakfast;drive thru
San Diego California 92109,32.793845,-117.239554,Pacific Beach,cold brew
San Diego California 921093350,32.746674,-117.18927,Vons-San Diego #2116,breakfast;cold brew;24/7;drive thru
San Diego California 92110,32.745325,-117.186754,Vons-San Diego #2053,cold brew;breakfast;24/7;drive thru
San Diego California 92110,32.752987,-117.225691,Point Loma,24/7
San Diego California 921102602,32.715698,-117.16172,Linda Vista - Napa  San Diego,breakfast
San Diego California 921104526,32.715698,-117.16172,Sports Arena - Rosecrans  San Diego,breakfast;cold brew;24/7
San Diego California 92111,32.82629,-117.144674,Kearny Mesa,drive thru;cold brew;breakfast
San Diego California 921111611,32.83086,-117.15609,Convoy - Raytheon  San Diego,breakfast;drive thru;24/7
San Diego California 921131965,32.706478,-117.155899,Imperial - The 805  San Diego (UCO),drive thru;cold brew;24/7;breakfast
San Diego California 921143501,32.715698,-117.16172,Euclid - Market  San Diego,cold brew
San Diego California 92115,32.77192,-117.067221,Campus Plaza,drive thru
San Diego California 921151621,32.712234,-117.054207,El Cajon - 67th  San Diego,drive thru;breakfast
San Diego California 921152439,32.771702,-117.074059,College - Lindo Paseo  San Diego,drive thru;24/7;breakfast
San Diego California 921155810,32.744453,-117.051331,University - Aragon  San Diego,breakfast;24/7;drive thru
San Diego California 921157134,32.758801,-117.067062,College Grove - College way  San Di,cold brew;drive thru
San Diego California 92116,32.715685,-117.161724,Vons - San Diego #2358,24/7
San Diego California 92117,32.801359,-117.211891,Vons-San Diego #2120,24/7
San Diego California 92117,32.83455,-117.189299,Clairemont Mesa - Shawline  SDiego,drive thru
San Diego California 92117,32.834564,-117.194409,Clairemont Square,drive thru;breakfast;cold brew
San Diego California 92117,32.834564,-117.194409,Genesee Plaza,cold brew;breakfast;24/7;drive thru
San Diego California 921192100,32.79369,-117.06765,Navajo - Hwy 125  San Diego,breakfast;drive thru;cold brew;24/7
San Diego California 92120,32.782871,-117.094264,Mission Gorge Rd. - San Diego,drive thru;breakfast;24/7;cold brew
San Diego California 92120,32.790413,-117.10109,Friars - Riverdale  San Diego,breakfast;cold brew;drive thru
San Diego California 92121,32.715685,-117.161724,Sorrento Court - San Diego,drive thru
San Diego California 921211750,32.890614,-117.201187,Mira Mesa - Scranton  San Diego,24/7;breakfast;cold brew;drive thru
San Diego California 921212315,32.715698,-117.16172,Miramar - Production  San Diego,24/7;breakfast;cold brew
San Diego California 921216304,32.715698,-117.16172,Mira Mesa -Camino Santa Fe  San Die,cold brew;breakfast;drive thru;24/7
San Diego California 92122,32.715685,-117.161724,Albertsons-San Diego #6703,breakfast;drive thru
San Diego California 92122,32.851326,-117.21597,University Town Centre,24/7;breakfast
San Diego California 921221131,32.863838,-117.20491,Genesee - Nobel Dr.  San Diego,24/7
San Diego California 921222939,32.715698,-117.16172,Governor Dr. - Regents Rd.  SD,breakfast;cold brew
San Diego California 92123,32.79562,-117.142779,Stonecrest Plaza,breakfast;drive thru;cold brew;24/7
San Diego California 92123,32.8315,-117.132869,Clairmont Mesa - Overland  San Dieg,cold brew
San Diego California 921242616,32.790829,-117.105278,Tierrasanta - Santo  San Diego,cold brew;breakfast;24/7
San Diego California 92126,32.91225,-117.15072,Mira Mesa Mall,breakfast
San Diego California 92126,32.915607,-117.14025,Albertsons-San Diego #6770,breakfast;cold brew;24/7;drive thru
San Diego California 92126,32.915607,-117.14025,Vons-San Diego #2136,24/7;breakfast;cold brew;drive thru
San Diego California 921262962,32.773281,-117.112289,Mira Mesa - I-15  San Diego,cold brew
San Diego California 92127,32.99782,-117.083444,Camino Del Norte - Dove Canyon  San,drive thru;cold brew;24/7
San Diego California 92128,32.98154,-117.076939,Carmel Mountain,breakfast
San Diego California 92128,33.02727,-117.076758,Rancho Bernardo,breakfast;drive thru;cold brew
San Diego California 921282143,33.019955,-117.119881,Rancho Bernardo - Pomerado  San Die,drive thru;24/7;cold brew;breakfast
San Diego California 92129,32.954946,-117.109041,Rancho Penasquitos,cold brew;breakfast;drive thru;24/7
San Diego California 92129,32.962981,-117.128379,Albertsons-San Diego #6742,drive thru
San Diego California 92129,32.962981,-117.128379,Albertsons-San Diego #689 6772,cold brew;drive thru
San Diego California 92129,32.962981,-117.128379,Vons-San Diego #2081,drive thru;cold brew;24/7
San Diego California 92129,32.965246,-117.095372,Mercy - I-15  San Diego,24/7
San Diego California 921292934,32.773281,-117.112289,Rancho Penasquitos - I-15  San Dieg,cold brew;breakfast
San Diego California 92130,32.927048,-117.206514,Carmel Mountain - E. Ocean Air  SD,24/7
San Diego California 92130,32.941633,-117.23012,Del Mar Highlands,drive thru;24/7;cold brew;breakfast
San Diego California 921302332,32.935532,-117.238533,Carmel Creek - Valley Centre,drive thru
San Diego California 92131,32.91943,-117.082369,Vons-San Diego #2107,cold brew;drive thru;breakfast;24/7
San Diego California 921311222,32.920261,-117.038147,Aviary - Scripps Ranch  San Diego,drive thru;24/7;cold brew;breakfast
San Diego California 92145,32.882985,-117.140004,MCAS Miramar,breakfast;cold brew;24/7
San Diego California 92154,32.58373,-117.062766,Palm - Saturn  San Diego,24/7;breakfast
San Diego California 92154,32.584153,-117.037071,Palm - The 805 Fwy  San Diego,drive thru;24/7;cold brew;breakfast
San Diego California 92182,32.715685,-117.161724,CSUSD - Aztec Shops   West Commons,cold brew
San Diego California 92182,32.715685,-117.16172,CSUSD - Aztec Shops  Aztec Center,24/7;cold brew;drive thru;breakfast
San Diego California 94947,38.095943,-122.58308,Vons-San Diego #2118,cold brew;drive thru;breakfast;24/7
San Diego California 98101,47.609426,-122.339051,SAN Terml 1-Southwest Air Conc,24/7;breakfast;cold brew;drive thru
San Dimas California 91773,34.145667,-117.776199,Albertsons-San Dimas #6594,24/7;breakfast;drive thru
San Dimas California 917732419,34.106709,-117.803841,San Dimas,breakfast;cold brew
San Dimas California 917733003,24.133301,-105.966698,Bonita - San Dimas  San Dimas,cold brew;breakfast;24/7
San Fernando California 913403200,34.282253,-118.440933,Truman - Maclay  San Fernando,breakfast;drive thru;cold brew
San Francisco California 94102,37.77916,-122.420049,Geary - Taylor - San Francisco,drive thru;24/7
San Francisco California 94102,37.779868,-122.418686,201 Powell Street - San Francisco,drive thru;breakfast
San Francisco California 94102,37.77989,-122.418518,Cyril Magnin  O%60Farrell - Nikko,24/7
San Francisco California 94102,37.77989,-122.418518,Market - Fell - San Francisco,breakfast;drive thru;cold brew
San Francisco California 94102,37.79127,-122.398779,455 Market,cold brew;drive thru
San Francisco California 94103,37.773545,-122.411905,9th - Howard,breakfast;cold brew;drive thru
San Francisco California 94103,37.773545,-122.411905,One Market Plaza,breakfast;24/7;cold brew
San Francisco California 94103,37.773545,-122.411905,Safeway-San Francisco #1490,breakfast
San Francisco California 94103,37.773545,-122.411905,Sony Metreon SF (UCO),cold brew;drive thru;breakfast;24/7
San Francisco California 94103,37.778391,-122.415036,1231 Market Street,drive thru;breakfast;cold brew
San Francisco California 94103,37.783743,-122.408284,901 Market St.,24/7;breakfast
San Francisco California 94103,37.784232,-122.404153,120 4th Street,24/7;breakfast;cold brew;drive thru
San Francisco California 941033003,37.77916,-122.420067,Sony Metreon SF (UCO) - Cart,breakfast;drive thru
San Francisco California 941033124,37.77916,-122.420067,3rd - Howard,drive thru
San Francisco California 94104,37.78871,-122.400822,36 Second Street,cold brew;drive thru
San Francisco California 94104,37.789472,-122.401997,44 Montgomery  Market St.,cold brew
San Francisco California 94104,37.789783,-122.410698,Bush and Mont TI #811,drive thru;24/7;cold brew
San Francisco California 94104,37.790059,-122.400865,15 Sutter St.,24/7;drive thru
San Francisco California 94104,37.791051,-122.401709,Kearny  Bush,breakfast;drive thru;cold brew
San Francisco California 94104,37.792674,-122.403468,555 California St.,24/7;cold brew;breakfast
San Francisco California 94105,37.77916,-122.420049,SF Courtyard Marriott Lobby,cold brew;breakfast;24/7;drive thru
San Francisco California 94105,37.787735,-122.40097,74 New Montgomery,drive thru;breakfast
San Francisco California 94105,37.789572,-122.394712,Hills Plaza,24/7;breakfast;drive thru
San Francisco California 94105,37.790951,-122.396243,340 Mission,24/7;cold brew
San Francisco California 94105,37.792179,-122.397478,333 Market St.,cold brew
San Francisco California 94105,37.792265,-122.394205,123 Mission Street,drive thru;24/7;breakfast
San Francisco California 94105,37.793155,-122.394899,Spear Street,drive thru;breakfast
San Francisco California 94107,37.766715,-122.395293,Safeway-San Francisco #2606,breakfast;24/7;drive thru;cold brew
San Francisco California 94107,37.78099,-122.399889,King - 4th Street - San Francisco,24/7;cold brew
San Francisco California 941071713,37.784889,-122.388351,4th - Brannan - WFB,breakfast;drive thru;cold brew
San Francisco California 94108,37.77916,-122.420049,Grant - Bush - San Francisco,breakfast;drive thru;24/7;cold brew
San Francisco California 94108,37.79179,-122.407419,4th - Market - S.F.,drive thru
San Francisco California 941084609,37.78931,-122.406723,390 Stockton  Sutter (Union Sq),cold brew;drive thru;breakfast
San Francisco California 94109,37.77916,-122.420049,Beach - Hyde - San Francisco,cold brew
San Francisco California 94109,37.7852,-122.419594,Polk Street,breakfast
San Francisco California 94109,37.792524,-122.399999,123 Battery,24/7;drive thru;cold brew;breakfast
San Francisco California 94109,37.794246,-122.420568,Bush - Van Ness - S.F.,24/7;drive thru
San Francisco California 941094606,37.77916,-122.420067,Van Ness - California - WFB,breakfast;drive thru;24/7;cold brew
San Francisco California 94110,37.76324,-122.406809,Mariposa - Bryant,drive thru;24/7
San Francisco California 94111,37.77916,-122.420049,Levi's Plaza  Sansome,breakfast;24/7
San Francisco California 94111,37.791769,-122.398328,398 Market St.,24/7;drive thru
San Francisco California 94111,37.793616,-122.39705,50 California St.,drive thru;24/7;breakfast;cold brew
San Francisco California 94111,37.793938,-122.39661,27 Drumm Street,cold brew;drive thru;24/7
San Francisco California 94111,37.79461,-122.402591,565 Clay St.,drive thru;24/7;breakfast;cold brew
San Francisco California 94111,37.794645,-122.401354,Sansome,drive thru
San Francisco California 94111,37.794941,-122.40151,505 Sansome Street,24/7
San Francisco California 94111,37.797017,-122.398189,99 Jackson,breakfast;24/7;cold brew;drive thru
San Francisco California 94111,37.797658,-122.399462,Cal - Bat TI #812,cold brew
San Francisco California 94111,37.797658,-122.399462,Church - Market - S.F.,breakfast
San Francisco California 94111,37.797749,-122.399336,199 Fremont  Howard - SF,cold brew;24/7
San Francisco California 94111,37.797749,-122.399336,425 Battery - San Francisco,drive thru;24/7
San Francisco California 94111,37.797758,-122.400983,701 Battery,24/7;drive thru;cold brew;breakfast
San Francisco California 94114,37.761031,-122.434805,4094 18th St.,24/7;breakfast;drive thru;cold brew
San Francisco California 94114,37.768685,-122.43369,24th - Noe,cold brew;24/7
San Francisco California 941141314,37.77916,-122.420067,Safeway-San Franscisco #1507,drive thru;24/7
San Francisco California 94115,37.785749,-122.439787,1750 Divisadero Street,cold brew
San Francisco California 94115,37.78578,-122.435729,Fillmore - O'Farrell (UCO),drive thru;24/7
San Francisco California 94115,37.787265,-122.433489,Fillmore,drive thru;cold brew;24/7;breakfast
San Francisco California 94117,37.764055,-122.45609,350 Parnassus,breakfast;24/7;cold brew
San Francisco California 94117,37.770891,-122.443744,Albertsons - San Francisco #7137,24/7
San Francisco California 94117,37.770891,-122.443744,Masonic  Fulton - S.F.,24/7;cold brew;drive thru;breakfast
San Francisco California 94118,37.775395,-122.463349,Grand Central Market - Mollie Stone,24/7;drive thru
San Francisco California 94118,37.790795,-122.450914,Laurel Village,cold brew;drive thru;24/7;breakfast
San Francisco California 94122,37.762405,-122.503384,Irving Street,cold brew;24/7;breakfast
San Francisco California 94122,37.763607,-122.477285,1800 Irving Street,24/7
San Francisco California 94123,37.798035,-122.428079,Union Street,drive thru;24/7;cold brew
San Francisco California 94123,37.800085,-122.442014,Chestnut,cold brew
San Francisco California 94123,37.801731,-122.436644,3727 Buchanan - San Francisco,24/7;cold brew
San Francisco California 94123,37.80175,-122.436475,Union Street TI #822,drive thru;24/7;breakfast;cold brew
San Francisco California 94127,37.735323,-122.460503,675 Portola - Miraloma,24/7;drive thru
San Francisco California 94127,37.739716,-122.467212,100 West Portal Vicente,drive thru;cold brew
San Francisco California 94131,37.742657,-122.43951,Safeway - San Francisco #667,cold brew
San Francisco California 94132,37.721879,-122.480919,Albertsons - San Francisco #7128,cold brew
San Francisco California 94132,37.721879,-122.480919,Albertsons - San Francisco #7146,breakfast;drive thru;cold brew;24/7
San Francisco California 94132,37.72694,-122.475529,Stonestown Galleria,24/7;cold brew;drive thru
San Francisco California 94133,37.802239,-122.410069,Jones  Jefferson - San Francisco,cold brew;24/7
San Francisco California 94163,37.779141,-122.420218,5455  Geary Blvd. - WFB,breakfast
San Jose California 92109,32.781987,-117.236729,Blossom Hill,24/7;cold brew
San Jose California 95050,37.347807,-121.953267,Valley Fair Mall - SJ,breakfast;24/7;cold brew
San Jose California 95110,37.28004,-121.874874,SJC Term A  Gate 2,24/7;cold brew;breakfast
San Jose California 95110,37.280085,-121.875764,SJC San Jose Terminal A-3,breakfast;drive thru;cold brew
San Jose California 95110,37.338475,-121.885794,Technology  Metro Drive - San Jose,drive thru;breakfast
San Jose California 95110,37.339171,-121.89977,Target San Jose College Park T-2088,24/7
San Jose California 95110,37.352215,-121.902754,SJC San Jose Terminal C-1,drive thru;breakfast
San Jose California 951102715,37.338451,-121.88578,SJCC - McEnery Bldg.,breakfast;cold brew;24/7
San Jose California 95113,37.33183,-121.890753,101 Center Park Plaza,cold brew;drive thru;24/7
San Jose California 95113,37.338475,-121.885794,Pavilion Downtown,24/7;cold brew
San Jose California 951131705,37.335953,-121.891083,W.Santa Clara  San Pedro Sq,24/7;breakfast;drive thru;cold brew
San Jose California 95118,37.25757,-121.889944,Safeway - San Jose #1574,cold brew;drive thru;24/7
San Jose California 95118,37.25757,-121.889944,Safeway-San Jose #997,24/7;breakfast;drive thru
San Jose California 95118,37.338475,-121.885794,Foxworthy - Cherry - San Jose,drive thru;breakfast
San Jose California 95118,37.338475,-121.885794,Princeton Plaza - San Jose,cold brew
San Jose California 95119,37.234243,-121.790356,Bernal - Via Del Oro - San Jose,cold brew;breakfast
San Jose California 95120,37.215742,-121.859982,Safeway - San Jose #695,24/7;breakfast
San Jose California 951202918,37.338451,-121.88578,Almaden Center - San Jose,cold brew;drive thru;breakfast;24/7
San Jose California 95121,37.338475,-121.885794,Capitol - McLaughlin - San Jose,drive thru;breakfast
San Jose California 95122,37.329151,-121.833848,Story - King - San Jose (UCO),breakfast;drive thru;cold brew;24/7
San Jose California 95122,37.329151,-121.833848,Target San Jose T-1984,drive thru;24/7
San Jose California 95122,37.329151,-121.833848,Tully - King - San Jose,cold brew;breakfast;24/7;drive thru
San Jose California 95122,37.329151,-121.833848,Tully - Quimby - San Jose,drive thru;breakfast;cold brew;24/7
San Jose California 95122,37.338475,-121.885794,Eastridge Mall - San Jose,24/7;cold brew;drive thru;breakfast
San Jose California 95123,37.244938,-121.83256,Albertsons-San Jose #7142,breakfast;24/7
San Jose California 95123,37.250469,-121.86235,Oakridge Mall - San Jose,cold brew
San Jose California 95123,37.338475,-121.885794,Blossom Hill - Winfield - San Jose,breakfast;drive thru
San Jose California 95123,37.338475,-121.885794,Santa Teresa - Snell - San Jose,cold brew;breakfast;24/7
San Jose California 95123,37.338475,-121.885794,Target San Jose Oakridge T-1927,drive thru;cold brew;breakfast
San Jose California 95124,37.256557,-121.922709,Albertsons-San Jose #7106,breakfast;drive thru;24/7;cold brew
San Jose California 95124,37.256557,-121.922709,Hillsdale - Camden - San Jose,breakfast;24/7;cold brew
San Jose California 95124,37.338475,-121.885794,Curtner - Leigh - San Jose,24/7;drive thru
San Jose California 95125,37.293939,-121.894251,Almaden - Curtner - San Jose,breakfast;cold brew;24/7;drive thru
San Jose California 95125,37.293939,-121.894251,Meridian - Willow - San Jose,breakfast;24/7;drive thru
San Jose California 95125,37.29849,-121.897554,Willow Glen,breakfast;drive thru;24/7
San Jose California 95125,37.30886,-121.901354,Bascom Square,24/7;cold brew;breakfast;drive thru
San Jose California 95125,37.30936,-121.874934,Safeway - San Jose #1483,drive thru;cold brew;24/7
San Jose California 95126,37.32593,-121.916289,Park - Naglee - San Jose,24/7;cold brew;drive thru
San Jose California 95126,37.32593,-121.916289,San Carlos - Meridian - San Jose,24/7;cold brew
San Jose California 95126,37.33355,-121.909054,Alameda - Julian - S.J.,breakfast;24/7;cold brew;drive thru
San Jose California 95127,37.338475,-121.885794,Capital Square Mall - San Jose,drive thru;cold brew;24/7
San Jose California 95127,37.338475,-121.885794,Story - White - San Jose,drive thru;24/7
San Jose California 95128,37.338475,-121.885794,Westpark Plaza - San Jose,cold brew;breakfast;24/7
San Jose California 95128,37.338475,-121.885794,Winchester - Magliocco - San Jose,24/7;drive thru
San Jose California 95128,37.338475,-121.885794,Winchester - Steven's Creek,24/7;drive thru;cold brew
San Jose California 95129,37.306478,-122.00113,Almaden - Blossom Hill - San Jose,24/7;drive thru
San Jose California 95129,37.306478,-122.00113,Westgate Shopping Center,24/7;cold brew
San Jose California 95129,37.30993,-121.999369,Stevens Creek - Lawrence - San Jose,24/7;breakfast;cold brew;drive thru
San Jose California 95130,37.287838,-121.982896,Albertsons-San Jose #7111,24/7;breakfast;cold brew;drive thru
San Jose California 95131,37.338475,-121.885794,1st Street - Trimble - San Jose,cold brew;breakfast;24/7
San Jose California 95131,37.338475,-121.885794,North Park Plaza - San Jose,24/7
San Jose California 95133,37.338475,-121.885794,Berryessa - King St - San Jose,breakfast;cold brew;drive thru;24/7
San Jose California 95134,37.409982,-121.940415,North First - Rio Robles - San Jose,drive thru;cold brew;24/7;breakfast
San Jose California 95134,37.409982,-121.940415,River Oaks - Montague - San Jose,24/7;drive thru;cold brew
San Jose California 95135,37.296491,-121.757774,San Felipe - Yerba Buena - San Jose,24/7
San Jose California 95136,37.338475,-121.885794,Capitol - Timberloop - San Jose,cold brew
San Jose California 95136,37.338475,-121.885794,Safeway-San Jose #316,breakfast;cold brew;24/7;drive thru
San Jose California 951363914,37.338451,-121.88578,Albertsons-San Jose #7154,drive thru;24/7;breakfast
San Jose California 95138,37.289804,-121.774285,Silver Creek  Beaumont Canyon - SJ,drive thru;cold brew;breakfast
San Jose California 95138,37.338475,-121.885794,Albertsons-San Jose #7102,drive thru;breakfast;cold brew
San Jose California 95148,37.329271,-121.789847,Capitol - Tully - San Jose,drive thru;breakfast;24/7
San Jose California 95148,37.338475,-121.885794,Albertsons-San Jose #7135,breakfast;cold brew;drive thru;24/7
San Juan Capistrano California 92675,33.49698,-117.662554,San Juan Capistrano,breakfast;drive thru;24/7;cold brew
San Juan Capistrano California 926752703,33.502758,-117.654419,Ortega Hwy - Rancho Viejo  San Juan,drive thru;24/7
San Leandro California 94577,37.711985,-122.168654,Davis - Hwy 880,cold brew
San Leandro California 94577,37.711985,-122.168654,Marina  880 FWY - San Leandro,drive thru;cold brew
San Leandro California 94577,37.72345,-122.161079,Safeway - San Leandro #994,cold brew;breakfast;drive thru
San Leandro California 94577,37.73771,-122.165584,E. 14th St.  San Leandro,cold brew;breakfast;24/7;drive thru
San Leandro California 94578,37.70361,-122.126214,E. 14th - 136th - San Leandro,cold brew
San Leandro California 94578,37.713258,-122.145873,Albertsons-San Leandro #7071,breakfast;24/7;drive thru
San Lorenzo California 94580,37.677885,-122.131477,Albertsons-San Lorenzo #7030,breakfast
San Lorenzo California 945801639,37.6805,-122.127441,15600 Hesperian - San Lorenzo,breakfast;cold brew;24/7;drive thru
San Luis Obispo California 93401,35.196062,-120.699304,Vons-San Luis Obispo #2306,drive thru
San Luis Obispo California 93401,35.285488,-120.651933,San Luis Obispo,breakfast;24/7
San Luis Obispo California 934017097,35.24683,-120.658142,Broad - Tank Farm  San Luis Obispo,breakfast
San Luis Obispo California 93405,35.258615,-120.675164,Madonna - El Mercado,cold brew;drive thru;24/7
San Luis Obispo California 93405,35.30799,-120.680959,Albertsons - San Luis Obispo #6372,drive thru;breakfast;24/7;cold brew
San Luis Obispo California 93405,35.30799,-120.680959,Chorro Street - San Luis Obispo,breakfast
San Marcos California 92069,33.13781,-117.176024,Nordahl - Hwy 78  San Marcos,drive thru;24/7;breakfast;cold brew
San Marcos California 92069,33.140862,-117.158827,Knoll - San Marcos  San Marcos,24/7;breakfast;drive thru
San Marcos California 92069,33.151242,-117.197648,San Marcos Blvd. - Rancho Santa Fe,breakfast;drive thru
San Marcos California 92069,33.186146,-117.155857,Twin Oaks Valley - Discovery  San M,breakfast
San Marcos California 92096,33.140862,-117.158827,CSU San Marcos- Kellogg Cafe,drive thru;breakfast;24/7
San Marcos Texas 78666,29.912655,-97.897974,Centerpoint - I-35,24/7;cold brew;breakfast;drive thru
San Marino California 91108,34.112979,-118.138624,San Marino,breakfast;drive thru;24/7;cold brew
San Mateo California 94401,37.54703,-122.314834,3rd - Delaware - San Mateo,drive thru
San Mateo California 94401,37.54703,-122.314834,Peninsula - Delaware - San Mateo,drive thru;breakfast
San Mateo California 94401,37.574202,-122.321266,DeAnza - Polhemus,24/7;breakfast
San Mateo California 94401,37.574202,-122.321266,San Mateo,breakfast;24/7;cold brew
San Mateo California 94402,37.55338,-122.312369,17th - El Camino - San Mateo,drive thru;cold brew
San Mateo California 94403,37.539574,-122.301813,Saratoga - Park Place North,cold brew;drive thru
San Mateo California 94403,37.54703,-122.314834,Piazza-San Mateo,cold brew;breakfast
San Mateo California 944033497,37.53838,-122.300552,Hillsdale Mall,drive thru;cold brew
San Mateo California 944035166,37.54705,-122.314827,Mollie Stone Market-San Mateo,cold brew;24/7;drive thru;breakfast
San Mateo California 94404,37.59317,-122.234806,Safeway-San Mateo #999,cold brew
San Pablo California 94806,37.953662,-122.332214,San Pablo Dam - San Pablo - Sa(UCO),drive thru;breakfast;24/7
San Pedro California 90732,33.722035,-118.306204,Western - 25th,drive thru;24/7
San Pedro California 90732,33.73836,-118.311864,Albertsons-San Pedro #6164 (6123),breakfast;cold brew;drive thru;24/7
San Pedro California 90732,33.747845,-118.309457,Western - Westmont  San Pedro,breakfast;24/7;cold brew
San Pedro California 907324418,33.744049,-118.297096,Vons-San Pedro #2162,24/7;breakfast;cold brew;drive thru
San Rafael California 94901,37.971495,-122.516244,San Rafael 4th St.,cold brew;drive thru
San Rafael California 94901,37.97457,-122.532474,2nd - Grand - San Rafael,24/7;drive thru
San Rafael California 94903,38.001487,-122.561378,Terra Linda,breakfast;drive thru
San Ramon California 94583,37.72309,-121.942334,Safeway-San Ramon #982,cold brew;breakfast;24/7
San Ramon California 94583,37.751739,-121.957369,Albertsons-San Ramon#7001,cold brew;24/7;drive thru;breakfast
San Ramon California 94583,37.751739,-121.957369,Magnolia Square - San Ramon,cold brew
San Ramon California 94583,37.751739,-121.957369,Target San Ramon T-949,cold brew;breakfast
San Ramon California 945834747,37.722801,-121.942436,500 The Marketplace - San Ramon,drive thru;cold brew;24/7;breakfast
San Ysidro California 92173,32.554715,-117.053534,Camino de la Plaza - I-5  San Ysidr,breakfast;cold brew;drive thru;24/7
Sand City California 93955,36.616856,-121.849472,Hwy 1 - Tioga - Sand City,24/7;drive thru;cold brew
Sandpoint Idaho 838641302,48.272991,-116.547791,Sandpoint  ID,drive thru;cold brew
Sandusky Ohio 44870,41.464026,-82.819578,Sandusky,cold brew;breakfast
Sandusky Ohio 44870,41.47087,-82.810764,Kroger-Sandusky #987,cold brew;24/7;breakfast
Sandy Oregon 97055,45.38978,-122.228638,Fred Meyer - Sandy #663,24/7;drive thru;breakfast;cold brew
Sandy Oregon 97055,45.38978,-122.228638,Safeway - Sandy #782,cold brew
Sandy Oregon 97055,45.393235,-122.273639,Sandy,cold brew;breakfast
Sandy Utah 84070,40.558865,-111.890204,Sandy-106th - State,24/7;cold brew;breakfast
Sandy Utah 84070,40.57895,-111.885704,Super Target Sandy ST-1752,24/7;breakfast;drive thru
Sandy Utah 84092,40.577775,-111.806149,Little Cottonwood Shopping Center,cold brew;breakfast;drive thru
Sandy Utah 84093,40.5949,-111.831379,Albertsons-Sandy #391,cold brew;drive thru;breakfast;24/7
Sanford Florida 32773,28.763953,-81.277922,Super Target Sanford ST-1966,breakfast;24/7
Santa Ana California 92701,33.748075,-117.844365,4th - Broadway  Santa Ana,24/7
Santa Ana California 92701,33.748136,-117.874491,600 Santa Ana Blvd. - Santa Ana,breakfast;cold brew;drive thru
Santa Ana California 92701,33.760005,-117.854059,17th - Grand  Santa Ana,cold brew;24/7
Santa Ana California 92704,33.72488,-117.903034,Albertsons-Santa Ana #6531,drive thru;24/7;breakfast
Santa Ana California 927047245,33.748131,-117.874474,Bristol - MacArthur  Santa Ana,breakfast;24/7;cold brew;drive thru
Santa Ana California 927058609,33.759911,-117.818649,17th - Tustin  Santa Ana,cold brew;breakfast
Santa Ana California 92706,33.76689,-117.881009,Target Santa Ana T-1936,24/7;breakfast;drive thru;cold brew
Santa Ana California 927061457,33.748131,-117.874474,Bristol - Memory Lane  Santa Ana,breakfast
Santa Ana California 92707,33.698582,-117.861352,MacArthur - Hutton  Santa Ana,drive thru;breakfast;cold brew
Santa Ana California 92707,33.711205,-117.867489,SNA John Wayne Conc A,24/7
Santa Ana California 92707,33.711205,-117.867489,SNA John Wayne Conc B,drive thru
Santa Ana California 92707,33.711205,-117.867489,SNA John Wayne Food Court,drive thru;cold brew;24/7;breakfast
Santa Barbara California 93101,34.419949,-119.699523,800 State Street,drive thru;24/7
Santa Barbara California 931011601,34.419258,-119.69883,State - Cota  Santa Barbara,24/7;cold brew;breakfast
Santa Barbara California 931012607,34.419258,-119.69883,State - Victoria  Santa Barbara,breakfast
Santa Barbara California 93105,34.585461,-119.989195,Five Points Center,drive thru;cold brew
Santa Barbara California 931055154,34.439243,-119.750862,Hwy 101 - La Cumbre Road  Santa Bar,breakfast;24/7;cold brew
Santa Barbara California 93108,34.429143,-119.678121,Montecito,cold brew
Santa Barbara California 93109,34.402073,-119.723765,1990 Cliff Drive  Santa Barbara,breakfast;24/7;cold brew;drive thru
Santa Clara California 913502353,37.39246,-121.877281,Vons-Saugus #1669,cold brew;drive thru
Santa Clara California 94111,37.797658,-122.399462,Santa Clara,24/7;cold brew;drive thru;breakfast
Santa Clara California 95050,37.327948,-121.96601,200 Saratoga Ave,24/7;drive thru;cold brew
Santa Clara California 95050,37.346755,-121.943584,Safeway-Santa Clara #763,breakfast;cold brew
Santa Clara California 95050,37.355509,-121.954262,El Camino  Railroad - Santa Clara,drive thru
Santa Clara California 95050,37.355509,-121.954262,Washington - Linden - Santa Clara,cold brew;breakfast;drive thru;24/7
Santa Clara California 950504338,37.358688,-121.940521,Coleman Avenue - Santa Clara,drive thru
Santa Clara California 95051,37.34912,-121.980569,Homestead - Lawrence - Santa Clara,24/7;breakfast
Santa Clara California 95051,37.352365,-121.987634,El Camino - Lawrence - Santa Clara,24/7;drive thru;breakfast
Santa Clara California 95053,37.355507,-121.954251,Safeway-Santa Clara #1990,cold brew;drive thru;24/7;breakfast
Santa Clara California 95054,37.394307,-121.967264,Mercado Center - Santa Clara,drive thru;breakfast
Santa Clara California 95054,37.394307,-121.967264,Montague - Thomas - Santa Clara,drive thru;breakfast;cold brew;24/7
Santa Clarita California 91321,34.378044,-118.509582,Via Princessa - Sierra Hwy  Santa C,breakfast
Santa Clarita California 91350,34.438309,-118.512239,Copper Hill - Seco Canyon  Santa Cl,24/7;drive thru;breakfast;cold brew
Santa Clarita California 913502396,34.413422,-118.551857,Bouquet Canyon - Newhall Ranch  San,cold brew;drive thru;24/7
Santa Clarita California 91351,34.424526,-118.473789,Canyon Center - Santa Clarita,cold brew;24/7;breakfast;drive thru
Santa Clarita California 91355,34.379786,-118.541679,Lyons - Orchard Village  Newhall,breakfast
Santa Clarita California 91355,34.411772,-118.565488,Vons-Santa Clarita #1961,drive thru
Santa Clarita California 91355,34.42277,-118.541024,Valencia,cold brew;drive thru;24/7
Santa Clarita California 91355,34.42277,-118.541024,Valencia - McBean  Santa Clarita,cold brew;breakfast;24/7;drive thru
Santa Clarita California 913551864,34.413422,-118.551857,Valencia - Magic Mountain Pkwy  Val,breakfast;cold brew
Santa Clarita California 91381,34.374485,-118.563044,Valencia - I-5  Valencia,cold brew;24/7;drive thru
Santa Cruz California 95060,36.958985,-122.032114,Santa Cruz,breakfast
Santa Fe New Mexico 87501,35.684082,-105.937682,Albertsons - Santa Fe #927,cold brew;breakfast;drive thru;24/7
Santa Fe New Mexico 87501,35.684082,-105.937682,Albertsons-Santa Fe #987,cold brew;breakfast;24/7;drive thru
Santa Fe New Mexico 87501,35.687218,-105.93971,106 W. San Francisco,breakfast;cold brew
Santa Fe New Mexico 87501,35.692629,-105.938215,DeVargas Center - Santa Fe,drive thru;breakfast;24/7;cold brew
Santa Fe New Mexico 87505,35.641495,-105.922994,Plaza Santa Fe - Santa Fe,breakfast;cold brew
Santa Fe New Mexico 87505,35.64916,-105.920916,Albersons-Santa Fe #986,breakfast;cold brew;drive thru
Santa Fe Springs California 90670,33.905045,-118.046664,Carmenita - Telegraph  Santa Fe Spr,drive thru
Santa Fe Springs California 90670,33.916995,-118.037154,Imperial - Carmenita  Santa Fe Spri,drive thru;breakfast;24/7
Santa Fe Springs California 906703307,33.937969,-118.043182,Telegraph - Norwalk  Santa Fe Sprin,cold brew;24/7;breakfast;drive thru
Santa Fe Springs California 906705817,33.94593,-118.082489,Valley View - Alondra  Santa Fe Srp,cold brew
Santa Maria California 93455,34.90651,-120.435864,Broadway - McCoy  Santa Maria,cold brew;breakfast
Santa Maria California 93455,34.90651,-120.435864,Broadway - Stowell  Santa Maria,cold brew
Santa Maria California 93455,34.90721,-120.432434,Albertsons-Santa Maria #6348,24/7;drive thru
Santa Monica California 90291,33.99738,-118.459649,Lincoln - Marine-Santa Monica,breakfast
Santa Monica California 90401,34.010162,-118.49642,Vons-Santa Monica #2262,drive thru;breakfast;cold brew
Santa Monica California 90401,34.01902,-118.500099,Third Street (B-N),breakfast;cold brew
Santa Monica California 90403,34.010162,-118.49642,Vons-Santa Monica #2002,breakfast
Santa Monica California 90403,34.02225,-118.507509,15th - Montana,cold brew;breakfast;drive thru
Santa Monica California 90403,34.025635,-118.490289,Wilshire Boulevard,cold brew;24/7;breakfast;drive thru
Santa Monica California 90403,34.028375,-118.493504,7th - Montana Avenue,drive thru;24/7;cold brew;breakfast
Santa Monica California 90403,34.028375,-118.493504,Albertsons-Santa Monica #6136,24/7;drive thru;cold brew;breakfast
Santa Monica California 90404,34.034905,-118.465944,Colorado - Cloverfield  Santa Monic,cold brew;drive thru
Santa Monica California 90405,34.005255,-118.487004,Main Street,24/7
Santa Monica California 90405,34.02778,-118.453049,Albertsons-Santa Monica #6162,drive thru;breakfast;24/7;cold brew
Santa Monica California 90405,34.02778,-118.453049,Ocean Park - Santa Monica,cold brew;24/7;breakfast;drive thru
Santa Monica California 904055352,34.011581,-118.492279,Main - Navy,drive thru;24/7;breakfast
Santa Paula California 93060,34.435375,-119.131035,Vons - Santa Paula 2434,breakfast;24/7;cold brew;drive thru
Santa Rosa Beach Florida 32459,30.374185,-86.233239,Uptown Grayton-Intrawest,24/7;drive thru;cold brew;breakfast
Santa Rosa California 94504,34.214392,-118.929846,Santa Rosa (B-N),breakfast;drive thru;24/7
Santa Rosa California 95401,38.437731,-122.712427,1620 Mendocino Ave. - Santa Rosa,breakfast;24/7;cold brew;drive thru
Santa Rosa California 95401,38.44363,-122.751009,Marlow - Guerneville - Santa Rosa,drive thru
Santa Rosa California 95401,38.44363,-122.751009,Santa Rosa Plaza - Santa Rosa,drive thru;breakfast;24/7
Santa Rosa California 95403,38.48285,-122.748289,Albertsons-Santa Rosa #7090,cold brew;breakfast;drive thru
Santa Rosa California 95403,38.48285,-122.748289,Hopper - Cleveland - Santa Rosa,24/7
Santa Rosa California 95403,38.48285,-122.748289,Mendocino - Steele - Santa Rosa,cold brew
Santa Rosa California 95403,38.48285,-122.748289,Safeway-Santa Rosa #1576,24/7
Santa Rosa California 95404,38.43126,-122.711229,Safeway-Santa Rosa #1562,24/7;cold brew;breakfast;drive thru
Santa Rosa California 95404,38.437731,-122.712427,Santa Rosa Marketplace,24/7;cold brew;breakfast;drive thru
Santa Rosa California 95404,38.452775,-122.693674,Yulupa - Bethards - Santa Rosa,drive thru;24/7;cold brew;breakfast
Santa Rosa California 95405,38.43634,-122.687499,Farmer's Lane - Highway 12,cold brew;breakfast;24/7
Santa Rosa California 95405,38.43867,-122.672879,Albertsons-Santa Rosa #7016,drive thru;cold brew;breakfast
Santa Rosa California 95407,38.404898,-122.726831,Stony Point - Yuba - Santa Rosa,drive thru;24/7
Santa Rosa California 95407,38.404898,-122.726831,Target Santa Rosa T-937,drive thru;cold brew;breakfast;24/7
Santa Rosa California 95409,38.45155,-122.681865,Hwy 12  Mission,breakfast;24/7;drive thru
Santa Rosa California 95409,38.462815,-122.658064,Safeway - Santa Rosa #713,cold brew;drive thru
Santee California 92071,32.848415,-116.987509,Vons-Santee #1897,cold brew;breakfast;drive thru;24/7
Santee California 92071,32.85269,-116.983369,Cuyamaca - Mission Gorge  Santee,breakfast;drive thru;cold brew
Santee California 920711904,32.870506,-116.970978,Magnolia - Mast  Santee,breakfast;drive thru;24/7
Sarasota Florida 34201,27.388795,-82.453769,University Parkway,24/7;cold brew;breakfast
Sarasota Florida 34231,27.258595,-82.521014,US 41 - Worrington Ave,24/7
Sarasota Florida 34232,27.318525,-82.463872,Honore - Clark,drive thru;cold brew;breakfast
Sarasota Florida 34232,27.33744,-82.491819,Fruitville Rd - Honore Ave,cold brew;24/7;breakfast
Sarasota Florida 34236,27.319085,-82.577114,443 St Armands Circle,24/7
Sarasota Florida 34236,27.332156,-82.550433,1st St - Central Ave,breakfast;24/7;drive thru;cold brew
Sarasota Florida 34238,27.240749,-82.478007,Target Sarasota T-665,drive thru;24/7
Sarasota Florida 34239,27.298865,-82.526824,Bee Ridge - Beneva,breakfast;drive thru;24/7;cold brew
Sarasota Florida 34239,27.312685,-82.529859,Midtown Plaza,drive thru;24/7;breakfast;cold brew
Sarasota Florida 34243,27.4031,-82.522199,Albertsons-Sarasota #4465,cold brew;drive thru
Saratoga California 95070,37.270955,-122.025564,Saratoga - Big Basin - Saratoga,cold brew
Saratoga California 95070,37.279654,-122.026178,Argonaut - Saratoga,24/7;drive thru;breakfast
Saratoga Springs New York 128664110,42.982037,-73.743439,Broadway-Saratoga Springs,24/7
Saugus California 91350,34.438309,-118.512239,Albertsons-Saugus #6360,24/7;drive thru
Saugus California 913501793,34.447292,-118.513184,Bouquet Canyon - Haskell Canyon  Sa,cold brew;drive thru;breakfast
Saugus Massachusetts 01906,42.444201,-71.000826,Saugus,24/7
Sausalito California 94965,37.847351,-122.481239,Sausalito,cold brew;drive thru
Savage Minnesota 55378,44.75453,-93.359159,Super Target Savage ST-1833,cold brew;breakfast;24/7;drive thru
Savannah Georgia 31401,32.077455,-81.092499,Bull - Broughton,24/7;cold brew
Savannah Georgia 31405,32.03268,-81.108119,Montgomery Cross Roads,breakfast;drive thru;cold brew
Savannah Georgia 31405,32.03268,-81.108119,Twelve Oaks SC,drive thru;cold brew;breakfast;24/7
Savannah Georgia 31405,32.042721,-81.130438,Kroger - Savannah #645,drive thru
Savannah Georgia 31406,32.006008,-81.116249,Oglethorpe Mall,cold brew;breakfast
Savannah Georgia 31408,32.109811,-81.17085,SAV - Savannah Main Rotunda,breakfast;cold brew
Savannah Georgia 31408,32.109811,-81.17085,SAV- Main Terminal Post-Security,breakfast;drive thru;24/7
Savannah Georgia 31419,31.984185,-81.196829,Target Savannah T-1910,drive thru;breakfast;cold brew;24/7
Savannah Georgia 31419,32.073602,-81.240749,Kroger - Savannah #404,breakfast
Sawgrass Florida 33323,26.152928,-80.317102,Super Target Sawgrass ST-815,drive thru;cold brew;breakfast
Sayville New York 11782,40.65898,-73.089324,Sayville,24/7
Scarborough Ontario M1P 5B7,43.77223,-79.256659,Scarborough Chptrs,breakfast;drive thru;cold brew;24/7
Scarborough Ontario M1S 3P6,43.741294,-79.239381,401 - McCowan,cold brew;drive thru;breakfast
Scarsdale New York 10583,40.988237,-73.796815,Scarsdale Midway,cold brew
Scarsdale New York 10583,40.988237,-73.796815,Vernon Hills,breakfast;24/7
Schaumburg Illinois 60173,42.025015,-88.041279,Schaumburg,breakfast;drive thru;cold brew;24/7
Schaumburg Illinois 60173,42.025303,-88.06771,Woodfield Shopping Center Kiosk,cold brew;breakfast
Schaumburg Illinois 60173,42.045722,-88.057763,Streets of Woodfield,cold brew;24/7;drive thru
Schaumburg Illinois 60173,42.04738,-88.043189,Woodfield Shopping Center II,breakfast;cold brew;24/7
Schaumburg Illinois 60173,42.04815,-88.042334,Dominicks-Higgins Rd #1162,24/7;breakfast
Schaumburg Illinois 60173,42.04815,-88.042334,Target Schaumburg T-880,drive thru;24/7
Schaumburg Illinois 60173,42.04815,-88.042334,The Great Indoors-Schaumburg,drive thru;24/7;breakfast
Schaumburg Illinois 60194,42.02682,-88.092209,Schaumburg - Barrington,24/7;breakfast
Schereville Indiana 46375,41.49135,-87.454139,Schererville,cold brew
Schertz Texas 78154,29.616748,-98.256902,I-35 - Tri County,drive thru;cold brew;breakfast
Schiller Illinois 60176,41.95696,-87.871019,O'Hare Travel Oasis Space K2,cold brew;drive thru;breakfast;24/7
Scotts Valley California 95060,36.985132,-122.046302,Safeway - Scotts Valley #300,drive thru;24/7;cold brew
Scotts Valley California 95066,37.059981,-122.014881,Mt Herman - Springs Lake,drive thru;breakfast;24/7
Scottsbluff Nebraska 69361,41.87655,-103.660079,Albertsons - Scottsbluff #894,breakfast
Scottsdale Arizona 85250,33.523905,-111.907719,Safeway-Phoenix #1491,drive thru;breakfast
Scottsdale Arizona 85250,33.53452,-111.925604,Albertsons-Scottsdale #979,drive thru;cold brew;24/7
Scottsdale Arizona 852516627,33.493561,-111.926117,Hayden - Osborn  Scottsdale,breakfast
Scottsdale Arizona 85254,33.58355,-111.925934,Safeway - Scottsdale #2088,breakfast;24/7;drive thru;cold brew
Scottsdale Arizona 85254,33.58355,-111.925934,Safeway-Scottsdale #1750,cold brew;drive thru;24/7
Scottsdale Arizona 85254,33.58355,-111.925934,Safeway-Scottsdale #2032,cold brew;drive thru;breakfast
Scottsdale Arizona 85255,33.654135,-111.925389,Safeway-Scottsdale #1663,drive thru;24/7;cold brew
Scottsdale Arizona 85255,33.698705,-111.922104,The Great Indoors-Phoenix,24/7;cold brew
Scottsdale Arizona 852553463,33.461777,-111.926041,Safeway-Scottsdale #1253,24/7
Scottsdale Arizona 852553658,33.698711,-111.922119,Pima - Pinnacle Peak  Scottsdale,breakfast;drive thru;cold brew
Scottsdale Arizona 85258,33.570633,-111.881172,92nd - Shea  Scottsdale,cold brew
Scottsdale Arizona 85258,33.574834,-111.862999,Mountain View - Via Linda  Scottsda,breakfast
Scottsdale Arizona 85259,33.58644,-111.817689,Albertsons-Scottsdale #983,breakfast;24/7
Scottsdale Arizona 85259,33.58644,-111.817689,Safeway-Scottsdale #1126,24/7
Scottsdale Arizona 85260,33.61002,-111.886564,Albertsons-Scottsdale #969,cold brew;breakfast
Scottsdale Arizona 85260,33.61002,-111.886564,Safeway-Scottsdale #1549,breakfast;cold brew;drive thru
Scottsdale Arizona 85260,33.634965,-111.910549,Frank Lloyd Wright - Thompson Peak,24/7;drive thru;cold brew
Scottsdale Arizona 852602602,33.49398,-111.921219,101 Freeway - Raintree,drive thru;breakfast;24/7
Scottsdale Arizona 852602845,33.493561,-111.926117,Target North Scottsdale T-936,24/7;drive thru;cold brew;breakfast
Seal Beach California 90740,33.75954,-118.092049,Seal Beach Blvd. - St. Cloud,24/7
Seaside California 93955,36.6167,-121.832079,Canyon Del Rey - Del Monte - Seasid,breakfast;drive thru
Seaside Oregon 97138,45.947113,-123.797912,Safeway-Seaside #1260,24/7;cold brew;drive thru
Seattle Washington 98101,47.60358,-122.329454,Metropolitan Park North Tower,drive thru;24/7;breakfast
Seattle Washington 98101,47.60358,-122.329454,Westlake Center Kiosk,cold brew
Seattle Washington 98101,47.605442,-122.33947,2nd - Seneca,24/7;cold brew;drive thru;breakfast
Seattle Washington 98101,47.605446,-122.33947,4th - Seneca,24/7;drive thru;breakfast
Seattle Washington 98101,47.606399,-122.334968,1111 3rd Avenue,drive thru
Seattle Washington 98101,47.60921,-122.341419,Pike Place,breakfast
Seattle Washington 98101,47.609645,-122.334441,505 Union Stn,breakfast;cold brew;24/7;drive thru
Seattle Washington 98101,47.60972,-122.337819,3rd and Pike,24/7;drive thru
Seattle Washington 98101,47.610588,-122.335847,4th - U - TI #823,drive thru;cold brew;breakfast
Seattle Washington 98101,47.610588,-122.335847,Century Square,cold brew;24/7;breakfast
Seattle Washington 98101,47.610588,-122.335847,Metropolitan Park,24/7;cold brew;drive thru
Seattle Washington 98101,47.610588,-122.335847,Olive Way - TI #802,drive thru
Seattle Washington 98101,47.610588,-122.335847,One Union Square,breakfast;24/7
Seattle Washington 98101,47.610588,-122.335847,Pacific First,breakfast;drive thru
Seattle Washington 98101,47.610588,-122.335847,Pier 55,24/7;cold brew;drive thru;breakfast
Seattle Washington 98101,47.610588,-122.335847,Plaza 600 Building,cold brew
Seattle Washington 98101,47.610588,-122.335847,Puget Sound Plaza,breakfast;cold brew
Seattle Washington 98101,47.610588,-122.335847,U.S. Bank Centre Kiosk,breakfast;cold brew
Seattle Washington 98101,47.610588,-122.335847,Washington State Convention Center,breakfast;drive thru;cold brew;24/7
Seattle Washington 98101,47.611012,-122.333511,6th - Union,24/7;breakfast
Seattle Washington 98101,47.61112,-122.337799,Pine Street,drive thru;breakfast
Seattle Washington 98101,47.6129,-122.337419,Westlake Center,breakfast;24/7;cold brew;drive thru
Seattle Washington 98101,47.613708,-122.335181,1700 Seventh Ave,24/7
Seattle Washington 98101,47.614665,-122.336799,7th - Pike Elliott Hotel,breakfast;24/7;cold brew;drive thru
Seattle Washington 98101,47.650635,-122.307319,Pacific Place,24/7
Seattle Washington 98102,47.61986,-122.323249,E. Olive Way,24/7;drive thru
Seattle Washington 98102,47.63373,-122.322405,QFC-Seattle Broadway Mkt #887,breakfast;cold brew;drive thru;24/7
Seattle Washington 98102,47.634332,-122.324279,Benaroya Symphony Hall,drive thru;24/7;cold brew
Seattle Washington 98102,47.634332,-122.324279,Capitol Hill,cold brew;breakfast;24/7
Seattle Washington 98102,47.640784,-122.325694,2344 Eastlake,breakfast;drive thru;24/7
Seattle Washington 98103,47.6484,-122.349773,Fremont,breakfast;cold brew;24/7
Seattle Washington 98103,47.660542,-122.356108,Phinney Ridge,cold brew;breakfast;24/7;drive thru
Seattle Washington 98103,47.660542,-122.356108,Wallingford,24/7;cold brew;drive thru;breakfast
Seattle Washington 98103,47.670841,-122.343197,Safeway-Seattle #1845,cold brew
Seattle Washington 98104,47.60198,-122.329649,Fremont - TI #819,24/7;drive thru;cold brew;breakfast
Seattle Washington 98104,47.60198,-122.329649,Pioneer Square - TI #801,breakfast;cold brew
Seattle Washington 98104,47.60313,-122.33728,1st - Marion,breakfast;cold brew;24/7;drive thru
Seattle Washington 98104,47.60358,-122.329454,Columbia Center,cold brew;24/7
Seattle Washington 98104,47.60358,-122.329454,First Hill II,24/7;breakfast;drive thru;cold brew
Seattle Washington 98104,47.60358,-122.329454,Key Tower,drive thru;cold brew
Seattle Washington 98104,47.60358,-122.329454,Pioneer Square,cold brew;drive thru
Seattle Washington 98104,47.60358,-122.329454,Seattle Trust,breakfast
Seattle Washington 98104,47.60358,-122.329454,Smith Tower,24/7;drive thru
Seattle Washington 98104,47.60358,-122.329454,Swedish Medical Center,drive thru
Seattle Washington 98104,47.60358,-122.329454,Washington Shoe Building,24/7;drive thru
Seattle Washington 98104,47.603785,-122.335439,First Interstate WlsFrgo,breakfast;drive thru
Seattle Washington 98105,47.657541,-122.31341,4147 University Way Avenue,drive thru;breakfast;cold brew;24/7
Seattle Washington 98105,47.663985,-122.275824,University Village,drive thru;cold brew;breakfast;24/7
Seattle Washington 98105,47.663985,-122.275824,University Village II,24/7;drive thru
Seattle Washington 98105,47.663985,-122.275824,University Way,breakfast
Seattle Washington 98106,47.52925,-122.351608,Westwood Village,24/7;drive thru;cold brew
Seattle Washington 98107,47.661285,-122.376233,Ballard,drive thru;cold brew
Seattle Washington 98107,47.66718,-122.374949,Safeway-Seattle #1477,cold brew
Seattle Washington 98107,47.67337,-122.359474,Ballard FredMeyer,breakfast
Seattle Washington 98108,47.54754,-122.312269,Corson - Michigan - Seattle,24/7;drive thru;breakfast;cold brew
Seattle Washington 98109,47.57161,-122.363064,Seattle Center,breakfast
Seattle Washington 98109,47.629755,-122.346909,Safeway-Seattle #1885,drive thru;24/7
Seattle Washington 98109,47.629755,-122.346909,Seattle Center EMP Kiosks,24/7;drive thru;breakfast;cold brew
Seattle Washington 98109,47.629889,-122.342515,1211 Dexter Ave,drive thru
Seattle Washington 98109,47.62989,-122.346911,1200 Westlake Ave DT - Seattle,breakfast
Seattle Washington 98109,47.63898,-122.356924,Queen Anne Ave N,cold brew;breakfast;drive thru;24/7
Seattle Washington 98109,47.648895,-122.347294,Denny - Aurora,24/7;breakfast;cold brew;drive thru
Seattle Washington 98112,47.619045,-122.302529,23rd - Madison (UCO),cold brew;drive thru;breakfast;24/7
Seattle Washington 98112,47.632823,-122.288278,Madison Park,drive thru
Seattle Washington 98112,47.633085,-122.312509,15th Avenue East,cold brew;24/7
Seattle Washington 981125218,47.589317,-122.385612,Safeway-Seattle #1551,cold brew;drive thru;breakfast;24/7
Seattle Washington 98115,47.681252,-122.290367,35th and 73rd-Wedgwood,cold brew;breakfast;drive thru
Seattle Washington 98115,47.698482,-122.27377,Greenlake,breakfast;drive thru;cold brew;24/7
Seattle Washington 98115,47.698482,-122.27377,Roosevelt Square,24/7
Seattle Washington 98116,47.57426,-122.394759,West Seattle,cold brew;breakfast;drive thru;24/7
Seattle Washington 98116,47.589376,-122.390802,Safeway-Seattle #373,24/7
Seattle Washington 981162812,47.595127,-122.385742,Alki Ave.,cold brew;24/7;drive thru;breakfast
Seattle Washington 98117,47.67597,-122.385914,Holman Road,cold brew;breakfast;drive thru;24/7
Seattle Washington 98117,47.68779,-122.380019,Safeway-Seattle #1143,breakfast;24/7
Seattle Washington 98118,47.54158,-122.276474,Safeway-Seattle #1965,breakfast;drive thru
Seattle Washington 98118,47.54626,-122.274839,Rainer Plaza,drive thru;cold brew;24/7
Seattle Washington 98118,47.558635,-122.282094,Rainier - Edmunds (UCO),cold brew;drive thru;24/7
Seattle Washington 98119,47.60358,-122.329454,1144 Elliott Ave W - Seattle,breakfast;cold brew;24/7
Seattle Washington 98119,47.62667,-122.358014,Queen Anne,breakfast;drive thru
Seattle Washington 98119,47.648345,-122.377656,1609 West Dravus,cold brew;breakfast
Seattle Washington 98121,47.610425,-122.344844,Alaska Way World Trade Cntr,breakfast;drive thru;24/7
Seattle Washington 98121,47.611298,-122.344771,2nd - Lenora,drive thru
Seattle Washington 98121,47.615148,-122.346536,Belltown,breakfast;24/7
Seattle Washington 98121,47.618429,-122.348893,Fourth - Blanchard,24/7;breakfast
Seattle Washington 98122,47.599669,-122.28701,Leschi,breakfast;cold brew
Seattle Washington 98122,47.60923,-122.318703,12th - Columbia,24/7;breakfast;drive thru
Seattle Washington 98122,47.61147,-122.304969,QFC Harvard Market #847,breakfast
Seattle Washington 98125,47.602468,-122.313066,145th - 15th,cold brew
Seattle Washington 98125,47.71486,-122.323869,Northgate,drive thru
Seattle Washington 98125,47.71486,-122.323869,QFC - Northgate #866,breakfast;24/7;drive thru
Seattle Washington 98125,47.715773,-122.283477,Lake City Way - 120th,cold brew;24/7;breakfast;drive thru
Seattle Washington 98125,47.717808,-122.283186,Northgate Mall,24/7
Seattle Washington 98125,47.73413,-122.340874,145th and Lake City Way,drive thru;24/7;breakfast
Seattle Washington 981264102,47.589317,-122.385612,Safeway - Seattle #1923,24/7;drive thru
Seattle Washington 98133,47.72324,-122.344597,130th - Aurora,breakfast;drive thru;cold brew
Seattle Washington 98133,47.73897,-122.343869,Albertsons-Seattle #410,24/7;breakfast;cold brew;drive thru
Seattle Washington 98133,47.73897,-122.343869,Safeway- Shoreline #442,breakfast
Seattle Washington 98133,47.756904,-122.344587,Aurora Village,drive thru
Seattle Washington 98133,47.756904,-122.344587,Northgate Way,cold brew;drive thru;breakfast
Seattle Washington 98133,47.756904,-122.344587,Oak Tree,drive thru;breakfast;24/7
Seattle Washington 98134,47.579805,-122.331599,SODO Lobby,24/7
Seattle Washington 98134,47.58919,-122.334204,1st - Walker-Seattle,24/7;drive thru;cold brew;breakfast
Seattle Washington 98136,47.544695,-122.387229,California - Fauntleroy,breakfast;24/7;drive thru;cold brew
Seattle Washington 98144,47.581685,-122.297334,MLK Way (UCO),24/7;breakfast
Seattle Washington 98144,47.599,-122.335268,23rd - Jackson,cold brew;24/7;breakfast;drive thru
Seattle Washington 98158,47.448347,-122.298899,SEA SeaTac Concourse A  Space 2,drive thru;breakfast
Seattle Washington 98158,47.448347,-122.298899,SEA SeaTac Concourse B  Gate 8,24/7;breakfast
Seattle Washington 98158,47.448347,-122.298899,SEA SeaTac Main Term  Space 21,24/7
Seattle Washington 98158,47.448347,-122.298899,SEA SeaTac North Satellite  Gt N-12,cold brew;24/7
Seattle Washington 98158,47.448461,-122.298728,SEA SeaTac Conc C  Gate C-9,cold brew;breakfast
Seattle Washington 98158,47.448461,-122.298728,SEA SeaTac Concourse B,cold brew;24/7
Seattle Washington 98158,47.448461,-122.298728,SEA SeaTac Main Terminal,breakfast
Seattle Washington 98158,47.448461,-122.298728,SEA SeaTac Relocate of Nr Esplanade,breakfast;drive thru;cold brew;24/7
Seattle Washington 98177,47.74315,-122.367824,Richmond Beach,24/7;cold brew
Seattle Washington 98188,47.46067,-122.258644,Southcenter Mall,cold brew;breakfast;drive thru
Seattle Washington 981883067,47.589317,-122.385612,Safeway-Seattle #1493,cold brew;24/7;drive thru;breakfast
Seattle Washington 98195,47.572523,-122.360458,Husky Stadium Cart 5,cold brew;24/7;drive thru;breakfast
Seattle Washington 98195,47.65371,-122.304073,Husky Stadium Cart 1,drive thru;24/7;breakfast
Seattle Washington 98195,47.65371,-122.304073,Husky Stadium Cart 2,24/7;cold brew
Seattle Washington 98195,47.65371,-122.304073,Husky Stadium Cart 3,cold brew
Seattle Washington 98195,47.65371,-122.304073,Husky Stadium Cart 6,breakfast
Seattle Washington 98195,47.65371,-122.304073,Husky Stadium Cart 7,drive thru;cold brew;24/7
Seattle Washington 98195,47.65371,-122.304073,Husky Stadium Cart 8,breakfast
Seattle Washington 98199,47.64117,-122.394919,Magnolia Relocation,breakfast;drive thru
Sebastopol California 95472,38.403244,-122.817266,Albertsons-Sebastopol #7061,breakfast;24/7;cold brew;drive thru
Sebastopol California 95472,38.403244,-122.817266,Safeway-Sebastopol #933,24/7;cold brew;drive thru
Secaucus New Jersey 07094,40.78828,-74.054964,Secaucus  Harmon Meadow,cold brew;drive thru;24/7;breakfast
Sedona Arizona 86336,34.62815,-111.273109,Safeway-Sedona #1207,drive thru;cold brew;24/7;breakfast
Sedona Arizona 86336,34.95655,-111.754561,Hwy 89A - Hwy 179  Sedona,24/7;drive thru;breakfast;cold brew
Seekonk Massachusetts 02771,41.829792,-71.325196,Seekonk,cold brew
Selden New York 11784,40.86303,-73.060684,Selden,breakfast;24/7;cold brew;drive thru
Selma Texas 78154,29.564156,-98.329606,Loop 1604 - I-35,24/7;cold brew;breakfast
Seminole Florida 33772,27.842789,-82.79687,Starky - Bryan Dairy,drive thru;breakfast
Setauket New York 11733,40.97516,-73.119294,East Setauket,24/7;drive thru;breakfast;cold brew
Severna Park Maryland 21146,39.081547,-76.556761,Giant-Severna Park #258,breakfast;24/7;drive thru;cold brew
Severna Park Maryland 21146,39.081547,-76.556761,Safeway-Severna Park #1351,24/7;cold brew
Sevierville Tennessee 37862,35.814572,-83.59126,Hwy 66 - US 411,drive thru;24/7;cold brew;breakfast
Sevierville Tennessee 37862,35.837135,-83.57115,US Hwy 441 - New Era,breakfast;cold brew;drive thru
Seville Ohio 44273,41.010125,-81.862939,TravelCenters - Lodi,drive thru;24/7;breakfast
Sewickley Pennsylvania 15143,40.531637,-80.137489,Sewickley II,breakfast;drive thru;cold brew
Shaker Heights Ohio 44122,41.47839,-81.546539,Shaker Heights,24/7;drive thru
Sharon Massachusetts 02067,42.120595,-71.180779,Sharon (5 Post Office Sq),24/7;breakfast;drive thru;cold brew
Shawnee Kansas 66216,38.994938,-94.771431,75th - Quivira,breakfast;cold brew;24/7
Shawnee Kansas 66217,39.014693,-94.772969,Super Target Shawnee ST-1759,drive thru
Sheboygan Wisconsin 53085,43.731191,-87.831499,Sheboygan-Washington - Greenwing,breakfast
Sheboygan Wisconsin 53085,43.731191,-87.831499,Target Kohler T-1880,drive thru;24/7;breakfast
Shelby Township Michigan 48315,42.675259,-83.011079,Shelby Town Center,24/7;cold brew
Shelton Connecticut 06484,41.305693,-73.128482,Shelton  Crown Point Center,24/7;breakfast;cold brew
Sherman Oaks California 91403,34.133502,-118.480427,Sepulveda - Ventura  Sherman Oaks,24/7;breakfast;drive thru
Sherman Oaks California 91403,34.14984,-118.469984,Sherman Oaks,breakfast;cold brew;24/7
Sherman Oaks California 914032444,34.153786,-118.469078,Ventura - Noble - Sherman Oaks,drive thru;cold brew
Sherman Oaks California 91423,34.1576,-118.444889,Riverside - Fulton  Sherman Oaks,drive thru;breakfast;cold brew
Sherman Oaks California 914233825,34.153786,-118.469078,Ventura - Allott  Sherman Oaks,24/7;breakfast;cold brew
Sherman Texas 75090,33.632741,-96.588569,Target Sherman T-1861,breakfast;drive thru;cold brew;24/7
Sherman Texas 75090,33.656745,-96.545989,Hwy 82 - Hwy 75,24/7;cold brew;breakfast
Sherman Texas 75092,33.683245,-96.619819,Wilson N. Jones Medical Center,cold brew;24/7;drive thru
Sherwood Oregon 97140,45.35551,-122.852134,Target Sherwood T-1868,24/7;drive thru
Sherwood Oregon 97140,45.362025,-122.844984,Safeway-Sherwood #1800,breakfast;24/7;drive thru
Sherwood Oregon 97140,45.368565,-122.813859,Albertsons-Sherwood #579,24/7;drive thru;breakfast;cold brew
Sherwood Oregon 971409277,45.360226,-122.842819,Sherwood,cold brew;24/7;drive thru;breakfast
Shoreline Washington 98133,47.723195,-122.336864,Shoreline,cold brew;24/7;drive thru;breakfast
Shoreline Washington 98133,47.73897,-122.343869,Fred Meyer - Shoreline #13 (Aurora),drive thru;24/7
Shoreline Washington 98155,47.75462,-122.277909,Ballinger Village,drive thru;cold brew
Shoreview Minnesota 55126,45.08503,-93.136009,Rainbow Foods-Shoreview #68,breakfast;24/7;cold brew;drive thru
Shoreview Minnesota 55126,45.08503,-93.136009,Super Target Shoreview ST-619,cold brew;breakfast;drive thru
Shorewood Illinois 60431,41.5413,-88.179473,Dominick's-Shorewood #1894,24/7;drive thru;breakfast;cold brew
Shorewood Illinois 60431,41.5413,-88.179473,Target Shorewood T-1881,24/7;drive thru;cold brew;breakfast
Shorthills New Jersey 07078,40.74134,-74.365669,The Mall at Short Hills,breakfast;drive thru
Show Low Arizona 85901,34.405191,-110.075997,Safeway-Show Low #1733,drive thru
Shreveport Louisiana 71105,32.45524,-93.715189,Super Target Shreveport ST-1347,24/7;breakfast
Shrewsbury New Jersey 07701,40.34921,-74.070142,ACME-Shrewsbury #7240 7940,drive thru;breakfast;24/7;cold brew
Shrewsbury New Jersey 07702,40.31613,-74.070099,Shrewsbury,drive thru;24/7;breakfast
Shrewsbury Pennsylvania 17361,39.768869,-76.67947,Shrewsbury Square,cold brew;drive thru;24/7;breakfast
Sidney British Columbia V8L 1X7,48.624102,-123.460268,Sidney,24/7
Sierra Madre California 901241929,34.161839,-118.057823,Sierra Madre,breakfast;cold brew;drive thru;24/7
Sierra Vista Arizona 85635,31.55073,-110.267929,Safeway-Sierra Vista #2083,24/7;breakfast;drive thru;cold brew
Signal Hill California 908062014,33.796749,-118.167709,Willow - Cherry  Signal Hill,24/7;breakfast;drive thru;cold brew
Silver Spring Maryland 20901,39.023352,-77.010684,Woodmoor,cold brew;breakfast;drive thru;24/7
Silver Spring Maryland 20901,39.034125,-76.998014,Burnt Mills Shopping Center,drive thru;24/7;breakfast
Silver Spring Maryland 20904,39.045705,-76.983449,White Oak,cold brew;breakfast;24/7
Silver Spring Maryland 20904,39.056889,-76.947939,Calverton,drive thru;cold brew
Silver Spring Maryland 20904,39.067818,-76.975523,Safeway-Silver Spring #1565,24/7;drive thru;breakfast
Silver Spring Maryland 20906,39.10922,-77.068149,Leisure World,drive thru;breakfast;24/7
Silver Spring Maryland 20910,38.99668,-77.028874,Downtown Silver Spring,drive thru;24/7;breakfast
Silver Spring Maryland 20910,39.00017,-77.030924,Silver Spring,24/7
Silverdale Washington 98383,47.649904,-122.703414,Silverdale,24/7;cold brew
Silverdale Washington 98383,47.65158,-122.692899,Silverdale II,drive thru;breakfast
Silverdale Washington 98383,47.66217,-122.692989,Albertsons-Silverdale #492,24/7;cold brew;breakfast
Simi Valley California 93063,34.27945,-118.697699,Civic Center Plaza - Simi Valley,cold brew;24/7;breakfast;drive thru
Simi Valley California 93063,34.27945,-118.697699,Vons-Simi Valley #2047,breakfast;24/7;drive thru
Simi Valley California 93063,34.27945,-118.697699,Vons-Simi Valley #2692,breakfast;cold brew;drive thru
Simi Valley California 93065,34.26411,-118.774991,Albertsons-Simi Valley #684 6393,cold brew;24/7;breakfast;drive thru
Simi Valley California 93065,34.26411,-118.774991,Vons-Simi Valley #2163,cold brew;drive thru
Simi Valley California 93065,34.26411,-118.774991,Vons-Simi Valley #2501,drive thru
Simi Valley California 930650535,34.282127,-118.719543,Hwy 118 - First  Simi Valley,breakfast;drive thru;24/7;cold brew
Simi Valley California 930652302,34.289459,-118.717682,Sycamore - Cochran  Simi Valley,cold brew;24/7;breakfast
Simi Valley California 930652351,34.289459,-118.717682,Erringer - Cochran  Simi Valley,24/7;cold brew;drive thru
Simi Valley California 930654019,34.289459,-118.717682,Madera - Royal - Simi Valley,drive thru;breakfast
Simi Valley California 930657694,34.289459,-118.717682,Wood Ranch - Country Club SimiValle,cold brew;breakfast;drive thru;24/7
Simpsonville South Carolina 29680,34.708041,-82.287169,Target Simpsonville T-1870,drive thru;cold brew
Simpsonville South Carolina 29681,34.772981,-82.238169,Bilo-Simpsonville #624,24/7;drive thru;cold brew
Simpsonville South Carolina 29681,34.772981,-82.238169,Bilo-Simpsonville SC #57,24/7;breakfast
Simsbury Connecticut 06070,41.879852,-72.800172,Simsburytown Shops,cold brew;drive thru
Sioux City Iowa 51104,42.52606,-96.402329,Hy Vee Foods-Sioux City #1,cold brew
Sioux City Iowa 51106,42.475205,-96.285364,Sioux City - Lakeport - Hwy 20,breakfast;drive thru;cold brew;24/7
Sioux Falls South Dakota 57104,43.542465,-96.721614,Sioux Falls-13th - Minnesota,drive thru
Sioux Falls South Dakota 57106,43.51483,-96.820724,Sioux Falls-41st - Louise,cold brew;breakfast;24/7;drive thru
Sioux Falls South Dakota 57106,43.51776,-96.802649,Hy Vee Foods-Sioux Falls #2,breakfast
Sioux Falls South Dakota 57106,43.51776,-96.802649,Hy Vee Foods-Sioux Falls #4,breakfast;24/7
Sioux Falls South Dakota 57110,43.538079,-96.651669,Hy Vee Foods-Sioux Falls #1,24/7;drive thru;breakfast;cold brew
Skokie Illinois 60077,42.026335,-87.755314,Marshall Fields-Skokie Cart,drive thru;cold brew;24/7;breakfast
Skokie Illinois 60077,42.026335,-87.755314,Old Orchard Mall,cold brew;drive thru;breakfast;24/7
Skokie Illinois 60077,42.03855,-87.754454,Skokie Swift-Dempster - Niles,breakfast
Slidell Louisiana 70448,30.30487,-89.772739,Hwy 11 - Gause,cold brew;drive thru;breakfast
Slidell Louisiana 70460,30.316547,-89.834843,Northshore Blvd - I-12,24/7;breakfast;cold brew
Sloatsburg New York 10974,41.159264,-74.191707,Sloatsburg Travel Plaza,cold brew;breakfast;24/7
Smithtown New York 11787,40.845634,-73.183632,Smithtown,drive thru;breakfast
Smyrna Georgia 300803014,33.869114,-84.491196,Cumberland Market Place,24/7;cold brew;breakfast;drive thru
Smyrna Georgia 300807633,39.332726,-75.47406,Target Smyrna T-373,drive thru
Smyrna Tennessee 37167,35.93736,-86.535439,I-24 - Sam Ridley Pkwy,24/7;drive thru
Snellville Georgia 30078,33.875175,-84.013534,Ronald Reagan - Hwy 124,24/7;breakfast;drive thru
Snellville Georgia 30278,33.85675,-84.016664,Target Snellville T-917,drive thru;breakfast;cold brew;24/7
Snohomish Washington 98290,47.881539,-122.054477,Snohomish,drive thru
Snohomish Washington 98296,47.89776,-122.096388,Clearview Plaza,breakfast;24/7;cold brew;drive thru
Snowshoe West Virginia 26209,38.420422,-79.996483,Snowshoe Mountain Resort,24/7;cold brew;drive thru;breakfast
Solana Beach California 92075,32.995191,-117.258688,Solana Beach Towne Center,24/7;drive thru;cold brew
Solana Beach California 920751544,32.991936,-117.271423,Lomas Santa Fe - I-5  Solana Beach,drive thru;breakfast
Soledad California 93960,36.421695,-121.316479,Front - 4th Street - Soledad,24/7;drive thru
Somerset New Jersey 08873,40.49623,-74.526394,Somerset,cold brew;breakfast;drive thru;24/7
Somerset Pennsylvania 15501,40.05399,-79.217469,South Somerset Travel Plaza,breakfast
Somerset Pennsylvania 15501,40.082627,-79.330831,PA N.Somerset Travel Plaza,cold brew
Somerville Massachusetts 02143,42.380345,-71.097364,Somerville Avenue,cold brew
Somerville Massachusetts 02144,42.396064,-71.122755,Davis Square Plaza,drive thru;cold brew;breakfast;24/7
Sonoma California 95476,38.306752,-122.494299,Sonoma - Varano - Sonoma,drive thru;breakfast;24/7
Sonora California 95370,37.991659,-120.347369,Sonora Crossroads - Sonora,24/7;cold brew
South Amboy New Jersey 08879,40.445496,-74.265874,Cheesequake Travel Plaza,cold brew;breakfast
South Beach Florida 33139,25.793095,-80.134904,Il Villagio,cold brew;24/7;breakfast
South Bend Indiana 46611,41.679058,-86.254044,Target Scottsdale T-1902,cold brew
South Bend Indiana 46614,41.629468,-86.215159,Ireland - Miami,breakfast
South Bend Indiana 46614,41.679058,-86.254044,Martin's - South Bend #11,breakfast;24/7
South Bend Indiana 46635,41.700305,-86.215829,Ironwood - SR 23,24/7;cold brew
SOUTH BEND Indiana 46637,41.715065,-86.235744,Martin's - South Bend #10,24/7
South Brookline  Massachusetts 02167,42.333473,-71.120476,South Brookline,breakfast;24/7;drive thru
South Burlington Vermont 05403,44.4485,-73.180108,South Burlington,drive thru;breakfast;cold brew;24/7
South Charleston West Virginia 25309,38.332243,-81.737189,HJ Thomas Memorial Hospital,drive thru;24/7;cold brew
South Elgin Illinois 60177,41.99383,-88.287279,Dominick's-South Elgin #1921,drive thru;24/7
South Elgin Illinois 60177,41.99464,-88.295619,South Elgin-Randall - McDonald,24/7;cold brew
South Elgin Illinois 60177,41.99464,-88.295619,Super Target South Elgin ST-1896,breakfast;24/7;drive thru
South Euclid Ohio 44118,41.501305,-81.557769,Cedar - Warrensville,breakfast;drive thru
South Holland Illinois 60473,41.599915,-87.610009,Lincoln Travel Oasis Space K2,cold brew;breakfast;24/7;drive thru
South Holland Illinois 60473,41.599915,-87.610009,South Holland  Illinois,drive thru;cold brew;24/7
South Jordan Utah 84095,40.547095,-111.938676,Target South Jordan T-2123,24/7;breakfast;drive thru
South Jordan Utah 84095,40.558975,-111.900569,Albertsons - South Jordan #399,24/7;cold brew;drive thru
South Laguna California 92677,33.507424,-117.747832,Albertsons - Laguna Beach #6575,cold brew;24/7;drive thru;breakfast
South Lake Tahoe California 96150,38.910718,-120.007104,Lake Tahoe - Park -South Lake Tahoe,cold brew;drive thru;24/7
South Lake Tahoe California 96150,38.910718,-120.007104,Safeway - South Lake Tahoe #1824,drive thru;breakfast;24/7;cold brew
South Lake Tahoe California 961506200,38.952202,-119.9496,South Lake Tahoe,drive thru;24/7;cold brew;breakfast
South Orange New Jersey 07079,40.745191,-74.254399,South Orange,24/7;drive thru;cold brew;breakfast
South Pasadena California 91030,34.104125,-118.141529,Huntington - Fremont  S. Pasadena,breakfast;drive thru
South Pasadena California 91030,34.115805,-118.152129,Fair Oaks - State Street,cold brew;24/7;drive thru
South Pasadena California 910303805,34.124245,-118.154312,Vons-South Pasadena #2228,cold brew;breakfast;drive thru
South Plainfield New Jersey 07080,40.580025,-74.415019,Target South Plainfield T-1929,drive thru;cold brew;24/7;breakfast
South Portland Maine 04106,43.636702,-70.335828,Maine Mall   South Portland,cold brew;drive thru;breakfast;24/7
South Portland Maine 04106,43.639369,-70.336763,Maine Crossing,cold brew;24/7;breakfast
South Riding Virginia 20152,38.914236,-77.512687,South Riding,drive thru;cold brew
South San Francisco California 94080,37.652841,-122.401986,176 Gateway Blvd.,cold brew
South San Francisco California 94080,37.65589,-122.413374,Grand - Linden - South San Francisc,24/7;cold brew
South Windsor Connecticut 06074,41.81576,-72.555669,Evergreen Walk,24/7;drive thru;cold brew
Southampton New York 11968,40.90432,-72.409496,Southampton - CR39,cold brew;drive thru
Southborough Massachusetts 01772,42.305764,-71.531945,Southborough,drive thru
Southbury Connecticut 06488,41.479556,-73.212868,Southbury,breakfast;24/7;cold brew
Southeastern Pennsylvania 19399 - 0,40.04166,-75.420578,PA Valley Forge Travel Plaza,cold brew;breakfast;24/7;drive thru
Southfield Michigan 48034,42.497593,-83.292793,12 Mile - Telegraph,breakfast;drive thru
Southfield Michigan 480341020,42.477337,-83.247597,Northwestern Highway,breakfast
Southfield Michigan 48075,42.45914,-83.207774,Telegraph - 9 Mile (UCO),cold brew;breakfast;24/7;drive thru
Southfield Michigan 48075,42.47357,-83.213189,Southfield - 10 Mile (UCO),breakfast;24/7;drive thru
Southgate California 90280,33.945385,-118.216484,Tweedy - Otis  Southgate (UCO),drive thru;cold brew
Southgate California 90280,33.951135,-118.179759,Firestone - Garfield  Southgate (UC,24/7
Southgate California 902802808,37.642719,-122.098213,Firestone - Long Beach  UCO Southg,drive thru;breakfast;cold brew;24/7
Southhaven Mississippi 38671,34.985676,-90.019942,Southhaven,breakfast;drive thru;24/7;cold brew
Southlake Texas 76051,32.941095,-97.099759,Southlake Blvd - Hwy 114,drive thru
Southlake Texas 76092,32.940855,-97.116454,FM 1709 - White Chapel,cold brew;drive thru
Southlake Texas 76092,32.94256,-97.131209,Southlake Towne Center,drive thru;cold brew;24/7
Sparks Nevada 89431,39.544559,-119.754666,McCarren - Pyramid - Sparks,breakfast
Sparks Nevada 89434,39.5477,-119.703079,Sparks - Prater - Sparks,breakfast;drive thru
Sparks Nevada 89434,39.557677,-119.704014,Vista - D'Andrea - Sparks,drive thru;cold brew
Sparks Nevada 89436,39.6186,-119.700643,Albertsons-Sparks #185,breakfast;drive thru;24/7;cold brew
Sparks Nevada 89436,39.6186,-119.700643,Safeway-Sparks #2656,drive thru;24/7
Spokane Valley Washington 99205,47.65713,-117.247864,Sprague - Thierman- Spokane Valley,24/7;cold brew;drive thru;breakfast
Spokane Valley Washington 99206,47.66437,-117.243784,Broadway - Argonne,drive thru;cold brew
Spokane Washington 98207,47.976575,-122.206419,Safeway-Spokane #1799,24/7;drive thru;breakfast;cold brew
Spokane Washington 99037,47.661667,-117.196302,506 N. Sullivan,cold brew;drive thru;breakfast;24/7
Spokane Washington 99201,47.65726,-117.412279,Heritage Village,cold brew;24/7;breakfast;drive thru
Spokane Washington 99201,47.662614,-117.433219,Main - Post,drive thru;breakfast;24/7;cold brew
Spokane Washington 99201,47.666439,-117.4375,2nd - Division,cold brew;breakfast;drive thru
Spokane Washington 99202,47.656965,-117.406689,Safeway-Spokane #3255,breakfast;drive thru;cold brew;24/7
Spokane Washington 99202,47.66869,-117.396766,1217 N. Hamilton,cold brew
Spokane Washington 99203,47.62958,-117.405849,Albertsons-Spokane #240,cold brew
Spokane Washington 99203,47.62958,-117.405849,Safeway-Spokane #1242,breakfast;drive thru;24/7
Spokane Washington 99203,47.643852,-117.407249,13TH and Grand,cold brew;breakfast;drive thru;24/7
Spokane Washington 99205,47.65726,-117.412279,Shadle Park Center,breakfast;24/7;drive thru
Spokane Washington 99205,47.695,-117.441799,Division - Buckeye,cold brew
Spokane Washington 99205,47.695,-117.441799,Five Mile Plaza,drive thru;cold brew;24/7
Spokane Washington 99205,47.695,-117.441799,Safeway - Spokane #342,cold brew
Spokane Washington 99206,47.64743,-117.256099,Albertsons-Spokane #258,breakfast;drive thru;24/7;cold brew
Spokane Washington 99207,47.687605,-117.365139,Market - Garland-Spokane  WA,drive thru
Spokane Washington 99208,47.784357,-117.405788,Sundance Plaza,breakfast;drive thru;24/7
Spokane Washington 99208,47.784357,-117.405788,Wandermere,cold brew;drive thru;breakfast;24/7
Spokane Washington 99212,47.673966,-117.334871,Trent - Argonne,24/7
Spokane Washington 99216,47.657135,-117.205334,Sprague - Pine,breakfast
Spokane Washington 99218,47.75017,-117.401434,Wandermere-Relocation,cold brew;breakfast;24/7;drive thru
Spokane Washington 99218,47.751135,-117.397609,Hawthorne - Nevada,24/7;breakfast;cold brew
Spokane Washington 99218,47.75863,-117.415784,Fred Meyer - Spokane #657,24/7;breakfast
Spokane Washington 992181951,47.654148,-117.406853,Albertsons-Spokane #242,drive thru;cold brew
Spokane Washington 99223,47.602315,-117.390949,57th - Regal - Spokane,24/7;breakfast
Spokane Washington 99223,47.613624,-117.360499,Albertsons-Spokane #268,breakfast;24/7
Spokane Washington 99223,47.628215,-117.373214,South Hill,24/7;drive thru
Spring Hill Florida 34606,28.470577,-82.59715,Target Spring Hill T-919,breakfast
Spring Texas 77373,30.10336,-95.435148,I-45 - Louetta,breakfast;cold brew;drive thru
Spring Texas 77379,30.030461,-95.557335,Spring Cypress - Champions Forest,breakfast;drive thru;24/7
Spring Texas 77379,30.03341,-95.534548,Randalls-Spring #1026,drive thru;24/7;breakfast
Spring Texas 77379,30.042245,-95.509304,Kroger-Spring #307,breakfast;24/7;drive thru
Spring Texas 77379,30.042245,-95.509304,Kroger-Spring #738,breakfast;24/7;drive thru
Spring Texas 77379,30.068452,-95.50746,TC- Kuykendahl - Louetta,cold brew;drive thru;breakfast;24/7
Spring Texas 77380,30.141608,-95.468072,Randalls-Spring #2673,24/7;breakfast;drive thru;cold brew
Spring Texas 77380,30.16577,-95.467628,TC-Woodlands,24/7
Spring Texas 77381,30.169521,-95.478476,Kroger-The Woodlands #316,cold brew
Spring Texas 77388,30.056342,-95.466251,Super Target Spring ST-1458,cold brew;24/7;drive thru
Spring Valley California 919771415,32.748318,-116.987328,Campo - Conrad  Spring Valley,drive thru;cold brew;24/7;breakfast
Springfield Illinois 62701,39.801055,-89.643604,Hilton Springfield,cold brew;breakfast;drive thru;24/7
Springfield Illinois 62702,39.818925,-89.646799,Springfield-Clear Lake - Dirkson,drive thru;24/7;breakfast
Springfield Illinois 62704,39.77764,-89.684228,Springfield-Monroe - Chatham,cold brew;breakfast;drive thru;24/7
Springfield Missouri 65804,37.157585,-93.25464,Ramey-Price Cutter-Springfield #50,cold brew
Springfield Missouri 65804,37.16235,-93.262749,Battlefield Mall,24/7;cold brew
Springfield Missouri 65807,37.149095,-93.295866,Campbell - Cowden,breakfast;24/7;drive thru;cold brew
Springfield Missouri 65807,37.16696,-93.316189,Ramey-Price Cutter-Springfield,drive thru
Springfield Missouri 65807,37.18187,-93.276064,Sunshine - Campbell,breakfast
Springfield Missouri 65809,37.171882,-93.205529,Price Cutter-Springfield #51,breakfast;24/7
Springfield Oregon 97477,44.062345,-123.048729,I-105 - Mohawk,drive thru
Springfield Pennsylvania 19064,39.930691,-75.321513,Baltimore Pike Springfield,breakfast;cold brew
Springfield Virginia 22150,38.769898,-77.182772,Springfield,cold brew;breakfast;24/7;drive thru
Springfield Virginia 22152,38.779,-77.237289,Old Keene Mill,breakfast
Springfield Virginia 22153,38.74238,-77.246974,Huntsman Square,breakfast;drive thru;24/7
Springhouse Pennsylvania 19477,40.189075,-75.225583,Springhouse,24/7;cold brew
St Augustine Florida 32084,29.903135,-81.33274,Albertsons-St Augustine #4367,drive thru;cold brew
St Catherines Ontario L2N 2G1,43.17667,-79.241051,St. Catherines Chptrs,cold brew
St Charles Illinois 60174,41.923,-88.303824,Dominick's-St Charles #4104,drive thru;24/7;cold brew;breakfast
St Charles Illinois 60174,41.923,-88.303824,Meijer-St Charles #182,breakfast
St Charles Illinois 60174,41.923,-88.303824,St. Charles,breakfast;drive thru
St Charles Illinois 60174,41.923,-88.303824,Super Target St Charles ST-1323,24/7
St Cloud Florida 34769,28.24748,-81.290274,Canoe Creek Travel Plaza,breakfast
St Could East Minnesota 56304,45.547148,-94.116193,Target St Cloud East T-930,drive thru;breakfast
St John Indiana 46373,41.449955,-87.469019,Target St John T-2048,drive thru
St Johns Newfoundland A1B 1W2,47.560865,-52.712174,Chapters - St John's,24/7;cold brew;drive thru;breakfast
St Joseph Michigan 490852601,42.082298,-86.484138,Martin's-St Joseph #21,24/7;breakfast;drive thru
St Joseph Missouri 64506,39.788309,-94.805849,Target St Joseph T-1977,cold brew
St Louis Missouri 62106,38.62759,-90.198952,Renaissance Grand-St Louis Conv Ctr,24/7;cold brew;drive thru;breakfast
St Louis Missouri 63101,38.634365,-90.187919,Olive - 6th,24/7;breakfast;cold brew;drive thru
St Louis Missouri 63103,38.628231,-90.208008,St. Louis Union Station,breakfast;cold brew;24/7
St Louis Missouri 63108,38.644655,-90.254111,Central West End,breakfast;cold brew;drive thru;24/7
St Louis Missouri 63109,38.58499,-90.295895,Target Hampton Vlg St Louis T-1515,cold brew
St Louis Missouri 63117,38.63583,-90.347509,St. Louis Galleria Kiosk,24/7;cold brew
St Louis Missouri 63128,38.524045,-90.358915,Tesson Ferry,24/7;breakfast;cold brew;drive thru
St Louis Missouri 63145,38.742549,-90.36645,STL - Baggage Claim 2,breakfast;24/7;drive thru;cold brew
St Louis Missouri 63145,38.742549,-90.36645,STL - Conc. A  Gate 9,drive thru;cold brew;breakfast
St Louis Missouri 63145,38.742549,-90.36645,STL - Concourse C  Gate 17,24/7
St Louis Missouri 63145,38.742549,-90.36645,STL - Concourse C  Space 2,cold brew
St Louis Missouri 63145,38.742549,-90.36645,STL - East Term  Upper Lvl Food Ct,breakfast;24/7;drive thru
St Louis Missouri 63145,38.742549,-90.36645,STL - East Terminal,cold brew;breakfast;drive thru
St Paul Minnesota 55101,44.951141,-93.083557,Marshall Fields - St. Paul,24/7;cold brew;drive thru
St Paul Minnesota 55102,44.943829,-93.093326,Lawson Commons,cold brew;breakfast
St Paul Minnesota 55104,44.95563,-93.159379,Snelling - Selby,24/7;cold brew
St Paul Minnesota 55105,44.9401,-93.188854,Grand - Victoria,drive thru;breakfast;24/7
St Paul Minnesota 55111,44.886232,-93.200786,MSP Minn D6 Baggage Claim Area,cold brew;drive thru
St Paul Minnesota 55111,44.886232,-93.200786,MSP Minn Green Concourse  Gate 69,24/7;cold brew
St Paul Minnesota 55111,45.04192,-93.085844,MSP Minn Gold Concourse  Gate 16,breakfast;24/7
St Paul Minnesota 55116,44.91788,-93.199904,Ford Street,24/7
St Petersburg Florida 33701,27.771185,-82.639319,4th St. - 9th Ave.,cold brew
St Petersburg Florida 33701,27.771185,-82.639319,Baywalk,24/7;cold brew;breakfast;drive thru
St Petersburg Florida 33701,27.771185,-82.639319,Hilton St. Petersburg,cold brew;drive thru;24/7;breakfast
St Petersburg Florida 337041314,41.147011,-79.67704,Albertsons-St Petersburg #4302,cold brew;drive thru
St Petersburg Florida 33710,27.78682,-82.751304,Market Place Shopping Center,24/7;cold brew;breakfast
St Petersburg Florida 33716,27.87978,-82.651239,Gateway Crossings,drive thru;cold brew
St Petersburg Florida 33762,27.891326,-82.683679,Ulmerton Rd - Egret Blvd,24/7;drive thru;breakfast;cold brew
St. Augustine Florida 32804,28.57462,-81.394746,A1A - State Rd. 3,24/7
St. Catharines Ontario L2R 6P9,43.156335,-79.248669,4th - Louth - St. Catharines,drive thru;cold brew
St. George Utah 84790,37.07516,-113.562139,Red Cliffs Dr - St. George Blvd,24/7
St. Joseph Missouri 64506,39.788309,-94.805849,Belt Hwy - Faraon,drive thru;cold brew
St. Louis Missouri 63101,38.63132,-90.192587,South County Mall,24/7;breakfast
St. Louis Missouri 63116,38.579729,-90.264918,Kings - Chippewa,24/7
St. Louis Park Minnesota 55416,44.938473,-93.359494,St. Louis Park-Minnetonka - Hwy 7,breakfast;cold brew;24/7
St. Louis Park Minnesota 55416,44.94847,-93.340979,St. Louis Park - Excelsior Commons,breakfast;24/7;drive thru
St. Paul Minnesota 55105,44.935249,-93.159361,St. Paul-Grand Ave - Oxford St,24/7;cold brew
St. Peters Missouri 63367,38.78345,-90.788149,Mexico - Mid Rivers Mall Dr,24/7;cold brew;drive thru;breakfast
Stafford Virginia 22554,38.422885,-77.408174,Target Stafford,24/7;drive thru;breakfast
Stamford Connecticut 06901,41.051645,-73.542244,Stamford Library,drive thru;breakfast;24/7
Stamford Connecticut 06901,41.051645,-73.542244,Target Stamford T-1544,cold brew
Stamford Connecticut 06904,41.051645,-73.542244,Stamford-Ridgeway,breakfast;drive thru
Stamford Connecticut 06905,41.073373,-73.54655,Stamford,24/7
Stanton California 90680,33.773935,-117.992899,Beach - Chapman  Stanton,cold brew
Stanwood Washington 98292,48.24159,-122.372384,Stanwood Town Center,cold brew;24/7;breakfast
Stanwood Washington 98292,48.243313,-122.365342,Stanwood - Haggens,24/7;drive thru
State College Pennsylvania 16801,40.817866,-77.818276,State College,drive thru
State College Pennsylvania 16803,40.802905,-77.882794,N. Atherton State College,cold brew
Stateline Nevada 89449,38.961458,-119.940556,Harrahs Lake Tahoe Club Cappucino,breakfast;cold brew;drive thru
Stateline Nevada 89449,38.961458,-119.940556,Harveys Emerald Bay Casino Lobby,24/7;cold brew;breakfast
Stateline Nevada 89449,38.961458,-119.940556,Horizon Casino Lake Tahoe - Lobby,24/7
Staten Island New York 10301,40.631844,-74.096531,Forest - Bard,cold brew;24/7;breakfast;drive thru
Staten Island New York 10306,40.57284,-74.095234,Hylan Commons,24/7;breakfast;drive thru;cold brew
Staten Island New York 10309,40.52943,-74.214029,Target Staten Island T-2006,cold brew;24/7;drive thru
Staten Island New York 10314,40.581951,-74.168961,Staten Island Mall,breakfast
Staten Island New York 10314,40.594475,-74.185929,Victory - Bradley,cold brew;24/7
Staten Island New York 10314,40.623835,-74.149064,Richmond Avenue,cold brew
Statesville North Carolina 28625,35.98373,-80.989264,Statesville,breakfast;24/7
Steamboat Springs Colorado 80477,40.487825,-106.836369,Steamboat Springs Sheraton,cold brew;24/7;breakfast
Steamboat Springs Colorado 80477,40.487828,-106.836366,City Market - Steamboat Sprngs #414,drive thru;cold brew;breakfast
Steamboat Springs Colorado 80477,40.487828,-106.836366,Hwy 40 - Anglers Dr-Steamboat Sprin,cold brew
Steamboat Springs Colorado 80488,40.487828,-106.836366,Safeway - Steamboat Springs #637,24/7;drive thru;cold brew
Steamwood Illinois 60197,41.91504,-88.120559,Super Target Streamwood ST-1950,breakfast
Stephenson Ranch California 91381,34.389825,-118.578981,Valencia Marketplace,cold brew;breakfast;drive thru;24/7
Stephenville Texas 76401,32.206407,-98.239935,377 - Wolfe Nursery Rd,breakfast;cold brew;24/7
Sterling Heights Michigan 48312,42.5655,-83.027034,Van Dyke - 16 Mile Rd,cold brew
Sterling Heights Michigan 48313,42.600305,-82.997919,Marshall Fields - Lakeside Mall,24/7;cold brew
Sterling Park Virginia 20164,39.011916,-77.394632,Safeway-Sterling #1759,cold brew;drive thru;24/7;breakfast
Sterling Virginia 20164,39.009225,-77.416502,Sterling,cold brew;drive thru;breakfast
Sterling Virginia 20164,39.011916,-77.394632,Target Sterling T-1009,breakfast;cold brew
Sterling Virginia 20165,39.04353,-77.386089,Safeway-Sterling #1084,24/7;breakfast;cold brew
Sterling Virginia 20166,38.996081,-77.433824,IAD - Dulles Conc B Post Sec News,cold brew;drive thru
Sterling Virginia 20166,38.996081,-77.433824,IAD - Dulles Concourse D-15,24/7;drive thru;breakfast;cold brew
Sterling Virginia 20166,38.996081,-77.433824,IAD - Dulles Main Term. LL,cold brew;breakfast;24/7;drive thru
Sterling Virginia 20166,38.996081,-77.433824,IAD - Dulles Midfield Concourse B,cold brew
Sterling Virginia 20166,38.996081,-77.433824,IAD - Dulles Midfield Term. C-3,24/7;drive thru;breakfast;cold brew
Sterling Virginia 20166,38.996081,-77.433824,IAD - Dulles Midfield Term. D-18,breakfast
Sterling Virginia 22046,38.88549,-77.173624,Cascade Marketplace,cold brew;drive thru
Stevensville Michigan 49127,42.01758,-86.513379,Martins-Stevensville #23,breakfast;drive thru
Stillwater Minnesota 55082,45.031973,-92.821669,Kowalski-Stillwater Oak Park,cold brew
Stillwater Minnesota 55082,45.031973,-92.821669,Stillwater,drive thru;breakfast
Stillwater Minnesota 550827546,45.05669,-92.810593,Target Stillwater T-931,drive thru;breakfast;24/7;cold brew
Stockbridge Georgia 30281,33.549132,-84.219379,Eagles Landing Pkwy - Medical Blvd,24/7;cold brew;drive thru;breakfast
Stockton California 95201,37.93427,-121.234169,Hwy 99 - Waterloo - Stockton,breakfast;drive thru;cold brew;24/7
Stockton California 95201,37.949858,-121.326412,Eight Mile - I-5 - Stockton,24/7;drive thru;breakfast;cold brew
Stockton California 95201,37.953619,-121.290724,Target North Stockton T-1862,drive thru;breakfast
Stockton California 952044437,37.97356,-121.302094,2535 Pacific Ave. - Stockton,breakfast;cold brew;24/7
Stockton California 95207,37.949858,-121.326412,March - I-5 - Stockton,24/7;drive thru
Stockton California 95207,37.95362,-121.290719,Lincoln Center - Stockton,cold brew
Stockton California 95207,38.00309,-121.324079,Pacific - Yokuts - Stockton,24/7;drive thru;cold brew
Stockton California 95207,38.00309,-121.324079,Safeway-Stockton #2707,breakfast;cold brew;24/7;drive thru
Stockton California 95210,38.024815,-121.298779,Hammer - West - Stockton,breakfast;cold brew;drive thru;24/7
Stone Mountain Georgia 30083,33.78796,-84.207024,Marriott Evergreen ConferenceResort,breakfast
Stone Mountain Georgia 30087,33.810412,-84.129077,SuperTarget Stone Mountain ST-1758,breakfast;cold brew;24/7
Stone Mountain Georgia 30087,33.833035,-84.135231,Kroger-Stone Mountain #449,breakfast
Stoney Creek Ontario L8G 1E7,43.2296,-79.772029,Queenston Rd - Worsley Rd-Stoney Cr,24/7;cold brew;breakfast
Stoney Creek Virginia 23882,36.94569,-77.400549,Davis Oil Travel Plaza,drive thru;24/7;cold brew;breakfast
Stony Brook New York 11790,40.92313,-73.143614,Stony Brook (347),24/7;drive thru;cold brew
Storrs Connecticut 06268,41.80101,-72.241229,Storrs,cold brew;breakfast;drive thru
Stoughton Massachusetts 02072,42.139853,-71.108777,Stoughton,drive thru;24/7;breakfast;cold brew
Strongsville Ohio 44136,41.309711,-81.812489,Strongsville  Royalton Rd,24/7;cold brew;breakfast
Strongsville Ohio 44136,41.309711,-81.812489,Target Strongsville T-985,cold brew;drive thru;breakfast
Stuart Florida 33994,26.640845,-81.868189,US 1 - Britt Rd,24/7;drive thru;cold brew;breakfast
Stuart Florida 34994,27.175495,-80.235369,Monterey Rd - Federal Hwy,drive thru;cold brew
Studio City California 91403,34.14988,-118.462409,Studio City,drive thru;cold brew;24/7;breakfast
Studio City California 91604,34.14199,-118.389309,Ventura - Vineland  Studio City,breakfast;24/7;cold brew;drive thru
Studio City California 91604,34.142222,-118.3925,Ventura - Alcove - Studio City,drive thru;24/7;cold brew;breakfast
Studio City California 916042016,34.13781,-118.391411,Vons-Studio City #1674,24/7;cold brew;breakfast
Sudbury Massachusetts 01776,42.379929,-71.408106,Sudbury,drive thru;24/7;breakfast;cold brew
Sudbury Ontario P3A 4R7,46.52249,-80.946389,Chapters - Sudbury,breakfast;cold brew;drive thru
Suffolk Virginia 23434,36.740721,-76.588775,Farm Fresh - Suffolk #188,breakfast;24/7;cold brew;drive thru
Sugar Land Texas 77478,29.631279,-95.624583,Kroger-Sugar Land #375,cold brew;breakfast;24/7
Sugar Land Texas 77479,29.574351,-95.647465,Kroger-Sugar Land #320,cold brew;drive thru;24/7;breakfast
Sugar Land Texas 77479,29.574351,-95.647465,Randalls-Sugar Land #3068,24/7;cold brew;drive thru
Sugar Land Texas 77479,29.574351,-95.647465,Super Target Sugarland ST-1786,drive thru
Sugarland Texas 77479,29.562188,-95.685593,Hwy 59 - Grand Parkway,cold brew;drive thru;breakfast;24/7
Sugarland Texas 77479,29.587545,-95.6119,Sugarland (B-N),breakfast;drive thru;24/7
Sugarland Texas 77479,29.609,-95.642924,Hwy 6 - US Hwy 59,cold brew;24/7
Suisun City California 94585,38.24365,-122.005359,Sunset - Merganser - Suisun City,24/7;cold brew
Summerville South Carolina 29483,33.046052,-80.110874,US 17A - Berlin G. Myers,cold brew;drive thru;24/7;breakfast
Summit New Jersey 07901,40.7251,-74.355749,Summit,breakfast;drive thru;24/7;cold brew
Sumner Washington 98390,47.203105,-122.232479,Fred Meyer-Sumner #665,24/7;cold brew;drive thru;breakfast
Sumner Washington 98390,47.248466,-122.228598,Sumner,24/7;breakfast;cold brew
Sun City Arizona 853511283,33.598034,-112.271912,99th Ave. - Bell  Sun City,breakfast;drive thru
Sun City California 92586,33.70833,-117.197491,Albertsons-Sun City #691   (6791),24/7;cold brew;drive thru
Sunland California 91040,34.261995,-118.326874,Foothill - Oro Vista  Sunland,breakfast;24/7;drive thru
Sunnyvale California 94086,37.37105,-122.023859,Mary - Washington - Sunnyvale,breakfast;drive thru;cold brew
Sunnyvale California 94086,37.37105,-122.023859,Mathilda - Maude - Sunnyvale,24/7;breakfast;drive thru
Sunnyvale California 94087,37.33937,-122.032214,Sunnyvale,breakfast;cold brew;24/7;drive thru
Sunnyvale California 94087,37.342605,-122.041519,Hollenbeck Road,cold brew
Sunnyvale California 94087,37.352085,-122.037089,Albertsons-Sunnyvale #7103,24/7;drive thru
Sunnyvale California 94087,37.352085,-122.037089,Fremont - Mary - Sunnyvale,24/7;breakfast;cold brew;drive thru
Sunnyvale California 94087,37.352085,-122.037089,Safeway - Sunnyvale #1196,cold brew
Sunnyvale California 94087,37.352085,-122.037089,Safeway - Sunnyvale #313,cold brew;24/7
Sunnyvale California 94087,37.35234,-122.000609,El Camino - Mathilda,24/7;breakfast;drive thru
Sunnyvale California 940872919,37.37159,-122.038239,Safeway - Sunnyvale #1439,breakfast;cold brew;24/7;drive thru
Sunrise Florida 33323,26.152928,-80.317102,Flamingo Rd - Sunrise Blvd,drive thru;24/7;cold brew;breakfast
Sunrise Florida 33351,26.179175,-80.263809,Springtree - University,drive thru;breakfast
Superior Colorado 80027,39.95406,-105.166199,Safeway-Superior #1656,cold brew;breakfast;drive thru
Superior Colorado 80027,39.962933,-105.149888,Super Target Superior ST-1769,cold brew;drive thru;24/7
Surprise Arizona 85374,33.63301,-112.342069,Safeway-Surprise #1997,24/7;cold brew;breakfast;drive thru
Surprise Arizona 85374,33.63301,-112.342069,Safeway-Surprise #2699,breakfast
Surprise Arizona 85374,33.638774,-112.304012,Bell - Grand  Surprise,cold brew;drive thru
Surprise Arizona 85374,33.644383,-112.385919,Albertsons-Surprise #1026,24/7;drive thru;breakfast;cold brew
Surprise Arizona 85374,33.644383,-112.385919,Safeway-Sun City West #1520,breakfast;24/7;drive thru;cold brew
Susanville California 96130,40.395894,-120.523895,Main - Riverside - Susanville,breakfast;drive thru
Suwanee Georgia 30097,34.02196,-84.189426,P'tree Pkwy  McGinnis Ferry Rd,24/7
Suwannee Georgia 30024,34.061791,-84.090131,Target Johns Creek ST-2056,24/7
Swampscot Massachusetts 01907,42.475343,-70.91296,Swampscot,cold brew;breakfast;24/7
Syosset New York 11791,40.803555,-73.509473,Syosset- South Oyster Bay,drive thru;24/7
Syracuse New York 13202,43.04999,-76.147389,Armory Square,24/7;drive thru;cold brew;breakfast
Syracuse New York 13210,43.039398,-76.134499,Syracuse University,drive thru;cold brew;breakfast;24/7
Tacoma Washington 98402,47.255165,-122.441654,Rainier Pacific Building-Tacoma,breakfast
Tacoma Washington 98402,47.255165,-122.441654,Univ. of Wash   Tacoma,24/7;breakfast;cold brew
Tacoma Washington 98403,47.27476,-122.466099,N. 30th - McCarver Old Town,24/7
Tacoma Washington 98404,47.19174,-122.414489,72nd - Portland Avenue,cold brew;breakfast
Tacoma Washington 98404,47.211715,-122.414499,Safeway - Tacoma #1436,cold brew;24/7;drive thru
Tacoma Washington 98405,47.24787,-122.468899,Top Foods Tacoma,drive thru;breakfast
Tacoma Washington 98405,47.255165,-122.441654,Sixth - Pine   Tacoma,drive thru
Tacoma Washington 98407,47.27106,-122.488879,26th and Proctor,breakfast;cold brew
Tacoma Washington 98407,47.298725,-122.512844,Westgate,cold brew;drive thru;24/7;breakfast
Tacoma Washington 98408,47.19913,-122.432004,Tacoma Place,breakfast;cold brew;drive thru;24/7
Tacoma Washington 98409,47.18936,-122.464364,Tacoma Mall,breakfast;24/7
Tacoma Washington 98409,47.197435,-122.492104,Lincoln Plaza,drive thru;breakfast;24/7;cold brew
Tacoma Washington 98409,47.206552,-122.463364,S 56th - Tacoma Way - Tacoma,drive thru;24/7;cold brew
Tacoma Washington 98411,47.255165,-122.441654,100th - Bridgeport Way,breakfast;drive thru;cold brew;24/7
Tacoma Washington 984183919,47.255138,-122.44165,Safeway-Tacoma #1437,drive thru
Tacoma Washington 98424,47.236748,-122.356038,Key Bank Plaza,24/7
Tacoma Washington 98444,47.14116,-122.438514,Parkland-Tacoma,24/7
Tacoma Washington 98444,47.14116,-122.438514,Spanaway,cold brew;breakfast;drive thru
Tacoma Washington 98444,47.15444,-122.447514,Albertsons-Tacoma #493,cold brew;drive thru;24/7;breakfast
Tacoma Washington 98465,47.248825,-122.526291,19th - Mildred,24/7
Tacoma Washington 98466,47.22821,-122.526299,27th - 67th,cold brew
Tacoma Washington 98466,47.232,-122.506019,Bridgeport,cold brew;drive thru;breakfast
Tahoe City California 96145,39.164919,-120.143102,Albertsons - Tahoe City #7229,drive thru;cold brew;24/7;breakfast
Tallahassee Florida 32301,30.431695,-84.263029,Target Tallahassee T-844,drive thru;24/7
Tallahassee Florida 32301,30.439785,-84.280649,N. Monroe - John Knox,drive thru;24/7;cold brew
Tallahassee Florida 32304,30.448848,-84.308915,1703 W Tennessee,cold brew;breakfast;drive thru
Tallahassee Florida 32309,30.488635,-84.144819,I-10 - Thomasville Rd,24/7;drive thru
Tallahassee Florida 32309,30.53809,-84.176339,Target-Tallahassee T-1973,drive thru;cold brew
Tampa  Florida 33269,25.728981,-80.237419,Montague - Linebaugh,24/7;cold brew;drive thru;breakfast
Tampa Florida 33605,27.94653,-82.459269,Centro - Ybor,cold brew;drive thru
Tampa Florida 33606,27.93594,-82.468219,Tampa General Hospital,drive thru;breakfast;24/7
Tampa Florida 33606,27.94951,-82.482964,Howard - Moody,cold brew;24/7;drive thru
Tampa Florida 33607,27.953195,-82.489454,Baystreet Store,cold brew;breakfast;drive thru;24/7
Tampa Florida 33607,27.953195,-82.489454,International Mall Kiosk,drive thru;breakfast;cold brew
Tampa Florida 33607,27.953195,-82.489454,TPA - Main Transfer Lvl 3rd Floor,breakfast;cold brew;drive thru
Tampa Florida 33607,27.953195,-82.489454,TPA - Tampa Airside Term F,cold brew;drive thru
Tampa Florida 33607,27.9644,-82.501369,Fidelity,cold brew;drive thru;24/7
Tampa Florida 33607,27.9644,-82.501369,TPA -  Relo Main Transf Lvl  3rd Fl,cold brew
Tampa Florida 33607,27.9644,-82.501369,TPA - Tampa Airside A,24/7
Tampa Florida 33607,27.9644,-82.501369,TPA - Tampa Airside C,breakfast
Tampa Florida 33607,27.9644,-82.501369,TPA - Tampa Airside E Level 3,breakfast
Tampa Florida 33607,27.9644,-82.501369,Target Tampa T-2040,breakfast
Tampa Florida 33609,27.941121,-82.50582,401 S. Dale Mabry Hwy,24/7;breakfast;cold brew
Tampa Florida 33609,27.94487,-82.527424,Westshore - Kennedy,drive thru;24/7;cold brew
Tampa Florida 33609,27.94487,-82.527424,Westshore Plaza,breakfast;drive thru;cold brew;24/7
Tampa Florida 33617,28.06604,-82.401879,Fowler - 50th,24/7;breakfast;drive thru
Tampa Florida 33618,28.050334,-82.493233,Shoppes of Carrollwood,breakfast;cold brew;24/7
Tampa Florida 33620,28.06158,-82.408709,U of S. FL - Library,cold brew
Tampa Florida 33625,27.996521,-82.580832,8686 Hillsborough Ave,drive thru;breakfast
Tampa Florida 33625,28.066225,-82.571674,Citrus Park Mall,cold brew
Tampa Florida 33625,28.06946,-82.557809,Racetrack Rd - Hillsborough Ave,cold brew;breakfast;drive thru
Tampa Florida 33629,27.919603,-82.498923,3400 Bay to Bay Blvd.,cold brew
Tampa Florida 33634,28.025645,-82.531759,Waters - Anderson,cold brew
Tampa Florida 33637,28.069298,-82.375624,Fletcher - Park Edge,24/7;drive thru;breakfast;cold brew
Tampa Florida 33647,28.132837,-82.35564,BB Downs - Richmond Park Dr.,breakfast;24/7;drive thru;cold brew
Tarentum Pennsylvania 15084,40.569744,-79.799552,Pittsburgh Mills,breakfast
Tarpon Springs Florida 34689,28.16943,-82.740384,Tarpon Ave - US Hwy 19,cold brew;drive thru;24/7
Tarzana California 91356,34.161945,-118.532119,Tarzana,breakfast;cold brew;24/7
Tarzana California 91356,34.161945,-118.532119,Vons-Tarzana #2066,cold brew
Tarzana California 91356,34.175001,-118.550103,Ventura Shirley-Tarzana,drive thru;cold brew;24/7
Taunton Massachusetts 02780,41.87817,-71.067194,Taunton Depot,breakfast;cold brew;drive thru;24/7
Temecula California 92503,33.934485,-117.437799,Rancho California - Ynez  Temecula,24/7;drive thru
Temecula California 92589,33.502481,-117.166931,Albertsons-Temecula #6753,24/7;drive thru;cold brew;breakfast
Temecula California 92590,33.49044,-117.199009,Albertsons-Temecula #6706,24/7
Temecula California 925901817,33.499081,-117.153839,Old Town Front - 6th  Temecula,breakfast;24/7
Temecula California 925905609,33.710548,-117.084961,Jefferson - Winchester  Temecula,breakfast;cold brew;24/7;drive thru
Temecula California 92591,33.523494,-117.161637,Winchester Marketplace,cold brew;24/7
Temecula California 92591,33.528194,-117.166572,Temecula,cold brew;24/7;drive thru
Temecula California 92591,33.529315,-117.154659,Margarita - N. General Kearny  Teme,drive thru;cold brew
Temecula California 92591,33.530776,-117.13233,Promenade In Temecula  Temecula,cold brew;24/7;drive thru;breakfast
Temecula California 92592,33.476102,-117.125837,Hwy 79 - Meadows Pkwy  Temecula,breakfast
Temecula California 92592,33.49596,-117.076219,Albertsons - Temecula #6734,cold brew
Temecula California 925924821,33.50248,-117.166908,Hwy 79 - Pechanga  Temecula,drive thru;breakfast
Tempe Arizona 85281,33.424855,-111.884074,Mill - 5th Avenue,cold brew
Tempe Arizona 852811200,33.442211,-111.92588,Priest - Washington  Tempe,drive thru;24/7;breakfast;cold brew
Tempe Arizona 852813463,33.442211,-111.92588,University - Hardy  Tempe,24/7;drive thru;breakfast
Tempe Arizona 85282,33.390079,-111.97151,Arizona Mills,cold brew;breakfast;drive thru;24/7
Tempe Arizona 85282,33.392935,-111.929009,Rural - Baseline - Tempe,drive thru;cold brew
Tempe Arizona 85282,33.392935,-111.929009,Safeway-Tempe #1487,24/7
Tempe Arizona 852825603,33.442211,-111.92588,McClintock - Southern  Tempe,24/7;cold brew;drive thru;breakfast
Tempe Arizona 85283,33.36376,-111.913109,Guadalupe - McClintock,cold brew;drive thru;breakfast
Tempe Arizona 85283,33.36467,-111.928604,Albertsons-Tempe #940,24/7;breakfast;drive thru
Tempe Arizona 85284,33.336249,-111.9263,Safeway-Tempe #1535,drive thru;breakfast;cold brew;24/7
Tempe Arizona 85287,33.421985,-111.930879,ASU Tempe -  Business College,drive thru;24/7;cold brew
Tempe Arizona 85287,33.421985,-111.930879,ASU Tempe -  Memorial Union,24/7;drive thru
Tempe Arizona 85287,33.421985,-111.930879,ASU Tempe - Bookstore,24/7
Tempe Arizona 85287,33.421985,-111.930879,ASU Tempe - Palo Verde East,breakfast;cold brew;24/7;drive thru
Temple City California 91780,34.10774,-118.053314,Las Tunas - Rosemead  Temple City,drive thru
Temple Texas 76504,31.090006,-97.388806,I-35 - Hwy. 53,breakfast;drive thru;cold brew
Terre Haute Indiana 47802,39.425903,-87.415804,US 41 - Margaret,breakfast
Terrell Texas 75160,32.714638,-96.310701,I-20 - Hwy 34,drive thru
Texarkana Texas 75503,33.468115,-94.059972,I-30 - Richmond,cold brew;drive thru
The Dalles Oregon 97058,45.590298,-121.209646,Safeway-The Dalles #1489,breakfast
The Villages Florida 32159,28.92875,-81.935949,Main Street - Alvarez,24/7;breakfast
The Villages Florida 32159,28.92875,-81.935949,Old Mill - Canal,24/7;breakfast;drive thru;cold brew
The Woodlands Texas 77380,30.15752,-95.455776,Woodlands Town Center,cold brew
The Woodlands Texas 77380,30.16577,-95.467628,Kroger-The Woodlands #365,cold brew;drive thru
The Woodlands Texas 77380,30.166933,-95.457917,Pinecroft - Lake Woodlands,cold brew;breakfast;24/7;drive thru
The Woodlands Texas 77381,30.166445,-95.507542,Panther Creek - Woodlands Pkwy,drive thru;24/7;cold brew;breakfast
The Woodlands Texas 77381,30.169521,-95.478476,Kroger-The Woodlands #732,breakfast;cold brew;24/7
The Woodlands Texas 77384,30.22292,-95.480539,Randalls-The Woodlands #2617,breakfast;24/7;drive thru
Thornhill Ontario L3T 5Z2,43.812815,-79.399576,7355 Bayview Ave.,drive thru;cold brew;breakfast;24/7
Thornhill Ontario L3T 7L2,43.815525,-79.423554,Yonge - Centre - Thornhill,cold brew;drive thru;breakfast
Thornhill Ontario L4C 6Z5,43.87561,-79.443979,Richmond Hill Indigo,breakfast
Thornhill Ontario L4J 1V7,43.830305,-79.428874,Yonge - Steeles Ave.,cold brew;24/7;breakfast
Thornton Colorado 80223,39.69763,-105.001524,Safeway-Thornton #242,cold brew;drive thru
Thornton Colorado 80229,39.849475,-104.971314,84th and Pearl-Thornton,breakfast;drive thru
Thornton Colorado 80229,39.855645,-104.946334,Safeway-Thornton #1873,24/7;cold brew
Thornton Colorado 80229,39.863175,-104.959479,Albertsons-Thornton #892,24/7
Thornton Colorado 80241,39.914495,-104.924714,120th - Colorado-Thornton,cold brew;24/7
Thornton Colorado 80241,39.9294,-104.950579,Super Target Thornton ST-1372,breakfast;cold brew;24/7;drive thru
Thousand Oaks California 91320,34.18419,-118.922349,Wendy Drive - 101 Fwy  Thousand Oak,cold brew;drive thru;breakfast;24/7
Thousand Oaks California 913203390,34.182213,-118.925278,Newbury - Kelly  Newbury Park,cold brew;breakfast;24/7;drive thru
Thousand Oaks California 91360,34.185003,-118.894256,Village at Moorpark,24/7
Thousand Oaks California 91360,34.196471,-118.859442,Albertsons-Thousand Oaks #6369,breakfast;cold brew
Thousand Oaks California 91360,34.196471,-118.859442,Vons-Thousand Oaks #2092,cold brew
Thousand Oaks California 913605177,34.183392,-118.87561,Janss - Moorpark  Thousand Oaks,drive thru;cold brew
Thousand Oaks California 91362,34.19173,-118.823909,Northgate Centre - Thousand Oaks,breakfast;24/7;cold brew
Thousand Oaks California 91362,34.19173,-118.823909,Oak Brook Shopping Center - 1000 Oa,breakfast;drive thru;cold brew;24/7
Thunder Bay Ontario P7B 3Z7,48.437935,-89.270304,Chapters - Thunder Bay,cold brew;drive thru;24/7;breakfast
Tifton Georgia 31794,31.45035,-83.529529,US Hwy 82  I-75,drive thru;cold brew;24/7
Tigard Oregon 97204,45.517859,-122.67408,Albertsons-Tigard #565,breakfast
Tigard Oregon 97223,45.420938,-122.744969,Albertsons-Tigard #576,breakfast
Tigard Oregon 97223,45.425788,-122.765754,North Tigard,breakfast;24/7;drive thru;cold brew
Tigard Oregon 97223,45.425788,-122.765754,Scholls Ferry Tigard,24/7;drive thru;cold brew
Tigard Oregon 97223,45.425788,-122.765754,Tigard Marketplace,breakfast
Tigard Oregon 97223,45.425788,-122.765754,Washington Square,24/7;cold brew
Tigard Oregon 97223,45.425788,-122.765754,Washington Square III,breakfast;drive thru;24/7
Tigard Oregon 97223,45.438982,-122.780919,Fred Meyer-Tigard #375,cold brew;drive thru;breakfast;24/7
Tigard Oregon 97224,45.396265,-122.755099,Tigard,breakfast;drive thru
Tigard Oregon 97233,45.515076,-122.497899,Safeway-Tigard (King City) #1478,drive thru;24/7;cold brew;breakfast
Tilton New Hampshire 03276,43.44223,-71.588253,Tilton  Tanger Outlet,cold brew;24/7
Timonium Maryland 21030,39.488165,-76.654304,Timonium,breakfast;drive thru
Timonium Maryland 21093,39.439899,-76.629398,Yorkridge Center,24/7;breakfast
Tinley Park Illinois 60477,41.57867,-87.793335,Super Target Tinley Park ST-2035,24/7;cold brew;drive thru
Tinley Park Illinois 604771610,41.600498,-87.79615,Tinley Park - Park Center,breakfast;drive thru;cold brew
Toledo Ohio 43147,39.903127,-82.762838,Kroger-Toledo #511,drive thru;24/7
Toledo Ohio 43606,41.661965,-83.641104,U of Toledo - Student Union Bldg,cold brew;24/7;drive thru;breakfast
Toledo Ohio 43611,41.707001,-83.488009,Kroger-Toledo #617,24/7;cold brew
Toledo Ohio 43623,41.70124,-83.640749,Talmadge Square,drive thru
Toledo Ohio 43623,41.706998,-83.646119,Marshall Fields - Franklin Mall,24/7;cold brew;drive thru;breakfast
Tomball Texas 77377,30.039365,-95.635309,Target Tomball T-1904,24/7;breakfast;cold brew;drive thru
Topeka Kansas 66604,39.03429,-95.756239,I-470 - Wanamaker,24/7;drive thru;cold brew;breakfast
Topsham Maine 04086,43.931232,-69.981013,Topsham  Fair Mall Road,cold brew;drive thru;24/7
Toronto Ontario M2K 1E6,43.766731,-79.38826,Bayview Village Chapters,drive thru;breakfast;cold brew
Toronto Ontario M3H 2S1,43.736674,-79.433822,Bathurst - Sheppard,drive thru;24/7;breakfast
Toronto Ontario M3J 3N3,43.766106,-79.495177,Dufferin - Steeles,drive thru
Toronto Ontario M4E 1G3,43.671148,-79.294174,2253 Queen St. E. - Hammersmith,breakfast
Toronto Ontario M4G 3B5,43.705358,-79.374818,1545 Bayview,24/7;breakfast
Toronto Ontario M4J 1L7,43.68323,-79.324179,Danforth - Langford,cold brew
Toronto Ontario M4K 1R1,43.67868,-79.346112,604 Danforth,drive thru;24/7
Toronto Ontario M4L 1H1,43.67038,-79.298449,Queen - Brookmount - Toronto,breakfast;24/7;cold brew
Toronto Ontario M4L 1J2,43.670054,-79.300624,1984 Queen St.East,breakfast
Toronto Ontario M4P 1A2,43.70709,-79.396829,Eglinton and Holly,breakfast
Toronto Ontario M4P 1E4,43.716475,-79.400459,Yonge - Eglinton Indigo,drive thru;breakfast;24/7
Toronto Ontario M4P 2C6,43.707436,-79.398324,2293 Yonge Street,drive thru;24/7
Toronto Ontario M4P 2J5,43.715542,-79.400364,2630 Yonge Street,breakfast;drive thru;cold brew;24/7
Toronto Ontario M4S 1Z3,43.698465,-79.396452,1909 Yonge St.,cold brew
Toronto Ontario M4T 1Z2,43.68882,-79.394225,1495 Yonge - St. Clair,drive thru;cold brew
Toronto Ontario M4W 1A5,43.678132,-79.379429,Bay - Bloor Indigo,breakfast
Toronto Ontario M4W 1A8,43.678132,-79.379429,Hudson Bay Centre,cold brew
Toronto Ontario M4W 2G6,43.670887,-79.386855,765 Yonge,24/7;breakfast;cold brew
Toronto Ontario M4W 2L4,43.678111,-79.390045,1088 Yonge St,drive thru;breakfast;cold brew;24/7
Toronto Ontario M4Y 1G2,43.666785,-79.376828,8 Wellesley,cold brew;drive thru
Toronto Ontario M4Y 1X1,43.666727,-79.381329,450 Yonge  College,drive thru;breakfast;cold brew;24/7
Toronto Ontario M4Y 2B2,43.668866,-79.385587,6 Charles Street (aka 675 Yonge),drive thru;24/7;cold brew
Toronto Ontario M4Y 2C6,43.665084,-79.380474,485 Church Street,24/7;cold brew
Toronto Ontario M4Y 2R8,43.668385,-79.379229,Bloor - Jarvis,breakfast;cold brew
Toronto Ontario M5A 1J4,43.650583,-79.370819,185 King St.George,24/7;breakfast;cold brew;drive thru
Toronto Ontario M5B 1C8,43.65049,-79.376297,Eaton #1110 - Toronto Eaton Centre,cold brew;drive thru
Toronto Ontario M5B 2H1,43.65488,-79.376124,Yonge - Shuter (Eaton),cold brew;24/7
Toronto Ontario M5B 2H6,43.65274,-79.379539,Toronto Eaton Centre Indigo,breakfast
Toronto Ontario M5B 2H6,43.658065,-79.378387,Toronto Eaton Centre,breakfast;24/7;cold brew;drive thru
Toronto Ontario M5C 2V9,43.651492,-79.375062,One Financial Place,drive thru;cold brew
Toronto Ontario M5C 2W5,43.652342,-79.379065,1 Queen St.  Yonge,breakfast;cold brew;drive thru;24/7
Toronto Ontario M5E 1B8,43.64882,-79.372588,81 Front Street,drive thru;cold brew;24/7
Toronto Ontario M5F 2W7,43.648565,-79.385329,110 Bloor St.W Chapters,24/7;cold brew;drive thru;breakfast
Toronto Ontario M5G 1X8,43.648565,-79.385329,Hospital for Sick Chldrn,drive thru
Toronto Ontario M5H 1B6,43.649187,-79.378085,4 King Street W.,cold brew;24/7
Toronto Ontario M5H 1T1,43.64946,-79.383402,120 Adelaide Street W.,drive thru;breakfast;cold brew
Toronto Ontario M5H 2Y3,43.648565,-79.385329,Queen - Bay,cold brew;breakfast
Toronto Ontario M5H 3N5,43.648454,-79.385086,155 University,24/7;cold brew;drive thru;breakfast
Toronto Ontario M5J 2J3,43.64667,-79.379419,Royal Bank Plaza,cold brew;breakfast;drive thru
Toronto Ontario M5J 2T3,43.64667,-79.379419,BCE,cold brew
Toronto Ontario M5J 2Y1,43.648565,-79.385329,Queens Quay - York,cold brew;breakfast;drive thru;24/7
Toronto Ontario M5M 3Y6,43.670428,-79.394921,1740-42 Avenue Rd.,drive thru;cold brew
Toronto Ontario M5M 3Z9,43.733495,-79.414174,Avenue - Roe,breakfast;cold brew;24/7
Toronto Ontario M5N 1A5,43.703972,-79.411769,444 Eglinton Ave. W.,24/7
Toronto Ontario M5P 3M2,43.689832,-79.413361,446 Spadina Rd.,drive thru
Toronto Ontario M5R 1L4,43.670494,-79.393515,139 Yorkville Ave.,drive thru
Toronto Ontario M5R 2B1,43.672916,-79.390761,Bay - Cumberland,cold brew;drive thru
Toronto Ontario M5S 1Y2,43.66543,-79.409931,494 Bloor Street West,cold brew;24/7
Toronto Ontario M5S 2W6,43.66304,-79.399871,U of Toronto - Warren Stevens Bldg.,drive thru;breakfast
Toronto Ontario M5T 1P9,43.658618,-79.395541,205 College  Beverly,drive thru;24/7;cold brew
Toronto Ontario M5V 1K4,43.64653,-79.398259,King - Brant,drive thru;24/7
Toronto Ontario M5V 1Z7,43.642224,-79.395751,Yonge  Rose Hill,cold brew;breakfast
Toronto Ontario M5V 1Z7,43.649947,-79.391072,250 Queen St. W.,24/7;cold brew;breakfast;drive thru
Toronto Ontario M5V 3S6,43.642224,-79.395751,Richmond - Spadina,breakfast;cold brew;drive thru
Toronto Ontario M5V 3W2,43.645674,-79.387897,224 Wellington St W,24/7;breakfast;drive thru;cold brew
Toronto Ontario M5X 1A9,43.64827,-79.381909,The Exchange Tower,breakfast;24/7
Toronto Ontario M6A 2T9,43.722349,-79.446384,Yorkdale Indigo,24/7;drive thru
Toronto Ontario M6C 1B2,43.68146,-79.426924,St. Clair - Christie,24/7;breakfast;cold brew;drive thru
Toronto Ontario M6C 2B6,43.700686,-79.427536,900 Eglinton Ave. W.,drive thru;24/7;breakfast;cold brew
Toronto Ontario M6G 1B1,43.655797,-79.411594,542 College   Euclid,24/7;cold brew
Toronto Ontario M6H 1A6,43.651195,-79.439443,College - Dovercourt,24/7
Toronto Ontario M6J 1G8,43.646097,-79.409664,732 Queen St West,24/7;drive thru;cold brew
Toronto Ontario M6J 1H9,43.64458,-79.416904,Queen - Dovercourt,cold brew;drive thru;breakfast;24/7
Toronto Ontario M6N 5B9,43.66979,-79.466354,Keele - St. Clair,breakfast;drive thru
Toronto Ontario M6S 1N4,43.651348,-79.475919,2210 Bloor St. W.,24/7;cold brew
Toronto Ontario M8X 1C7,43.64883,-79.504869,Bloor - Thompson,24/7
Toronto Ontario M9B 1A8,43.651854,-79.551874,Six Points Plaza-5230 Dundas St W,breakfast;cold brew
Toronto Ontario M9N 1J8,43.706342,-79.517032,Festival Hall   Chapters,breakfast;cold brew
Torrance California 90501,33.823645,-118.328514,Crenshaw - Sepulveda  Torrance,drive thru;24/7;breakfast;cold brew
Torrance California 90501,33.82788,-118.314319,South Bay Towne Center-Torrance,24/7;breakfast;cold brew
Torrance California 905022018,33.831322,-118.340599,Carson - Normandie  Torrance,breakfast;drive thru;cold brew;24/7
Torrance California 90503,33.825945,-118.351699,Torrance - Hawthorne,breakfast;24/7;drive thru
Torrance California 90503,33.83521,-118.350649,Albertsons-Torrance #6153,breakfast
Torrance California 90503,33.836054,-118.33956,Vons-Torrance #3517,cold brew
Torrance California 90503,33.836365,-118.362343,190th - Anza,breakfast
Torrance California 90503,33.848575,-118.347629,Del Amo,cold brew;breakfast;drive thru;24/7
Torrance California 90504,33.872817,-118.315089,Artesia - Prairie  Torrance,cold brew;drive thru
Torrance California 905043109,33.836609,-118.341408,Hawthorne - Artesia  Torrance,cold brew;breakfast
Torrance California 90505,33.804325,-118.328404,Torrance Crossroads,24/7;breakfast
Torrance California 90505,33.804495,-118.355029,Pacific Plaza (PCH Calle Mayor),breakfast
Torrance California 90505,33.826165,-118.359134,Sepulveda - Anza  Torrance,breakfast;drive thru
Torrance California 905055913,33.807617,-118.357643,Pacific Coast Hwy. - Hawthorne - To,drive thru;cold brew;breakfast;24/7
Torrance California 905056121,33.859119,-118.326477,Crenshaw - Airport  Torrance,24/7;drive thru
Torrington Connecticut 06790,41.800911,-73.086407,Price Chopper-Torrington #156,drive thru;24/7;breakfast
Town - Country Missouri 63131,38.617183,-90.440339,Mason Woods,drive thru;cold brew
Town of Orange Connecticut 06477,41.279404,-73.02644,Target Orange T-1955,24/7;breakfast;drive thru
Town of Southwest Ranches Florida 33331,26.0586,-80.367599,Sheridan St - Dykes Rd,breakfast;24/7;cold brew;drive thru
Towson Maryland 21204,39.392849,-76.604393,Towson University,cold brew;breakfast;24/7
Towson Maryland 21204,39.399935,-76.605364,Dulaney Plaza,cold brew;breakfast
Towson Maryland 21204,39.399935,-76.605364,Ravenwood,cold brew
Towson Maryland 21204,39.399935,-76.605364,Towson Town Center,24/7;drive thru
Trabuco Canyon California 92679,33.642365,-117.578334,Albertsons - Trabuco,breakfast;drive thru;24/7;cold brew
Tracy California 95304,37.740113,-121.370236,Hwy 205 - Grant Line - Tracy,cold brew;drive thru;24/7
Tracy California 95376,37.736506,-121.4339,Albertsons-Tracy #7295,drive thru
Tracy California 95376,37.736506,-121.4339,Safeway-Tracy #2600,cold brew
Tracy California 95376,37.736506,-121.4339,Target Tracy T-738,cold brew;breakfast;24/7
Tracy California 95376,37.736506,-121.4339,Tracy - Clover - Tracy,24/7;drive thru;cold brew;breakfast
Tracy California 95376,37.739685,-121.421809,11th - Corral Hollow - Tracy,cold brew;drive thru
Traverse City Michigan 49684,44.74528,-85.679929,Meijer-Traverse City #33,breakfast;24/7;drive thru;cold brew
Trenton New Jersey 08691,40.216054,-74.620068,Richard Stockton Travel Plaza,24/7;drive thru
Trevose Pennsylvania 19053,40.150372,-74.981057,Travel Plaza-Milepost 351.9,drive thru;cold brew;breakfast
Trophy Club Texas 76262,32.998905,-97.210164,Trophy Lake - Hwy. 114,drive thru;breakfast;cold brew
Troutdale Oregon 97060,45.521966,-122.386934,Safeway-Troutdale #1542,24/7;drive thru
Troutdale Oregon 97060,45.52809,-122.393329,Albertsons-Troutdale #536,breakfast;drive thru
Troutdale Oregon 970603305,45.519024,-122.380203,257th - Stark,drive thru;breakfast;24/7
Troy Michigan 48083,42.55843,-83.115019,Sixteen - John R. Roads,cold brew;breakfast
Troy Michigan 480833418,42.53421,-83.11145,Marshall Fields-Oakland Mall,cold brew
Troy Michigan 48084,42.553819,-83.1826,Somerset Mall - Bridge,24/7;breakfast;drive thru
Troy Michigan 480843206,42.562389,-83.154488,Somerset Kiosk,breakfast;drive thru;24/7
Troy Michigan 480843206,42.562389,-83.154488,Somerset North Mall,drive thru
Troy Michigan 48098,42.595105,-83.168669,Crooks - Long Lake,24/7;drive thru
Troy Ohio 45373,40.0383,-84.213289,Kroger-Troy #914,cold brew;breakfast
Truckee California 96161,39.32283,-120.158049,Truckee,24/7
Truckee California 96161,39.326125,-120.212149,Booth Creek Northstar,breakfast
Trumbull Connecticut 06611,41.23493,-73.218634,Target Trumbull T-1956,drive thru
Trumbull Connecticut 06611,41.23493,-73.218634,Trumbull Mall,24/7;drive thru;breakfast;cold brew
Trumbull Connecticut 06611,41.27516,-73.231025,Trumbull,cold brew;24/7;breakfast;drive thru
Trussville Alabama 35235,33.608965,-86.627969,US Hwy 11 - I-459,drive thru;24/7;breakfast
Trussville Alabama 35235,33.61784,-86.654798,Super Target Trussville ST-1773,breakfast;cold brew;drive thru;24/7
Tualatin Oregon 97062,45.373953,-122.768756,Fred Meyer - Tualatin #393,24/7;drive thru
Tualatin Oregon 97062,45.384105,-122.758854,Hedges Green   Tualatin,cold brew;drive thru;24/7
Tualatin Oregon 97062,45.384105,-122.758854,Tualatin   Haggens,24/7;drive thru;breakfast;cold brew
Tualatin Oregon 97123,45.49197,-122.955479,Fred Meyer-Hillsboro #143,breakfast
Tucker Georgia 30084,33.86525,-84.241672,North Lake,drive thru;24/7;cold brew;breakfast
Tucson Arizona 65741,36.81519,-92.448209,Target Tucson T-854,24/7;cold brew;breakfast;drive thru
Tucson Arizona 85704,32.323738,-110.97491,Ina - Oracle,cold brew;breakfast
Tucson Arizona 85704,32.3302,-110.984759,Albertsons-Tucson #988,24/7;breakfast;cold brew;drive thru
Tucson Arizona 85704,32.3302,-110.984759,River Road - Stoneloop,breakfast;cold brew;drive thru
Tucson Arizona 85704,32.3302,-110.984759,Safeway-Tucson #1255,24/7;cold brew;breakfast;drive thru
Tucson Arizona 857101407,32.22155,-110.969772,Broadway Bl - Kolb Rd  Tucson,breakfast;24/7
Tucson Arizona 857105121,32.22155,-110.969772,22nd Street - Kolb  Tucson,drive thru;cold brew;breakfast;24/7
Tucson Arizona 857113916,32.283684,-110.95639,Park Place - Tucson,cold brew;drive thru;24/7
Tucson Arizona 85712,32.25062,-110.900704,Grant - Swan,24/7;drive thru;breakfast
Tucson Arizona 857125128,32.12328,-110.841148,Speedway - Wilmot  Tucson,cold brew;24/7
Tucson Arizona 857141167,32.163097,-110.968391,Irvington - I-19  Tucson,cold brew;drive thru;24/7;breakfast
Tucson Arizona 85716,32.2437,-110.924669,Target Tucson El Con Mall T-1439,breakfast;drive thru;cold brew;24/7
Tucson Arizona 85718,32.286796,-110.939185,River - Campbell  Tucson,drive thru
Tucson Arizona 85718,32.312352,-110.921992,Sunrise - Swan - Tucson,breakfast
Tucson Arizona 857183175,32.22155,-110.969772,Skyline - Campbell  Tucson,drive thru;24/7;breakfast
Tucson Arizona 857184535,32.22155,-110.969772,Safeway-Tucson #250,drive thru;cold brew;breakfast
Tucson Arizona 85719,32.231651,-110.956772,University of Arizona,cold brew;breakfast;drive thru;24/7
Tucson Arizona 85719,32.243705,-110.949029,Safeway-Tucson #268,breakfast;drive thru
Tucson Arizona 857412303,32.22155,-110.969772,La Cholla - Ina  Tucson,24/7;breakfast;drive thru
Tucson Arizona 857437314,32.220753,-110.980019,Cortaro - I-10  Tucson,breakfast;drive thru;cold brew;24/7
Tucson Arizona 85745,32.221553,-110.969754,Starr Pass Marriott Resort - Spa,24/7;breakfast;cold brew
Tucson Arizona 85745,32.24578,-111.029359,Albertsons-Tucson #972,drive thru;24/7;cold brew
Tucson Arizona 85746,32.141125,-111.024669,Safeway - Tucson #267,24/7;drive thru;breakfast
Tucson Arizona 85748,32.215712,-110.772209,Target Tucson T-1863,drive thru;24/7;cold brew
Tucson Arizona 85748,32.220835,-110.723134,Broadway - Houghton  Tucson,24/7
Tucson Arizona 857486630,32.22155,-110.969772,22nd - Harrison  Tucson,breakfast;24/7;drive thru;cold brew
Tujunga California 91042,34.25634,-118.284979,Albertsons-Tujunga #6397 (6370),drive thru;24/7;breakfast;cold brew
Tujunga California 91042,34.25634,-118.284979,Vons - Tujunga #2124,24/7;cold brew
Tukwila Washington 98138,47.463745,-122.259854,Southcenter (B-N),breakfast
Tukwila Washington 98168,47.490363,-122.312754,Interurban Ave,breakfast
Tukwila Washington 98188,47.434063,-122.274265,Parkway Supercenter,breakfast;24/7
Tukwila Washington 98188,47.463745,-122.259854,Southcenter,breakfast;cold brew;drive thru;24/7
Tulalip Washington 98271,48.116998,-122.28214,Tulalip,cold brew
Tulare California 93274,36.22595,-119.309119,Prosperity - Hillman  Tulare,cold brew
Tulsa Oklahoma 74014,36.020699,-95.695396,Albertsons #2253 - E. 15th St S.,cold brew;breakfast;24/7
Tulsa Oklahoma 74114,36.13334,-95.976449,Utica - 21st St.,drive thru;breakfast
Tulsa Oklahoma 74133,36.04315,-95.883374,Super Target Tulsa ST-1782,24/7;breakfast
Tulsa Oklahoma 74133,36.058926,-95.891441,71st - Memorial,cold brew;24/7
Tulsa Oklahoma 74133,36.176147,-95.786194,71st - Garnett,24/7;cold brew
Tulsa Oklahoma 74135,36.089135,-95.905488,51st - Harvard,24/7;drive thru;breakfast
Tulsa Oklahoma 74136,36.059585,-95.915958,Quincy - 71st,cold brew;drive thru
Tulsa Oklahoma 74137,36.02135,-95.927449,Riverside Pkwy - S Delaware Ave,breakfast;drive thru;24/7;cold brew
Tumwater Washington 98501,46.98541,-122.912224,Fred Meyer -Tumwater #659,24/7;breakfast
Tumwater Washington 98501,46.98541,-122.912224,Safeway-Tumwater #1503,drive thru;breakfast
Tumwater Washington 98512,46.987775,-122.960574,Tumwater,cold brew
Tupelo Mississippi 38801,34.207515,-88.746297,Thomas Rd - West Main St,breakfast;24/7
Tupelo Mississippi 38801,34.23462,-88.749971,Kroger-Tupelo #471,drive thru
Turlock California 95380,37.49112,-120.851419,Johnson - Canal - Turlock,drive thru;breakfast;cold brew
Turlock California 95380,37.49112,-120.851419,Lander - Linwood - Turlock,24/7;drive thru;breakfast
Turlock California 95380,37.495015,-120.846419,Monte Vista - Countryside - Turlock,breakfast
Turlock California 95382,37.495015,-120.846419,Geer - Hedstrom - Turlock,24/7;cold brew
Tuscaloosa Alabama 35404,33.21077,-87.493969,Super Target Tuscaloosa ST-1787,24/7;breakfast;drive thru
Tuscaloosa Alabama 35487,33.211875,-87.54476,U of AL - Ferguson Cntr,drive thru
Tuscon Arizona 857163826,32.22155,-110.969772,Speedway - Country Club  Tucson,24/7;cold brew;drive thru;breakfast
Tustin California 92680,33.743325,-117.818824,Tustin,drive thru;24/7;breakfast
Tustin California 92780,33.71659,-117.832309,Red Hill - Edinger  Tustin,cold brew
Tustin California 92780,33.745655,-117.834129,Tustin - French Quarter,breakfast;24/7;cold brew;drive thru
Tustin California 927804613,33.693951,-117.782692,Redhill - El Camino Real  Tustin,24/7;breakfast;cold brew;drive thru
Twin Falls Idaho 83301,42.52702,-114.480429,Target Twin Falls T-699,breakfast
Tyler Texas 75701,32.337055,-95.340384,Loop 323 - Troup,drive thru;cold brew;breakfast
Tyler Texas 75703,32.257545,-95.307894,Broadway - Rice,drive thru
Ukiah California 94582,37.766338,-121.918668,E. Perkins - Hwy 101 - Ukiah,24/7;drive thru;cold brew;breakfast
Ukiah California 94582,37.766338,-121.918668,Safeway - Ukiah #1583,breakfast
Ukiah California 95482,39.16018,-123.205352,Albertsons-Ukiah #708   (7008),24/7;cold brew
Uncasville Connecticut 06382,41.490928,-72.094723,Mohegan Sun,24/7;drive thru
Union City California 94587,37.588221,-122.053353,Dyer - I-880,drive thru
Union City California 945873524,37.570362,-122.033051,DeCoto - Alvarado-Niles -Union City,breakfast;cold brew
Union Kentucky 41091,38.93427,-84.684302,Kroger-Union #424,drive thru;cold brew;24/7
Union New Jersey 07083,40.692074,-74.27946,Rt. 22 - Center Island,24/7;breakfast;cold brew
Uniondale New York 115531245,40.717175,-73.594009,Uniondale,cold brew;24/7
Unionville Ontario L3R 2G8,43.860222,-79.320573,201 Main,breakfast
Universal City California 91608,34.13789,-118.356918,Universal City Walk,24/7
University City Missouri 63130,38.657775,-90.323432,Delmar Loop,drive thru
University Place Washington 98467,47.200047,-122.540703,Fred Meyer-University Place,24/7;breakfast
Upland California 917841667,34.099098,-117.650993,Campus - 19th  Upland,24/7;drive thru
Upland California 91786,34.099105,-117.651014,Mountain Square,breakfast
Upland California 91786,34.10569,-117.656059,Vons-Upland #2681,drive thru
Upland California 91786,34.107205,-117.638599,Foothill - Mullberry  Upland,24/7;breakfast;drive thru;cold brew
Upper Arlington Ohio 43220,40.053869,-83.066234,Henderson - Nugent,24/7;drive thru;cold brew
Upper Marlboro Maryland 20772,38.81961,-76.762139,Upper Marlboro,cold brew
Upper Montclair New Jersey 07043,40.858174,-74.203242,Upper Montclair,breakfast;24/7;drive thru
Upper Moreland Pennsylvania 19090,40.145257,-75.12184,Upper Moreland,24/7
Upper Southampton Township Pennsylvania 18966,40.175472,-75.041471,Upper Southampton,cold brew;24/7;breakfast;drive thru
Urbandale Iowa 50322,41.63117,-93.728054,Super Target Urbandale ST-1791,24/7;drive thru;cold brew;breakfast
Utica Michigan 48316,42.703816,-83.025842,23 Mile Rd - M-53,24/7
Vacaville California 95687,38.30195,-121.949074,Vacaville Relocation,breakfast;drive thru;cold brew
Vacaville California 95687,38.34628,-121.955159,Albertsons-Vacaville #7281,24/7;breakfast
Vacaville California 95687,38.34628,-121.955159,Target Vacaville T-827,24/7;breakfast;cold brew;drive thru
Vacaville California 95687,38.35134,-121.993394,Alamo - Butcher - Vacaville,breakfast;drive thru;24/7;cold brew
Vacaville California 95688,38.38277,-121.98558,Albertsons-Vacaville #7272,cold brew;drive thru;breakfast
Vacaville California 95688,38.38277,-121.98558,Davis - Stevenson - Vacaville,24/7;drive thru;cold brew;breakfast
Vacaville California 95688,38.38277,-121.98558,Safeway-Vacaville #1109,drive thru;cold brew
Vail Colorado 81657,39.63803,-106.364299,Safeway-Vail #631,24/7;drive thru;breakfast
Vail Colorado 81657,39.64499,-106.382653,Vail Village,breakfast;cold brew;drive thru;24/7
Valdosta Georgia 31601,30.772443,-83.292314,I-75  St Augustine Rd,drive thru;24/7
Valencia California 91354,34.46222,-118.550189,Copper Hill - Avenida Rancho Tesoro,breakfast
Valencia California 91355,34.408215,-118.576379,Vons-Valencia #2030,24/7
Valencia California 91355,34.411772,-118.565488,McBean - Decoro - Valencia,breakfast;cold brew
Valencia California 91355,34.411772,-118.565488,Target Valencia T-257,drive thru
Valencia California 913551003,34.147392,-117.272507,I-5 - Rye Canyon  Valencia,drive thru
Vallejo California 94589,38.14335,-122.246729,Albertsons-Vallejo #7254,drive thru
Vallejo California 94590,38.10493,-122.247329,Sonoma - Redwood - Vallejo,cold brew
Vallejo California 94591,38.06293,-122.225324,I-80 - Admiral Callaghan - Vallejo,drive thru;24/7;breakfast
Vallejo California 94591,38.105945,-122.210189,Lincoln - Benicia - Vallejo,24/7;drive thru;breakfast;cold brew
Vallejo California 94591,38.105945,-122.210189,Springs - Oakwood - Vallejo,cold brew;drive thru
Valparaiso Indiana 46383,41.467756,-87.061629,Valparaiso  IN-LaPorte - Silhavy,cold brew
Valrico Florida 33594,27.938485,-82.252759,Lithia Crossing,cold brew;24/7;drive thru;breakfast
Van Nuys California 91401,34.172115,-118.437279,Burbank - Van Nuys  Van Nuys,24/7
Van Nuys California 91405,34.201195,-118.447489,Albertsons-Van Nuys #626 6389,breakfast;cold brew;drive thru;24/7
Van Nuys California 914062103,34.208477,-118.448891,Saticoy - Louise  West Van Nuys,drive thru;24/7;breakfast;cold brew
Van Nuys California 914064200,34.201187,-118.449501,Sherman Way - Sepulveda  Van Nuys,cold brew;breakfast
Vancouver Washington 98660,45.632215,-122.671544,Heritage Place,cold brew;breakfast;drive thru
Vancouver Washington 98661,45.64222,-122.626419,Safeway - Vancouver #1611,24/7;breakfast;drive thru
Vancouver Washington 98662,45.65649,-122.582199,Vancouver Mall,drive thru;cold brew
Vancouver Washington 98662,45.6741,-122.576259,Fred Meyer - Orchards #236,24/7;cold brew
Vancouver Washington 98664,45.62393,-122.589679,Mill Plain - Garrison,cold brew;drive thru;breakfast
Vancouver Washington 98665,45.675448,-122.654634,Hazel Dell,cold brew
Vancouver Washington 98665,45.68316,-122.6612,Safeway-Vancouver #4405,24/7;drive thru
Vancouver Washington 98665,45.68316,-122.6612,Target Vancouver NW T-1883,cold brew;drive thru;breakfast;24/7
Vancouver Washington 98665,45.68589,-122.661834,88th - Andresen Rd - Vancouver,drive thru
Vancouver Washington 98682,45.632215,-122.671544,Orchards,cold brew
Vancouver Washington 98682,45.66649,-122.516189,Albertsons-Vancouver #511,24/7;cold brew
Vancouver Washington 98682,45.66649,-122.516189,Safeway-Vancouver #1704,drive thru;cold brew
Vancouver Washington 98683,45.604674,-122.510088,12101 Mill Plain Blvd- Vancouver,breakfast;cold brew;24/7
Vancouver Washington 98683,45.604804,-122.510037,Columbia Tech Center II- Vancouver,drive thru;cold brew;breakfast;24/7
Vancouver Washington 98683,45.604804,-122.510037,Mill Plain Town Center,cold brew;24/7;breakfast;drive thru
Vancouver Washington 98684,45.62732,-122.527639,Commerce Center,breakfast;cold brew;24/7;drive thru
Vancouver Washington 98684,45.62732,-122.527639,Four Seasons,24/7;drive thru;cold brew
Vancouver Washington 98684,45.62966,-122.520629,Safeway-Vancouver #1519,drive thru;24/7;cold brew;breakfast
Vancouver Washington 98684,45.62966,-122.520629,Safeway-Vancouver #1653,drive thru
Vancouver Washington 98684,45.63553,-122.561069,162nd - 18th,breakfast
Vancouver Washington 98685,45.709685,-122.706526,Salmon Creek   Fred Meyer,cold brew;breakfast
Vancouver Washington 98686,45.705866,-122.599323,Salmon Creek II,24/7
Vaughan Ontario L4J 2J6,43.794471,-79.446093,7077 Bathurst St,cold brew;24/7
Ventura California 93001,34.238385,-119.256669,Harbor - Seaward  Ventura,cold brew;drive thru;breakfast
Ventura California 93001,34.280865,-119.284719,Main - Chestnut  Ventura,cold brew;24/7;drive thru
Ventura California 93003,34.250945,-119.207344,Vons-Ventura #2677,breakfast;cold brew;drive thru;24/7
Ventura California 93003,34.250945,-119.207344,Vons-Ventura #2678,24/7;breakfast;drive thru
Ventura California 93003,34.256875,-119.188204,Victoria Village,drive thru
Ventura California 93003,34.28084,-119.292324,Telephone - Main - Ventura,breakfast;cold brew;drive thru;24/7
Ventura California 930030211,34.2659,-119.225632,Telephone - Portola  Ventura,cold brew;24/7;breakfast;drive thru
Ventura California 930034357,34.280869,-119.29232,Telegraph - Victoria  Ventura,breakfast;drive thru
Veradale Washington 99037,47.64013,-117.200309,Fred Meyer-Veradale #351,24/7;drive thru;cold brew;breakfast
Verdi Nevada 89439,39.521946,-119.96838,Boomtown Hotel - Casino,breakfast;cold brew
Vernon Connecticut 06066,41.867455,-72.448674,Price Chopper-Vernon #205,cold brew;24/7;breakfast;drive thru
Vernon Hills Illinois 60061,42.234576,-87.967099,Super Target Vernon Hills ST-833,cold brew
Vernon Hills Illinois 60061,42.241605,-87.955323,Hawthorn Village Commons,drive thru;cold brew;breakfast;24/7
Vestal New York 13850,42.084655,-76.05346,Vestal Parkway,drive thru
Vestavia Hills Alabama 35216,33.417869,-86.789091,Montgomery Hwy - Canyon Dr,24/7;cold brew;breakfast;drive thru
Vestavia Hills Alabama 35243,33.451015,-86.717814,Cahaba Heights - Dolly Ridge Rd,cold brew;breakfast;drive thru;24/7
Victor New York 14564,42.98225,-77.408421,NY Thruway Seneca Travel Plaza,cold brew;drive thru
Victor New York 14564,42.987572,-77.408707,Eastview Mall,cold brew
Victoria British Columbia V8N 3E2,48.470402,-123.330887,Safeway-Victoria #185,24/7;breakfast;cold brew
Victoria British Columbia V8P 4H1,48.466975,-123.332769,Shelbourne Plaza,cold brew;breakfast;24/7
Victoria British Columbia V8R 1G3,48.428299,-123.31356,Oak Bay,drive thru;cold brew;breakfast;24/7
Victoria British Columbia V8R 1K4,48.426475,-123.317429,Fort - Foul Bay,drive thru;24/7;cold brew;breakfast
Victoria British Columbia V8R 5A7,48.432049,-123.319862,Safeway-Victoria #80,24/7;cold brew;breakfast
Victoria British Columbia V8S 1G1,48.41484,-123.325505,Fairfield Plaza,drive thru;breakfast;24/7;cold brew
Victoria British Columbia V8T 2C5,48.438525,-123.365954,Hillside,cold brew;24/7;drive thru;breakfast
Victoria British Columbia V8V 3K3,48.425659,-123.35527,Victoria - TI #805,breakfast;cold brew
Victoria British Columbia V8V 3X6,48.428315,-123.364514,Cook Street Village,24/7;cold brew;breakfast;drive thru
Victoria British Columbia V8V 4T3,48.41788,-123.363759,James Bay Square - Simcoe St,cold brew
Victoria British Columbia V8W 1H6,48.42478,-123.367234,Fort Street,breakfast
Victoria British Columbia V8W 1Y3,48.428315,-123.364514,Goverment St - View St,cold brew;drive thru
Victoria British Columbia V8W 1Y9,48.428315,-123.364514,Government - Yates,cold brew;drive thru;breakfast
Victoria British Columbia V8W 2E5,48.428315,-123.364514,Chapters - Victoria,cold brew;breakfast;24/7
Victoria British Columbia V8W 3M9,48.428315,-123.364514,Victoria Bay Centre,24/7
Victoria British Columbia V8X 1J8,48.458885,-123.376629,Saanich Center,drive thru;breakfast;24/7
Victoria British Columbia V8Z 6E3,48.482523,-123.397541,Mayfair Shopping Centre,breakfast
Victoria British Columbia V9A 7C5,48.430095,-123.414639,Tillicum,24/7;cold brew;breakfast;drive thru
Victoria British Columbia V9A 7N6,48.430095,-123.414639,Westside Village,24/7;drive thru;cold brew
Victoria British Columbia V9B 5E3,48.483306,-123.510899,Canwest Mall,breakfast;drive thru;cold brew
Victorville California 92392,34.48026,-117.386534,Albertsons-Victorville #6530,drive thru;24/7;breakfast;cold brew
Victorville California 92392,34.48026,-117.386534,Vons-Victorville #2131,cold brew;24/7
Victorville California 923925403,34.509674,-117.322441,Bear Valley - I-15  Victorville,breakfast
Victorville California 923925860,34.47086,-117.318977,Bear Valley - Hesperia  Victorville,drive thru;24/7;breakfast;cold brew
Victorville California 923954207,34.510609,-117.323624,7th - Green Tree  Victorville,breakfast;drive thru
Vienna Virginia 22103,38.931956,-77.184022,Tysons 3 Center,cold brew
Vienna Virginia 22180,38.900375,-77.263654,Vienna Marketplace,breakfast;drive thru;24/7;cold brew
Vienna Virginia 22182,38.900375,-77.263654,Vienna,24/7
Vienna Virginia 22182,38.922925,-77.235569,Pike 7,cold brew;breakfast;drive thru;24/7
Viera Florida 32940,28.227313,-80.700139,Super Target Viera ST-1934,cold brew;drive thru;24/7
Vincennes Indiana 47591,38.692231,-87.49901,US-41 - Hart,cold brew;breakfast
Vineland New Jersey 08360,39.486195,-75.026109,Vineland NJ,breakfast;24/7;cold brew
Virginia Beach Virginia 23451,36.909875,-76.080884,Shore Drive,drive thru;24/7
Virginia Beach Virginia 23452,36.809306,-76.07436,Lynnhaven Parkway,cold brew;drive thru;breakfast;24/7
Virginia Beach Virginia 23452,36.818539,-76.0672,Lynnhaven Mall,breakfast;24/7;drive thru
Virginia Beach Virginia 23452,36.836818,-76.094375,Farm Fresh-Virginia Beach #217,drive thru;breakfast;24/7;cold brew
Virginia Beach Virginia 23452,36.844189,-76.105657,Independence Blvd.,breakfast;cold brew
Virginia Beach Virginia 23452,36.886268,-76.097152,Little Neck,24/7;breakfast;drive thru;cold brew
Virginia Beach Virginia 23454,36.836694,-76.023717,Farm Fresh-Hampton #193,breakfast
Virginia Beach Virginia 23454,36.836694,-76.023717,Farm Fresh-Virginia Beach #197,cold brew;breakfast;24/7;drive thru
Virginia Beach Virginia 23454,36.867938,-76.061008,La Promenade,breakfast;drive thru
Virginia Beach Virginia 23455,36.63367,-76.040624,Princess Anne,cold brew;24/7;breakfast;drive thru
Virginia Beach Virginia 23456,36.755,-76.059229,Red Mill Commons,cold brew;drive thru
Virginia Beach Virginia 23456,36.761351,-76.072498,Farm Fresh-Virginia Beach # 911,breakfast;drive thru;24/7
Virginia Beach Virginia 23456,36.761351,-76.072498,Harris Teeter-Virginia Beach #239,drive thru;breakfast;cold brew
Virginia Beach Virginia 23462,36.848773,-76.149388,Columbus Village East,breakfast;cold brew
Virginia Beach Virginia 23462,36.863256,-76.127157,Pembroke,breakfast;drive thru;24/7;cold brew
Virginia Beach Virginia 23464,36.799089,-76.17832,Farm Fresh-Virginia Beach #187,cold brew;drive thru
Virginia Beach Virginia 23464,36.80025,-76.178829,Kemps River II,24/7
Visalia California 93277,36.30779,-119.325689,Albertsons-Visalia #7252,24/7;breakfast;drive thru;cold brew
Visalia California 93277,36.30779,-119.325689,Walnut - Akers - Visalia,drive thru
Visalia California 93277,36.33377,-119.292914,Mooney  Caldwell - Visalia,breakfast
Visalia California 93291,36.33377,-119.292914,Main - Court - Visalia,breakfast;24/7;drive thru;cold brew
Visalia California 93291,36.342002,-119.365494,Goshen - Akers  Visalia,drive thru;24/7
Vista California 92083,33.195917,-117.249262,Vista Village - South Santa Fe  Vis,drive thru;breakfast;cold brew
Vista California 92083,33.19768,-117.248815,Albertsons-Vista #6797,24/7;breakfast
Vista California 92083,33.19768,-117.248815,North County Square - Vista,24/7;breakfast;drive thru;cold brew
Vista California 92083,33.20998,-117.254299,Melrose - Hacienda  Vista,breakfast;24/7;drive thru
Vista California 92083,33.20998,-117.254299,Melrose - Longhorn  Vista,drive thru;24/7
W. Hollywood California 90046,34.1028,-118.363666,Santa Monica - Fairfax  Los Angeles,cold brew;drive thru;24/7
Waban Massachusetts 02168,42.32675,-71.230414,Waban,breakfast;24/7
Waco Texas 76710,31.529425,-97.199884,Bosque - Wooded Acres,drive thru;24/7;breakfast;cold brew
Waco Texas 76711,31.503302,-97.176392,Loop 340 - Bagby,cold brew;24/7;breakfast;drive thru
Waco Texas 76798,31.571702,-97.14973,Baylor Univ Waco,breakfast;cold brew;24/7;drive thru
Wake Forest North Carolina 27587,35.96962,-78.539359,Super Target Wake Forest ST-1504,cold brew
Wakefield Rhode Island 02879,41.442217,-71.502288,Wakefield  Belmont Plaza,breakfast
Waldorf Maryland 20601,38.628531,-76.874461,Safeway-Waldorf #105,24/7
Waldorf Maryland 20603,38.62558,-76.953679,Safeway-Waldorf #2661,breakfast;cold brew
Waldorf Maryland 20603,38.62558,-76.953679,St. Charles Towne Center Mall,cold brew;24/7;breakfast;drive thru
Waldorf Maryland 20603,38.628233,-76.916633,Waldorf,cold brew;drive thru
Walla Walla Washington 99362,46.066836,-118.338588,28 E. Main WallaWalla,drive thru;24/7;cold brew
Walla Walla Washington 99362,46.077157,-118.317633,1410 Plaza Way - Walla Walla,24/7;drive thru;breakfast;cold brew
Walla Walla Washington 99362,46.07729,-118.308779,Albertsons-Walla Walla #225,cold brew
Walled Lake Michigan 483903936,42.53849,-83.47554,Target Commerce Township T-896,breakfast;24/7
Walnut California 91789,34.003499,-117.870427,Valley - Grand  Walnut,cold brew;drive thru;breakfast;24/7
Walnut California 91789,34.017284,-117.857147,Grand Ave. - Amar Rd.,24/7;cold brew;drive thru;breakfast
Walnut Creek California 94596,37.890529,-122.045721,Geary - Camino Verde - Walnut Cree,cold brew;24/7
Walnut Creek California 94596,37.890529,-122.045721,Main - Bothelo - Walnut Creek,drive thru;breakfast;cold brew
Walnut Creek California 94596,37.890529,-122.045721,Main - Duncan - Walnut Creek,cold brew;breakfast;drive thru;24/7
Walnut Creek California 94596,37.890529,-122.045721,Main - Treat - Walnut Creek,cold brew
Walnut Creek California 94596,37.890529,-122.045721,Safeway-Walnut Creek #917,cold brew;drive thru
Walnut Creek California 94596,37.890529,-122.045721,Ygnacio - North Main - Walnut Creek,24/7;drive thru
Walnut Creek California 94596,37.894457,-122.058026,Broadway Plaza,drive thru;24/7;cold brew;breakfast
Walnut Creek California 94598,37.916749,-122.020839,Safeway-Walnut Creek #1701,drive thru
Walnut Creek California 94598,37.916749,-122.020839,Safeway-Walnut Creek #936,cold brew;24/7
Walnut Creek California 94598,37.930515,-122.045921,Countrywood - Walnut Creek,breakfast
Warminster Pennsylvania 18974,40.21062,-75.086009,ACME-Warminster #7705,breakfast;24/7;drive thru
Warren New Jersey 07059,40.657098,-74.465065,Warren,cold brew;drive thru;24/7;breakfast
Warrenton Oregon 97146,46.14082,-123.922759,Fred Meyer-Warrenton #218,cold brew;breakfast
Warrenton Virginia 20186,38.714385,-77.801218,Safeway-Warrenton #1801,cold brew;24/7
Warrenton Virginia 20187,38.735686,-77.741889,Warrenton,24/7;drive thru;breakfast
Warrenville Illinois 60555,41.82476,-88.187519,Super Target Warrenville ST-1903,24/7;drive thru
Warrenville Illinois 60555,41.82476,-88.187519,Warrenville-Winfield - Diehl,breakfast;cold brew
Warrington Pennsylvania 18976,40.227875,-75.128919,Genuardi - Warrington #651,cold brew;24/7;breakfast;drive thru
Warwick  Rhode Island 02386,41.69856,-71.46166,Warwick-Baldhill Rd.,24/7;cold brew;breakfast
Washington Pennsylvania 15301,40.171111,-80.253335,Giant Eagle Mkt-Washington #39,cold brew;24/7;drive thru;breakfast
Washington Township Pennsylvania 15301,40.17606,-80.263684,Washington  PA,24/7;cold brew;drive thru;breakfast
Washington Washington DC 20001,38.89037,-77.031959,7th - E,breakfast;cold brew;drive thru
Washington Washington DC 20001,38.89037,-77.031959,DCA - Wash Nat'l Term A  Conc A,breakfast;24/7
Washington Washington DC 20001,38.90229,-77.021899,7th - H,24/7;breakfast;drive thru;cold brew
Washington Washington DC 20001,38.90229,-77.021899,DC Convention Center Supreme Ct Foo,cold brew;24/7
Washington Washington DC 20001,38.917005,-77.011889,Grand Hyatt Washington,24/7;breakfast;cold brew
Washington Washington DC 20001,38.917005,-77.011889,Renaissance DC Hotel Lobby,24/7;cold brew;drive thru;breakfast
Washington Washington DC 20001,38.923019,-77.021721,Howard University (UCO),drive thru;breakfast
Washington Washington DC 20002,38.904102,-76.989243,Safeway-Washington #4270,24/7;breakfast;drive thru
Washington Washington DC 20002,38.910873,-76.985293,Union Station  DC,breakfast;24/7;drive thru;cold brew
Washington Washington DC 20003,38.87647,-76.993199,Capitol Hill  DC,cold brew;24/7;breakfast
Washington Washington DC 20003,38.87647,-76.993199,Eastern Market (UCO),drive thru;breakfast
Washington Washington DC 20003,38.88319,-76.991524,Safeway - Washington #4205,cold brew;drive thru
Washington Washington DC 20004,38.89037,-77.031959,Lincoln Square,drive thru;24/7;breakfast;cold brew
Washington Washington DC 20004,38.895825,-77.029614,13th - Penn,cold brew
Washington Washington DC 20005,38.89037,-77.031959,Liberty Place,drive thru
Washington Washington DC 20005,38.899431,-77.032216,1401 New York Ave.,breakfast;24/7
Washington Washington DC 20005,38.905265,-77.031839,14th Street,breakfast;cold brew;24/7;drive thru
Washington Washington DC 20005,38.906095,-77.034554,15th - I Streets,cold brew
Washington Washington DC 20005,38.906095,-77.034554,15th - K,cold brew
Washington Washington DC 20005,38.909791,-77.03279,1429 P Street (UCO),breakfast
Washington Washington DC 20006,38.89037,-77.031959,9th - G,cold brew;breakfast;24/7;drive thru
Washington Washington DC 20006,38.89037,-77.031959,International Square,drive thru;24/7;breakfast;cold brew
Washington Washington DC 20006,38.89037,-77.031959,International Square (Relo.),drive thru;breakfast
Washington Washington DC 20006,38.89478,-77.043474,19th - K Street,drive thru
Washington Washington DC 20006,38.898732,-77.039559,1700 Pennsylvania Ave. Kiosk,cold brew;24/7;breakfast;drive thru
Washington Washington DC 20006,38.898863,-77.04013,1730 Pennsylvania Avenue,cold brew;breakfast;24/7
Washington Washington DC 20006,38.90033,-77.041594,801 18th Street,cold brew
Washington Washington DC 20006,38.901875,-77.044894,20th - Penn,drive thru;24/7
Washington Washington DC 20007,38.914925,-77.072804,Georgetown,drive thru;24/7;breakfast;cold brew
Washington Washington DC 20007,38.914925,-77.072804,Safeway-Washing,cold brew;24/7;breakfast;drive thru
Washington Washington DC 20007,38.920141,-77.071506,2300 Wisconsin Ave.,cold brew;drive thru;24/7;breakfast
Washington Washington DC 20008,38.936303,-77.06341,Cleveland Park,breakfast
Washington Washington DC 20008,38.936303,-77.06341,Marriott Wardman Park,24/7;breakfast;cold brew;drive thru
Washington Washington DC 20008,38.936303,-77.06341,National Zoo,24/7
Washington Washington DC 20009,38.91371,-76.974174,22nd - K Street,drive thru;cold brew;breakfast;24/7
Washington Washington DC 20009,38.917215,-77.029604,13th - U (UCO),drive thru;cold brew;24/7
Washington Washington DC 20009,38.91927,-77.036489,16th - U Street,breakfast;drive thru;cold brew
Washington Washington DC 20009,38.925255,-77.029704,Dupont North,cold brew;24/7;drive thru;breakfast
Washington Washington DC 20012,38.89037,-77.031959,Safeway-Wash DC #1276,drive thru;cold brew
Washington Washington DC 20015,38.967502,-77.076666,Chevy Chase Pavillion,24/7
Washington Washington DC 20015,38.975324,-77.059912,Chevy Chase Circle,24/7;cold brew;drive thru
Washington Washington DC 20016,38.926107,-77.102335,5185 MacArthur Blvd.,cold brew;drive thru
Washington Washington DC 20016,38.933499,-77.10425,Foxhall Square,breakfast;24/7;cold brew
Washington Washington DC 20016,38.933499,-77.10425,Friendship Center,cold brew;24/7;drive thru;breakfast
Washington Washington DC 20016,38.933499,-77.10425,Spring Valley,cold brew
Washington Washington DC 20016,38.948428,-77.079774,4513 Wisconsin Ave. Tenley,24/7;drive thru;cold brew;breakfast
Washington Washington DC 20020,38.863316,-76.973372,Safeway-Wash DC #1445,drive thru;24/7;cold brew;breakfast
Washington Washington DC 20024,38.88153,-77.020944,6th - C Street  SW,drive thru;cold brew
Washington Washington DC 20036,38.89037,-77.031959,Farragut Square,drive thru;breakfast;24/7;cold brew
Washington Washington DC 20036,38.90685,-77.043429,19th - M Street,cold brew;24/7
Washington Washington DC 20036,38.907371,-77.041899,1301 Connecticut Ave.,24/7;breakfast
Washington Washington DC 20036,38.909356,-77.044127,Dupont Circle,24/7;drive thru;cold brew;breakfast
Washington Washington DC 20036,38.910015,-77.036524,16th - K,breakfast;cold brew;drive thru;24/7
Washington Washington DC 200365386,47.131516,-122.482452,1734 L Street,drive thru
Washington Washington DC 20037,38.889586,-77.063437,George Washington Univ Hospital,24/7
Washington Washington DC 20037,38.895519,-77.05162,21st - P Street,24/7
Washington Washington DC 20052,38.89037,-77.031959,Gelman Library,drive thru
Washington Washington DC 20052,38.896395,-76.976154,20th - E,drive thru;breakfast
Washougal Washington 98671,45.607616,-122.292446,Safeway - Washougal #1687,cold brew;breakfast;24/7;drive thru
Watauga Texas 76148,32.867695,-97.250679,Super Target Watauga ST-1765,24/7;cold brew;drive thru;breakfast
Watauga Texas 76148,32.894604,-97.254784,377 - Bursey,24/7
Waterfall Pennsylvania 16689,40.126933,-78.061993,Sideling Hill Travel Plaza,24/7;drive thru;cold brew
Waterford Michigan 48327,42.669843,-83.389331,Waterford,cold brew
Waterloo Iowa 50702,42.47388,-92.333769,Super Target Waterloo ST-1792,breakfast;24/7;cold brew
Waterloo Ontario N2J 2Y8,43.463139,-80.520691,King - University - Waterloo,cold brew;breakfast;drive thru;24/7
Waterloo Ontario N2J 2Z6,43.48616,-80.526871,Waterloo   Chapters,drive thru;24/7;breakfast;cold brew
Watertown Connecticut 06795,41.604893,-73.119393,Watertown,cold brew
Watertown Massachusetts 02172,42.367615,-71.187879,Watertown - Mt. Auburn,24/7;breakfast;drive thru
Waterville Maine 04903,44.552795,-69.631349,Waterville  Maine,24/7;breakfast
Watsonville California 95076,36.92652,-121.77294,Main - Ohlone - Watsonville,breakfast;24/7;cold brew
Waukegan Illinois 60085,42.359525,-87.860629,Waukegan-Waukegan - Lakehurst,cold brew;24/7;drive thru
Wausau Wisconsin 544014230,44.95953,-89.630287,Wausau,breakfast;drive thru
Wauwatosa Wisconsin 53213,43.067785,-88.007404,Wauwatosa,cold brew;24/7;drive thru;breakfast
Wauwatosa Wisconsin 53222,43.08186,-88.066315,124th - Capitol,breakfast;drive thru;cold brew
Wauwatosa Wisconsin 53226,43.04923,-88.040053,Mayfair Mall-North - Mayfair,cold brew
Wauwatosa Wisconsin 532264215,43.031574,-88.046837,Wauwatosa-Mayfair - I-94,breakfast;cold brew;24/7;drive thru
Waxahachie Texas 75165,32.326745,-96.747499,Hwy. 287 - Hwy. 77,cold brew
Waxahachie Texas 75165,32.40036,-96.828237,Target Waxahachie T-1962,24/7;breakfast
Wayland Massachusetts 01778,42.329819,-71.340931,Wayland,drive thru;cold brew;24/7
Wayne New Jersey 07470,40.88588,-74.256218,Macy's - Willowbrook,cold brew;drive thru
Wayne New Jersey 07470,40.892071,-74.249458,Willowbrook Mall,breakfast;24/7;cold brew
Wayne New Jersey 07470,40.928465,-74.268729,Wayne Rt. 23,24/7;drive thru;breakfast;cold brew
Wayne New Jersey 07470,40.929266,-74.228859,Preakness Shopping Center,cold brew;24/7;breakfast;drive thru
Wayne Pennsylvania 10987,41.191821,-74.186034,Wayne,cold brew;breakfast
Wayne Pennsylvania 19087,40.056396,-75.393729,ACME-Wayne #7753,24/7
Wayne Pennsylvania 19087,40.06373,-75.40599,Genuardi - Wayne St David's #1027,cold brew;24/7
Waynesboro Virginia 22980,38.06547,-78.89098,Waynesboro,breakfast;cold brew;24/7
Wayzata Minnesota 55391,44.97093,-93.477614,Lake Street - Wayzata,cold brew;24/7;breakfast
Weatherford Texas 76086,32.72832,-97.822314,I-20 - Main Street,breakfast;cold brew;drive thru
Weatherford Texas 76086,32.75585,-97.792374,Target Weatherford T-1981,24/7;breakfast;cold brew
Weaverville California 96093,40.727765,-122.936699,Tops Super Foods-Weaverville,cold brew;24/7;breakfast
Webster Groves Missouri 63119,38.570862,-90.33732,Webster Groves,24/7;breakfast
Webster New York 14580,43.21887,-77.461259,Target Webster T-2038,24/7;cold brew;drive thru;breakfast
Webster Texas 77598,29.533365,-95.119139,Baybrook II (B-N),drive thru;cold brew;breakfast;24/7
Webster Texas 77598,29.540281,-95.14171,Super Target Baybrook ST-1837,breakfast;24/7;cold brew
Webster Texas 77598,29.540281,-95.14171,W. Bay Area Blvd. - Glenwest Dr.,cold brew;drive thru
Wellesley Massachusetts 02482,42.292451,-71.304054,Wellesley,drive thru;cold brew;24/7;breakfast
Wellington Florida 33414,26.648722,-80.216915,Wellington Green,drive thru
Wellington Florida 334143120,26.663191,-80.243439,Wellington Mall,24/7;breakfast
Wenatchee Washington 98801,47.414187,-120.304898,North Wenatchee,24/7;breakfast;cold brew;drive thru
Wenatchee Washington 98801,47.45521,-120.336349,Safeway-Wenatchee #1449,breakfast;cold brew;24/7;drive thru
Wesley Chapel Florida 33543,28.20267,-82.303207,Super Target Wesley Chapel ST-1382,drive thru;breakfast
West Allis Wisconsin 53214,43.01188,-88.046824,Hwy. 100 - West Allis,cold brew;24/7;drive thru;breakfast
West Allis Wisconsin 53227,42.983155,-88.047374,West Allis-108th - National,breakfast;drive thru;cold brew
West Bend Wisconsin 53095,43.42595,-88.088649,West Bend-Main - Paradise,breakfast;drive thru
West Bloomfield Michigan 48322,42.530355,-83.360099,Orchard Lake,drive thru
West Caldwell New Jersey 07006,40.837894,-74.274469,West Caldwell,cold brew;drive thru;24/7;breakfast
West Chester Ohio 45069,39.354265,-84.419979,Kroger-West Chester #919,drive thru
West Chester Ohio 45069,39.354265,-84.419979,Meijers-West Chester #147,breakfast
West Chester Pennsylvania 19380,39.967662,-75.629361,West Chester - Five Points,24/7;cold brew;breakfast
West Chester Pennsylvania 19380,39.988542,-75.594881,Genuardi-West Chester #0648,24/7;drive thru;breakfast
West Covina California 91790,34.069725,-117.939374,West Covina (B-N),drive thru;24/7
West Covina California 91790,34.08617,-117.925494,Vincent - West Covina Pkwy  West Co,cold brew;breakfast;24/7
West Covina California 91791,34.072819,-117.885738,Eastland Center - West Covina,drive thru
West Des Moines Iowa 50265,41.572353,-93.743101,University - 28th,drive thru;cold brew;breakfast;24/7
West Des Moines Iowa 502654217,41.565632,-93.760483,Hy Vee Foods-West Des Moines #1888,cold brew;breakfast;24/7;drive thru
West Des Moines Iowa 50266,41.57686,-93.790544,Hy Vee Foods-West Des Moines #3,drive thru
West Des Moines Iowa 50266,41.58854,-93.808934,Jordan Creek Town Center,cold brew;24/7;drive thru;breakfast
West Dundee Illinois 60118,42.088085,-88.289669,West Dundee-Rte. 31 Rte 31 - Rte 72,cold brew;drive thru;24/7;breakfast
West Hartford Connecticut 061072304,41.760235,-72.744431,LaSalle,drive thru;cold brew;24/7;breakfast
West Hartford Connecticut 06111,41.697017,-72.73119,Corbin's Corner,drive thru;breakfast
West Hills California 91307,34.197452,-118.640782,Pavilions-West Hills #2225,breakfast
West Hills California 91307,34.200042,-118.641441,West Hills,24/7;drive thru;cold brew
West Hills California 913073539,34.210655,-118.623444,Fallbrook - Victory  Canoga Park,24/7
West Hollywood California 900483102,34.09066,-118.370934,Beverly - Robertson  W. Hollywood,breakfast
West Hollywood California 90069,34.08967,-118.393634,Sunset Strip,breakfast;cold brew;drive thru;24/7
West Hollywood California 90069,34.09165,-118.381289,West Hollywood - #633,24/7;breakfast;cold brew
West Hollywood California 90069,34.09776,-118.379428,West Hollywood II,breakfast;cold brew
West Homestead Pennsylvania 15120,40.401495,-79.903754,Stacks at the Waterfront,drive thru;cold brew;24/7;breakfast
West Jordan Utah 84084,40.60675,-111.938754,Albertsons-West Jordan #385,24/7;cold brew
West Lafayette Indiana 47906,40.42463,-86.910329,Purdue U - Memorial Union Oasis,cold brew;24/7;breakfast
West Lafayette Indiana 47906,40.431025,-86.913674,Kroger - West Lafayette #824,24/7;cold brew;breakfast;drive thru
West Lafayette Indiana 47906,40.450565,-86.915754,Sagamore - Salisbury,breakfast;24/7
West Lafayette Indiana 479063567,40.412537,-86.89711,Wabash Landing,breakfast;cold brew
West Linn Oregon 97068,45.366314,-122.647787,Safeway-West Linn #1713,24/7;cold brew
West Linn Oregon 97068,45.367535,-122.632809,West Linn,drive thru;24/7
West Linn Oregon 97068,45.367857,-122.610752,Cascade Summit,cold brew;24/7
West Linn Oregon 97068,45.387532,-122.634182,Cedar Oak,drive thru;breakfast;24/7;cold brew
West Los Angeles California 90025,34.04053,-118.463299,Santa Monica at Bundy,breakfast;cold brew;drive thru
West Los Angeles California 90025,34.04128,-118.461624,Santa Monica - Pontius,breakfast;24/7;drive thru;cold brew
West Melbourne Florida 32904,28.07894,-80.648149,Hwy 192 - McClain St,cold brew
West Milwaukee Wisconsin 53214,43.02087,-88.01346,Target West Milwaukee T-1895,cold brew
West Nyack New York 10994,41.098259,-73.975049,Target Clarkstown West Nyack T-1083,24/7;cold brew;drive thru
West Palm Beach Florida 33401,26.713425,-80.056159,Clematis St.,breakfast
West Palm Beach Florida 33406,26.68857,-80.091424,PBI - West Palm Conc C,24/7;drive thru;breakfast
West Palm Beach Florida 33406,26.68857,-80.091424,PBI - West Palm Conc C Secur. Entr,breakfast
West Palm Beach Florida 33406,26.68857,-80.091424,PBI - West Palm Concourse-B,breakfast;cold brew
West Roxbury Massachusetts 02132,42.283285,-71.157144,West Roxbury- Roche Bros.,24/7
West Sacramento California 95605,38.591047,-121.555327,Harbor Pointe - Stillwater,cold brew;breakfast
West Sacramento California 95691,38.554327,-121.539702,Jefferson - Lake Washington,24/7;breakfast;drive thru
West St. Paul Minnesota 55118,44.89804,-93.105869,West St. Paul-Robert - Thompson,breakfast;drive thru;24/7;cold brew
Westbury New York 11590,40.756973,-73.575626,Target Westbury T-1139,24/7;breakfast
Westbury New York 11590,40.757105,-73.586829,The Village of Westbury,drive thru;cold brew
Westbury New York 11590,40.757105,-73.586829,Westbury II,cold brew;drive thru;24/7
Westbury New York 11590,40.758295,-73.569754,Westbury,breakfast;drive thru;cold brew
Westchester Illinois 60154,41.845555,-87.901824,Eurest - Westbrook Corp Center,breakfast;24/7
Westchester Illinois 60154,41.858805,-87.877239,Cafe Viaggio-Westchester #107,breakfast;cold brew;drive thru
Westchester Pennsylvania 19382,39.905305,-75.594139,Dilworthtown,breakfast;24/7
Western Springs Illinois 60558,41.80992,-87.911519,Western Springs,breakfast;drive thru;cold brew
Western Springs Illinois 605581713,41.810032,-87.898079,Dominick's-Western Springs #1044,24/7
Westerville Ohio 43018,39.95731,-82.683259,Westerville,drive thru
Westerville Ohio 43081,40.109295,-82.929019,Kroger-Westerville #965,drive thru;24/7
Westerville Ohio 43082,40.154803,-82.912782,Giant Eagle-Westerville #6507,cold brew;drive thru
Westerville Ohio 43082,40.154803,-82.912782,Kroger-Westerville #847,breakfast;24/7
Westerville Ohio 43082,40.154803,-82.912782,Meijer-Westerville #181,cold brew;drive thru;breakfast
Westfield Indiana 46074,40.04286,-86.117294,Kroger-Westfield #983,24/7;cold brew;breakfast;drive thru
Westfield Massachusetts 01085,42.222614,-72.824772,Westfield  East Main St,cold brew
Westfield New Jersey 07090,40.640135,-74.340988,Westfield,breakfast
Westford Massachusetts 01886,42.582622,-71.437077,Westford Valley Marketplace,cold brew;breakfast;24/7;drive thru
Westlake California 91361,34.115942,-118.851917,Westlake,cold brew;drive thru
Westlake Ohio 441451950,41.459919,-81.925507,Westlake Promenade,breakfast;cold brew
Westland Michigan 481852025,42.324181,-83.401367,Meijers-Westland #68,drive thru;24/7;breakfast
Westminster California 92683,33.75286,-117.992969,Beach - McDonald - Westminster,drive thru;breakfast
Westminster California 92683,33.754795,-118.024524,Springdale - Westminster  Westminst,breakfast;24/7;cold brew;drive thru
Westminster California 92683,33.75944,-117.969539,Pavillions - Westminster #2206,24/7
Westminster California 926832235,33.770798,-118.000389,Goldenwest - Natal  Westminster,24/7;cold brew;breakfast;drive thru
Westminster California 926833706,33.758621,-118.007141,Westminster - Goldenwest,drive thru;24/7;breakfast;cold brew
Westminster California 926834439,33.759281,-117.986504,Beach - Westminster,drive thru;cold brew
Westminster Colorado 80020,39.957985,-105.071953,120th - Sheridan,24/7
Westminster Colorado 80021,39.89341,-105.10639,Super Target Westminster ST-1929,breakfast;cold brew;24/7;drive thru
Westminster Colorado 80030,39.82909,-105.035664,73rd - Federal-Westminster,breakfast;24/7;drive thru
Westminster Colorado 80030,39.830385,-105.030174,Westminster B-N,cold brew;24/7
Westminster Colorado 80031,39.885064,-105.030329,104th Ave. - Federal Blvd.,24/7
Westminster Colorado 80234,39.90941,-105.007668,Safeway-Westminister #1685,drive thru;24/7
Westminster Colorado 80234,39.913948,-104.996811,120th - Huron,cold brew;24/7;drive thru;breakfast
Westminster Maryland 21158,39.611663,-77.026147,Safeway-Westminster #1616,breakfast
Westmont Illinois 605591336,41.811501,-87.963776,Jewell-Westmont #3068,24/7;breakfast
Weston Florida 33326,26.127951,-80.388418,Lakes Plaza Weston,drive thru;breakfast;24/7
Weston Florida 333263668,26.084663,-80.371094,Weston Town Center,cold brew;24/7
Weston Florida 33331,26.062768,-80.34724,Griffin - Weston,24/7;drive thru;cold brew;breakfast
Westport Connecticut 06880,41.138575,-73.331844,Post Road #925 Westport II,24/7;cold brew;breakfast;drive thru
Westport Connecticut 06880,41.16277,-73.357134,West Port,cold brew;drive thru;breakfast;24/7
Westwood California 90025,34.046388,-118.445452,Westwood - Missouri - Westwood,cold brew;24/7;drive thru;breakfast
Westwood Massachusetts 02090,42.218669,-71.223305,RT 109 Westwood,cold brew;24/7
Wethersfield Connecticut 06109,41.724039,-72.668187,Wethersfield Rte. 99 - Mill St.,drive thru;cold brew;breakfast
Wexford Pennsylvania 15090,40.65254,-80.114047,Wexford,24/7;cold brew;breakfast
Wexford Pennsylvania 150906928,40.622601,-80.05397,Franklin Park,cold brew;drive thru;24/7;breakfast
Weymouth Massachusetts 02190,42.16656,-70.976399,Weymouth,breakfast;cold brew;24/7
Wheat Ridge Colorado 80033,39.75845,-105.080499,Applewood Village,breakfast
Wheat Ridge Colorado 80033,39.772579,-105.096547,Safeway-Wheat Ridge #1479,drive thru;breakfast;cold brew
Wheaton Illinois 60127,41.86606,-88.110629,Downtown Wheaton,24/7;breakfast;cold brew
Wheaton Illinois 60187,41.857625,-88.110289,Dominick's-Wheaton #2126,drive thru;cold brew;breakfast;24/7
Wheaton Illinois 60187,41.857625,-88.110289,Target Wheaton T-838,24/7;drive thru;breakfast
Wheaton Illinois 60187,41.86606,-88.110629,Wheaton Town Center,cold brew
Wheaton Maryland 20902,39.04231,-77.047962,Westfield - Wheaton,cold brew;breakfast;24/7;drive thru
Wheaton Maryland 20902,39.0477,-77.051999,Wheaton Plaza,drive thru;cold brew
Wheatridge Colorado 80033,39.769202,-105.128142,38th - Kipling-Wheat Ridge,drive thru
Wheatridge Colorado 80033,39.772579,-105.096547,King Soopers-Wheatridge #20,breakfast;cold brew;24/7;drive thru
Wheeling Illinois 60090,42.132698,-87.931509,Wheeling-Milwaukee - Strong,breakfast
Wheeling West Virginia 26003,40.044993,-80.653343,Kroger-Wheeling #562,cold brew
Wheeling West Virginia 26003,40.071732,-80.732437,Wheeling Island,drive thru;24/7;cold brew
White Bear Lake Minnesota 55110,45.07193,-93.013148,Kowalski-White Bear Lake #4727,drive thru;24/7
White Lake Michigan 48383,42.655788,-83.561684,Meijer-White Lake #227,drive thru;breakfast
White Plains New York 10601,41.032454,-73.760374,The Westchester Mall,breakfast;cold brew;drive thru;24/7
White Plains New York 10601,41.03354,-73.764154,White Plains Renaissance Plaza,24/7
Whitefish Bay Wisconsin 53217,43.181075,-87.905067,Whitefish Bay,breakfast;cold brew;24/7
Whitehall Ohio 43213,39.966223,-82.876942,Kroger-Whitehall #897,24/7
Whitehall Ohio 43213,39.96936,-82.871554,Target Whitehall T-1972,breakfast;drive thru
Whitestone New York 113562451,40.784153,-73.824066,Whitestone,drive thru;cold brew;breakfast;24/7
Whitestown Indiana 46075,39.999807,-86.344177,I-65 - SR 334,breakfast;drive thru;cold brew
Whitter California 906012513,33.99358,-118.043152,Beverly - Norwalk  Whittier,drive thru
Whitter California 906051934,33.974957,-118.032677,Whittier - Painter  Whittier,drive thru;breakfast;cold brew;24/7
Whittier California 90601,34.004142,-118.038749,Greenleaf - Philadelphia - Whittier,drive thru;cold brew
Whittier California 90602,33.97542,-118.034424,Whittier Blvd - La Serna,drive thru
Whittier California 90603,33.9435,-117.992709,Target Whittier T-2019,breakfast
Whittier California 90603,33.946354,-117.998879,Vons - Whittier #2027,breakfast
Whittier California 90606,33.969525,-118.060699,Washington - Lambert  Whittier,cold brew;breakfast;24/7
Wichita Falls Texas 76308,33.83602,-98.525069,Kemp - Kell,breakfast;24/7
Wichita Falls Texas 76308,33.865682,-98.532868,Target Wichita Falls T-80,cold brew;24/7
Wichita Kansas 67203,37.692918,-97.353085,Pawnee - Seneca,cold brew;drive thru;breakfast;24/7
Wichita Kansas 67203,37.722658,-97.359164,21st - Amidon,cold brew
Wichita Kansas 67205,37.72334,-97.400584,Maize Rd. - 21st,cold brew
Wichita Kansas 67205,37.737516,-97.442729,Super Target Wichita ST-1945,24/7
Wichita Kansas 67206,37.696462,-97.217155,Central - Rock Rd,drive thru;breakfast
Wichita Kansas 67206,37.703522,-97.228982,Dillon Food Store-Wichita #20,breakfast;24/7;cold brew
Wichita Kansas 67207,37.665235,-97.237759,Harry - Rock,24/7;drive thru;breakfast;cold brew
Wichita Kansas 67207,37.667909,-97.229848,Dillon-Wichita #12,drive thru;breakfast
Wichita Kansas 67209,37.670423,-97.443671,Target Wichita T-1943,drive thru;24/7;breakfast
Wichita Kansas 67213,37.678496,-97.344747,Kellogg - West,breakfast;24/7;cold brew;drive thru
Wichita Kansas 67226,37.73774,-97.229965,29th - Rock,cold brew;breakfast;24/7;drive thru
Wichita Kansas 67226,37.748819,-97.23973,Super Target Wichita ST-1944,cold brew
Wildomar California 92595,33.61463,-117.266876,Albertsons - Wildomar #6735,cold brew;drive thru;breakfast
Wildomar California 925957894,33.61235,-117.26207,Clinton Keith Road - Hwy 15  Wildom,24/7;drive thru;breakfast
Wildwood Florida 34785,28.799833,-82.061854,Okahumpka Travel Plaza,drive thru;cold brew
Wildwood Missouri 63040,38.580175,-90.627497,Taylor - Manchester,drive thru;cold brew;breakfast
Williamsburg Virginia 23185,37.265855,-76.700229,FarmFresh-Williamsburg #321,drive thru;cold brew;24/7
Williamsburg Virginia 23185,37.27559,-76.70973,Williamsburg Marketplace,breakfast;24/7;drive thru
Williamsburg Virginia 23185,37.306985,-76.731734,Farm Fresh - Williamsburg #405,24/7;drive thru;cold brew;breakfast
Williamsburg Virginia 23188,37.297254,-76.754918,Farm Fresh-Williamsburg #335,breakfast
Williamsburg Virginia 23188,37.310897,-76.761171,Ukrops - Williamsburg #477,cold brew;breakfast;drive thru
Williamsburg Virginia 23188,37.358064,-76.717841,MarketPlace Shoppes,breakfast
Williamsville New York 14221,42.96283,-78.744904,East View Plaza,drive thru;breakfast
Williamsville New York 14221,42.96283,-78.744904,Williamsville-Dublin-Buffalo,24/7
Willis Texas 77378,30.455083,-95.326413,Kroger-Willis #741,breakfast;drive thru;cold brew
Williston Vermont 05495,44.44721,-73.106579,Maple Tree Place,24/7;cold brew;drive thru
Willoughby Ohio 44084,41.650025,-80.816344,Willoughby,drive thru;cold brew;24/7;breakfast
Willow Grove Pennsylvania 19090,40.144193,-75.11604,Rt. 611 Willow Grove,24/7;cold brew
Willow Grove Pennsylvania 19090,40.148888,-75.115095,Willow Grove Mall,drive thru
Willowbrook Illinois 60527,41.74948,-87.932799,Dominick's-Willowbrook #1121,cold brew;breakfast;24/7;drive thru
Willows California 95988,39.527558,-122.193737,I-5 - Wood - Willows,breakfast;24/7;cold brew;drive thru
Wilmette Illinois 60091,42.072325,-87.761014,Wilmette,cold brew;24/7;breakfast;drive thru
Wilmette Illinois 60091,42.07562,-87.707714,Edens Plaza,24/7;cold brew;drive thru;breakfast
Wilmington Delaware 19803,39.792994,-75.537437,ACME-Wilmington #1274 Alberts #7854,cold brew;breakfast;drive thru;24/7
Wilmington Delaware 19803,39.792994,-75.537437,Target Brandywine T-1146,24/7
Wilmington Delaware 19808,39.72242,-75.661069,Kirkwood Highway (DE),drive thru;cold brew;24/7;breakfast
Wilmington Delaware 19810,39.81207,-75.494349,Marsh - Silverside,cold brew;drive thru
Wilmington North Carolina 28403,34.227595,-77.910034,College Street,drive thru;24/7;breakfast
Wilmington North Carolina 28403,34.227595,-77.910034,Independence Mall,drive thru;24/7
Wilmington North Carolina 28403,34.231237,-77.805114,Landfall,cold brew;drive thru;breakfast
Wilmington North Carolina 28405,34.262825,-77.869679,Mayfaire Towne Centre,cold brew;24/7
Wilsonville Oregon 97070,45.298905,-122.774044,Boones Ferry - Wilsonville,24/7;cold brew;drive thru;breakfast
Wilsonville Oregon 97070,45.303783,-122.750699,Wilsonville,drive thru;24/7;cold brew
Wilsonville Oregon 97070,45.30634,-122.769089,SW Elligsen - I-5,24/7;drive thru
Wilton Connecticut 06897,41.179095,-73.404789,Wilton(River Road),24/7;breakfast;drive thru
Winchester Massachusetts 01890,42.453299,-71.136171,Winchester,cold brew;drive thru;24/7
Windsor California 95492,38.545414,-122.815552,Windsor,breakfast;drive thru;cold brew;24/7
Windsor California 95492,38.547755,-122.818894,Safeway - Windsor #1434,cold brew
Windsor Colorado 80550,40.47536,-104.906019,King Soopers-Windsor #104,breakfast;24/7
Windsor Colorado 80550,40.478525,-104.901424,Safeway-Windsor,breakfast;drive thru;24/7;cold brew
Windsor Locks Connecticut 06096,41.929688,-72.631304,Windsor Locks,cold brew;breakfast;24/7;drive thru
Windsor Ontario N8W 3T5,42.251869,-82.96274,Walker Road - Windsor - D T,breakfast
Windsor Ontario N8X 3Y8,42.294231,-83.016165,Devonshire Mall Chapters Windsor,24/7;breakfast
Windsor Ontario N9A 4J4,42.31782,-83.033914,University - Ouellette - Windsor,breakfast;cold brew;24/7;drive thru
Windsor Ontario N9G 1X2,42.31782,-83.033914,Windsor South CTC - D T,drive thru;breakfast;24/7;cold brew
Winnetka Illinois 60093,42.101125,-87.77055,Winnetka,24/7;breakfast
Winston-Salem North Carolina 27101,36.0996,-80.241094,Embassy Suites Winston-Salem,drive thru;breakfast;24/7;cold brew
Winston-Salem North Carolina 27103,36.02536,-80.359969,Stratford Road,cold brew;24/7;breakfast
Winston-Salem North Carolina 27103,36.062511,-80.308405,Hanes Mall Blvd.,drive thru
Winston-Salem North Carolina 27104,36.11151,-80.282562,Harper Hill Common,drive thru
Winston-Salem North Carolina 27106,36.128368,-80.311737,Mt. Tabor Place,24/7;cold brew;breakfast
Winter Park Colorado 80482,39.891255,-105.763859,Intrawest-Winter Park,cold brew;24/7;breakfast;drive thru
Winter Park Florida 32789,28.579355,-81.346269,Winter Park Terrace,drive thru
Winter Park Florida 32789,28.600633,-81.350942,400 Park Avenue,24/7;breakfast
Winter Park Florida 32792,28.60891,-81.301664,Aloma Ave - Lakemont Rd,breakfast;drive thru
Winter Park Florida 32792,28.60891,-81.301664,Target Orlando Winter Park T-2032,cold brew;24/7
Winter Springs Florida 32708,28.644305,-81.267249,Willasprings,breakfast;cold brew;drive thru;24/7
Wixom Michigan 46545,41.67875,-86.165669,Meijer-Wixom #122,cold brew;drive thru
Woburn Massachusetts 01801,42.479195,-71.150604,Woburn Plaza,24/7
Woburn Massachusetts 01801,42.498974,-71.122381,Woburn  West Cummings Park,drive thru;cold brew;24/7
Woburn Massachusetts 01808,42.479195,-71.150604,Woburn  Commerce Way,cold brew
Wood Village Oregon 97060,45.531877,-122.421916,Fred Meyer-Wood Village #660,drive thru;24/7;cold brew;breakfast
Woodbridge Connecticut 06525,41.354165,-73.013554,Woodbridge-Merritt Parkway,cold brew;drive thru;breakfast;24/7
Woodbridge Illinois 60517,41.750895,-88.028039,Seven Bridges (Route 53 - Hobson),breakfast;drive thru
Woodbridge New Jersey 07095,40.554287,-74.272833,Woodbridge,cold brew;24/7
Woodbridge New Jersey 07095,40.55552,-74.276064,Grover Cleveland Travel Plaza,24/7;breakfast;cold brew
Woodbridge New Jersey 07095,40.55552,-74.276064,The Great Indoors-Woodbridge,breakfast;drive thru
Woodbridge New Jersey 07095,40.55552,-74.276064,Thomas Edison Travel Plza,drive thru
Woodbridge New Jersey 07095,40.559825,-74.303759,Rt. 1 North Woodbridge,drive thru;breakfast;24/7
Woodbridge Ontario L4H 1A6,43.827131,-79.586858,Woodbridge Chptrs,cold brew;24/7;drive thru;breakfast
Woodbridge Ontario L4L 9R8,43.785066,-79.592159,Weston Rd - Rutherford,cold brew;drive thru
Woodbridge Virginia 22192,38.674916,-77.307612,Parkway Crossings East,cold brew
Woodbridge Virginia 22192,38.674916,-77.307612,Safeway-Woodbridge #1298,cold brew;breakfast;24/7
Woodburn Oregon 97071,45.145516,-122.852565,Safeway-Woodburn #1976,cold brew;drive thru
Woodburn Oregon 97071,45.151302,-122.884304,111 Arney Road,breakfast;drive thru;24/7
Woodbury Minnesota 55125,44.913113,-92.934164,Kowalski - Woodbury,24/7
Woodbury Minnesota 55125,44.919876,-92.940617,Tamarack Village-Woodbury,breakfast;drive thru;24/7;cold brew
Woodbury Minnesota 55125,44.919876,-92.940617,Woodbury Lakes-Lifestyle Center,breakfast
Woodbury Minnesota 55125,44.919876,-92.940617,Woodbury Village,cold brew;drive thru;breakfast
Woodbury New York 11797,40.818732,-73.457379,Woodbury Commons,24/7;cold brew;drive thru
Woodhaven Michigan 48183,42.13637,-83.218748,Target Woodhaven T-923,24/7
Woodinville Washington 98072,47.753405,-122.170804,Safeway-Woodinville #533,24/7
Woodinville Washington 98072,47.75448,-122.157124,Woodinville Haggens,breakfast;drive thru
Woodinville Washington 98072,47.75448,-122.157124,Woodinville II,drive thru;breakfast
Woodinville Washington 98072,47.780257,-122.145903,Woodinville,cold brew;24/7;drive thru;breakfast
Woodland California 95688,38.38277,-121.98558,Gibson - Pioneer - Woodland,24/7;breakfast;cold brew
Woodland California 95695,38.668966,-121.872372,West Main - Hwy 16 - Woodland,breakfast;24/7
Woodland California 957764905,38.67511,-121.746727,421 Pioneer Avenue,24/7
Woodland Hills California 91364,34.143065,-118.602279,Woodland Hills,cold brew
Woodland Hills California 91364,34.15698,-118.600719,Taft Plaza - Woodland Hills,24/7;cold brew
Woodland Hills California 91364,34.15698,-118.600719,Target Woodland Hills T-288,cold brew;drive thru
Woodland Hills California 913642734,34.15765,-118.613792,Vons-Woodland Hills #2031,breakfast
Woodland Hills California 91367,34.174916,-118.590757,Marriott Warner Center Lobby,drive thru
Woodland Hills California 91367,34.17698,-118.617854,Victory - Canoga - Woodland Hills,24/7;breakfast;cold brew
Woodland Park Colorado 80863,39.00384,-105.069439,Safeway-Woodland Park #1578,24/7;breakfast
Woodland Park Colorado 80866,38.986895,-105.050134,Woodland Park,drive thru;cold brew;breakfast;24/7
Woodmere Ohio 44122,41.486345,-81.500844,Woodmere,24/7;cold brew;breakfast;drive thru
Woodridge Illinois 60517,41.74763,-88.043992,Target Woodridge T-866,24/7;breakfast
Woodridge Illinois 60517,41.750895,-88.028039,Woodgrove Festival Shopping Center,drive thru;24/7
Woodside New York 11354,40.763585,-73.830029,Tower Square,24/7;drive thru;cold brew;breakfast
Woodstock Georgia 30189,34.11776,-84.567462,Super Target Woodstock ST-1780,breakfast;drive thru
Woodstock Georgia 30189,34.128663,-84.577749,Towne Lake Parkway,cold brew;breakfast;24/7
Woodstock Illinois 60098,42.302765,-88.352727,Woodstock Square,breakfast;cold brew
Woonsocket Rhode Island 02895,41.983839,-71.482797,Woonsocket,breakfast;cold brew;24/7;drive thru
Worcester Massachusetts 01605,42.271895,-71.796664,Worcester  East Central Street,drive thru;24/7;breakfast
Worcester Massachusetts 01605,42.271895,-71.796664,Worcester  One West Boylston Street,cold brew;breakfast;drive thru
Worthington Ohio 43085,40.120765,-82.978864,High St - Worthington Rebuild,breakfast
Worthington Ohio 43214,40.05183,-83.020064,Target Worthington T-1978,drive thru
Wyckoff New Jersey 07481,41.00574,-74.174234,Wyckoff,breakfast
Wynnewood Pennsylvania 19096,40.001985,-75.264814,Genuardi-Wynnewood #3038,drive thru;breakfast
Yakima Washington 98902,46.59499,-120.533004,Safeway - Yakima #1235,drive thru;24/7
Yakima Washington 98902,46.59499,-120.533004,Safeway - Yakima #462,drive thru;24/7;breakfast
Yakima Washington 98902,46.59499,-120.533004,Safeway-Yakima #1660,breakfast
Yakima Washington 98903,46.55666,-120.475334,Top Foods - Yakima,cold brew;24/7
Yakima Washington 98903,46.55666,-120.475334,Valley Mall-Yakima,cold brew;24/7;drive thru
Yakima Washington 98908,46.593014,-120.682068,72nd - Tieton,cold brew
Yakima Washington 98908,46.604895,-120.562039,North 40th - River Rd - Yakima,24/7;cold brew
Yakima Washington 98908,46.60807,-120.612169,Safeway-Yakima #502,cold brew;drive thru;breakfast;24/7
Yakima Washington 98908,46.633689,-120.588554,Chalet Mall,breakfast;drive thru
Yankton South Dakota 57078,42.87179,-97.397054,Hy Vee Foods-Yankton,cold brew;drive thru;breakfast
Yardley Pennsylvania 19067,40.224175,-74.841845,Oxford Oaks,24/7;breakfast;drive thru
Yardley Pennsylvania 19067,40.224175,-74.841845,Yardley,drive thru;breakfast
Yardville New Jersey 08620,40.180765,-74.664644,Woodrow Wilson Travel Plaza - N6,breakfast;24/7;drive thru;cold brew
Yelm Washington 98597,46.907194,-122.562589,Safeway-Yelm #1619,breakfast;cold brew;24/7
Yonkers New York 10710,40.964999,-73.844521,Yonkers,breakfast;24/7;drive thru;cold brew
Yorba Linda California 92827,33.890247,-117.828659,Yorba Linda - Valley View  Yorba Li,drive thru;24/7
Yorba Linda California 92886,33.89117,-117.824319,Eastlake Village - Yorba Linda,cold brew;breakfast
York Nebraska 68467,40.821357,-97.600244,York-I-80 - Hwy 81,cold brew;drive thru;breakfast
York Pennsylvania 17402,39.946699,-76.670339,York Marketplace,24/7;drive thru;cold brew;breakfast
York Pennsylvania 17403,39.947913,-76.711415,Target York West T-1875,cold brew;24/7;breakfast;drive thru
Yorktown Heights New York 10598,41.28889,-73.7708,Yorktown,drive thru
Yuba City California 95991,39.118096,-121.621169,Target Yuba City T-318,cold brew
Yuba City California 95991,39.14076,-121.619399,Bogue - Garden Highway - Yuba City,cold brew;breakfast;drive thru
Yuba City California 95991,39.14076,-121.619399,Colusa - Gray - Yuba City,breakfast
Yuba City California 95993,39.11821,-121.638089,Butte House - Stabler - Yuba City,drive thru
Yucaipa California 92399,34.03386,-117.034729,Yucaipa - Oak Glen  Yucaipa,24/7;cold brew;breakfast
Yucca Valley California 922843065,34.132866,-116.404922,Highway 62 - Warren Vista  Yucca Va,cold brew;breakfast
Yuma Arizona 85365,32.678041,-114.540675,Target Yuma T-2083,drive thru;breakfast
Yuma Arizona 85365,32.69869,-114.599829,16th Street - I-8  Yuma,cold brew;drive thru;breakfast;24/7
